title,text,score,upvote_ratio,num_comments,url,subreddit,created_utc,label,label_orig,source
"Daily Crypto Discussion - April 7, 2026 (GMT+0)","**Welcome to the Daily Crypto Discussion thread. Please read the disclaimer and rules before participating.**

 

# Disclaimer:

Consider all information posted here with several liberal heaps of salt, and always cross check any information you may read on this thread with known sources. Any trade information posted in this open thread may be highly misleading, and could be an attempt to manipulate new readers by known ""pump and dump (PnD) groups"" for their own profit. BEWARE of such practices and exercise utmost caution before acting on any trade tip mentioned here.

**Please be careful about what information you share and the actions you take.** Do not share the amounts of your portfolios (why not just share percentage?). Do not share your private keys or wallet seed. Use strong, non-SMS 2FA if possible. Beware of scammers and be smart. Do not invest more than you can afford to lose, and do not fall for pyramid schemes, promises of unrealistic returns (get-rich-quick schemes), and ot",29,0.96,497,https://www.reddit.com/r/CryptoCurrency/comments/1sfbmxf/daily_crypto_discussion_april_7_2026_gmt0/,CryptoCurrency,2026-04-07 23:00:30,1,REAL,reddit_CryptoCurrency
"No reels, just real gains",,1235,0.96,29,https://i.redd.it/zkl3jytiszug1.jpeg,CryptoCurrency,2026-04-13 17:25:27,1,REAL,reddit_CryptoCurrency
"Musician G. Love Loses $424,000 Bitcoin Retirement Fund to Fake Ledger App",,124,0.96,24,https://ourcryptotalk.com/news/g-love-loses-bitcoin-fake-ledger-app,CryptoCurrency,2026-04-14 02:57:46,1,REAL,reddit_CryptoCurrency
They freed a man from death row to run this machine.,"His name is Babak Morteza Zanjani. He embezzled billions from Iran’s national oil company. Convicted. Sentenced to death. Sentence commuted. And in 2025, the Islamic Republic freed him from prison for one purpose: to build the cryptocurrency infrastructure through which the IRGC now launders the revenue from its Strait of Hormuz toll system. The man who stole from the regime was released to steal for it.

Seven jurisdictions. Three blockchains. Two fiat currencies. Zero intervention points after the initial Bitcoin payment clears. The architecture was legislated in Iran’s parliament, codified in the “Strait of Hormuz Management Plan” on March 30, stress-tested across $94 billion, and staffed by a man the regime pulled from death row because he was the only person who knew how to build it.

Trump’s warships catch the ships. Bessent’s GENIUS Act catches the stablecoins. Nobody catches the gap between them. And the man who runs it was already supposed to be dead.",279,0.89,26,https://substack.com/@shanakaanslemperera/note/c-242795093?r=1108pg,CryptoCurrency,2026-04-13 17:56:57,1,REAL,reddit_CryptoCurrency
Trump family deal spree could open door for future presidents to profit from office,,421,0.92,54,https://apnews.com/article/trump-organization-crypto-conflict-eric-deals-863d8850f536df291391e949ba1bc00e,CryptoCurrency,2026-04-13 13:48:04,1,REAL,reddit_CryptoCurrency
"Strategy Buys $1 Billion in Bitcoin, Now Holds 780,897 BTC",,278,0.96,31,https://beincrypto.com/strategy-bitcoin-purchase-1-billion-780897-btc-holdings/,CryptoCurrency,2026-04-13 14:27:51,1,REAL,reddit_CryptoCurrency
"Crypto Hacker Mints $1.1 Billion in Polkadot via Ethereum Bridge, But Can Only Cash Out $237K",,133,0.95,14,https://decrypt.co/364131/crypto-hacker-mints-billion-polkadot-ethereum-bridge-cashes-out-237k,CryptoCurrency,2026-04-13 17:02:18,1,REAL,reddit_CryptoCurrency
"Strategy Buys 13,927 BTC For $1B, Holdings Near 781K BTC as Yield Hits 5.6% YTD",,111,0.92,44,https://coinedition.com/strategy-buys-13927-btc-for-1b-holdings-near-781k-btc-as-yield-hits-5-6-ytd/,CryptoCurrency,2026-04-13 15:31:52,1,REAL,reddit_CryptoCurrency
Crypto investment products post $1.1B inflows in best week since January,,8,0.91,1,https://cryptobriefing.com/crypto-investment-inflows-best-week/,CryptoCurrency,2026-04-14 04:02:27,1,REAL,reddit_CryptoCurrency
How Trump Extracted Over $1 Billion From Crypto For Himself and His Family,,2070,0.96,94,https://dailycryptobriefs.com/news/how-trump-extracted-1-b-dollar-from-crypto/,CryptoCurrency,2026-04-12 21:59:49,1,REAL,reddit_CryptoCurrency
Trump-linked World Liberty Financial borrowed $75 million (in stablecoins) against their own token WLFI from a platform its adviser co-founded. FTX vibes?,,91,0.93,7,https://peakd.com/@vikisecrets/trump-linked-world-liberty-financial-borrowed-dollar75-million-in-stablecoins-against-their-own-token-wlfi-from-a-platform-its,CryptoCurrency,2026-04-13 12:06:20,1,REAL,reddit_CryptoCurrency
"FBI Report: Americans Have Lost $11.4Billion To Crypto Scams In 2025, California Leads At $2.1Billion",,101,0.98,15,https://ourcryptotalk.com/news/fbi-reports-crypto-scams-cost-americans-11-billion-2025,CryptoCurrency,2026-04-13 09:10:17,1,REAL,reddit_CryptoCurrency
Hedera Core developers,,4,0.63,2,https://tokenterminal.com/explorer/projects/hedera/metrics/active-developers?interval=max&amp;granularity=quarter,CryptoCurrency,2026-04-14 01:25:52,1,REAL,reddit_CryptoCurrency
"When in the Course of Crypto Events
A Thesis for the Real Ones","When in the course of crypto events, it becomes necessary for one people to dissolve the speculative bands which have ensnared them  to sever the ties that bind them to the endless churn of manufactured hype, the 48-hour tokens, the influencer-endorsed rugs, the casino masquerading as a financial revolution  and to assume among the participants of this space the separate and equal station of those who actually understand what they are holding and why: a decent respect for the intelligence of their fellow participants requires that they should declare the causes which impel them to this separation. We hold these truths to be self-evident: that not all coins are created equal. That they are not endowed by their deployers with inherent value, utility, or longevity. That among the rights of any rational participant in this space are the right to discernment, the right to conviction, and the unalienable right to HODL.

Prologue: The State of the Space



Let us be honest with each other in ",55,0.91,9,https://www.reddit.com/r/CryptoCurrency/comments/1sk8n52/when_in_the_course_of_crypto_events_a_thesis_for/,CryptoCurrency,2026-04-13 11:57:25,1,REAL,reddit_CryptoCurrency
Crypto exchange Kraken targeted in extortion attempt; says no breach and no funds at risk,,13,0.85,2,https://www.coindesk.com/business/2026/04/13/crypto-exchange-kraken-targeted-in-extortion-attempt-but-says-there-was-no-breach-and-no-client-funds-at-risk,CryptoCurrency,2026-04-13 19:00:59,1,REAL,reddit_CryptoCurrency
Bridged Polkadot Hit by Exploit as 1B DOT Minted and Dumped,,99,0.94,16,https://beincrypto.com/polkadot-exploit-attacker-mints-1b-dot-tokens/,CryptoCurrency,2026-04-13 08:17:53,1,REAL,reddit_CryptoCurrency
2026 Ethereum (ETH) Price Predictions From Prominent Analysts and Institutions,"In previous cycles when Bitcoin went on a strong run, Ethereum and other altcoins usually followed with even bigger gains. But this cycle hasn’t been as consistent. ETH actually lagged behind BTC through most of 2024 and early 2025, only briefly pulling ahead during a summer rally.

Every published ETH target is above its current price, which is either bullish or delusional. What do you think? What is your price target for ETH?

Source: [https://www.coingecko.com/learn/ethereum-eth-price-predictions-expert-forecasts](https://www.coingecko.com/learn/ethereum-eth-price-predictions-expert-forecasts)",55,0.78,29,https://i.redd.it/yz9dgurc0xug1.png,CryptoCurrency,2026-04-13 10:36:16,1,REAL,reddit_CryptoCurrency
Criminals Blackmail Crypto Exchange Kraken Over User Data,,5,0.86,3,https://beincrypto.com/kraken-blackmail-threat-insider-data-access/,CryptoCurrency,2026-04-13 22:49:20,1,REAL,reddit_CryptoCurrency
How do you deal with the stress of watching your portfolio drop?,"I didn’t think I’d react this much emotionally, but even small dips mess with my mood way more than I expected. Like I’ll open my portfolio just to “check real quick” and suddenly I’m staring at it for 20 minutes trying to convince myself not to panic sell. I know in theory it’s all part of the market cycle, but it still feels bad seeing numbers go down, especially when it’s money I actually care about. Do you just get used to it over time, or is there something you actively do to deal with it? Like do you stop checking, set rules, or just mentally detach somehow? Would honestly appreciate any advice because right now it feels way more stressful than it probably should be.",12,0.7,68,https://www.reddit.com/r/CryptoCurrency/comments/1skk4xf/how_do_you_deal_with_the_stress_of_watching_your/,CryptoCurrency,2026-04-13 18:51:05,1,REAL,reddit_CryptoCurrency
Stablecoins processed $28 trillion last year. That is more than twice what Visa moved.,,36,0.85,11,https://stablecoinbrief.substack.com/p/stablecoins-processed-28-trillion?r=bsqyp,CryptoCurrency,2026-04-13 10:49:14,1,REAL,reddit_CryptoCurrency
Any one tried the new Printr ment to be able to make meme coins on any network,"Printr's Proof of Belief update introduces POB staking - a way for creators to prove their commitment, for traders to build belief again, and for believers to earn from their conviction. All verifiable onchain.

When a creator enables POB staking:

100% of custom fees flow to stakers

Creators earn fees by staking alongside their community - same rules as everyone

The staking dashboard shows who’s staked, how much, and for how long

Holders now have a clear incentive to hold.

To celebrate the launch of Printr V2, all point-earning activities below will get a bonus multiplier applied for the first two weeks of launch.",1,1.0,1,https://app.printr.money/,CryptoCurrency,2026-04-14 05:09:47,1,REAL,reddit_CryptoCurrency
DeFi Education: Why most incentive programs fail,"tl;dr - a lot of projects spend a ton of money on mercenary capital and if you don't know this, you can have your yields change dramatically overnight and be in some trouble.



Most people farming DeFi incentives look at APY first. I did too. After a couple of years doing this across multiple chains, I've learned that APY tells you almost nothing about whether an incentive program is worth your time and capital. The metric that actually matters is cost-per-TVL

 **What cost-per-TVL means**

Cost-per-TVL is simple. Take the total dollar value a protocol spends on incentives over a period and divide it by the TVL those incentives attracted. That ratio tells you how efficiently a protocol is buying its liquidity. A high cost-per-TVL means the protocol is overpaying to attract deposits, which usually means those deposits are mercenary and will leave the second rewards dry up. A low cost-per-TVL means the protocol found a way to attract sticky capital without bleeding out its treasury.

On",4,0.75,5,https://www.reddit.com/r/CryptoCurrency/comments/1sklthz/defi_education_why_most_incentive_programs_fail/,CryptoCurrency,2026-04-13 19:48:53,1,REAL,reddit_CryptoCurrency
community-point,This post contains content not supported on old Reddit. [Click here to view the full post](https://sh.reddit.com/r/CryptoCurrency/comments/1skcc54),15,0.57,25,https://www.reddit.com/r/CryptoCurrency/comments/1skcc54/communitypoint/,CryptoCurrency,2026-04-13 14:23:24,1,REAL,reddit_CryptoCurrency
Nikita Bier hints on X that they might launch a cryptocurrency/exchange/wallet,"He posted

&gt;Crypto has had a rough year. Maybe we should launch something to fix it.

Wonder what he's hinting at? A CEX? A crypto project? A wallet integrated into X?

I think it will be interesting to see what they come out with. I know Elon has mentioned on X that he will never launch a crypto project before but who the heck knows. 

I think a CEX/Wallet is the most likely scenario.

source: [https://x.com/nikitabier/status/2043893779552448735](https://x.com/nikitabier/status/2043893779552448735)",0,0.5,3,https://www.reddit.com/r/CryptoCurrency/comments/1skxtkr/nikita_bier_hints_on_x_that_they_might_launch_a/,CryptoCurrency,2026-04-14 04:00:28,1,REAL,reddit_CryptoCurrency
BlackRock Investors Buys $612M in Bitcoin as US-Iran War Escalates,,24,0.77,1,https://coinedition.com/blackrock-buys-612m-in-bitcoin-as-us-iran-war-escalates/,CryptoCurrency,2026-04-13 10:39:46,1,REAL,reddit_CryptoCurrency
"If crypto vanished tomorrow, would onchain platforms still have a future?","Genuine question I've been thinking about while building Sphinx, an onchain commodities platform.

Take away the tokens and speculation. The actual tech is still useful. You still get 24/7 markets, instant settlement, transparent liquidations, and no middlemen eating your margin. None of that breaks if any token goes to zero.

A platform doing perps on oil, gas or wheat feels way closer to a modern version of the CME than a standard DeFi casino. Calling it crypto almost feels wrong.

Curious what you think. Does onchain infrastructure actually have enough value to survive without the speculation? Or is the liquidity just too dependent on crypto money to ever work independently?",30,0.81,27,https://www.reddit.com/r/CryptoCurrency/comments/1sk5c5m/if_crypto_vanished_tomorrow_would_onchain/,CryptoCurrency,2026-04-13 09:01:47,1,REAL,reddit_CryptoCurrency
Justin Sun blasts Trump-backed WLF as ‘personal ATM’ scheme after $75M loan,,140,0.96,21,https://finbold.com/justin-sun-blasts-trump-backed-wlf-as-personal-atm-scheme-after-75m-loan/,CryptoCurrency,2026-04-13 00:06:21,1,REAL,reddit_CryptoCurrency
Banks designed to cut off Iran are accidentally cutting off everyone around Iran instead. Traders are switching to USDT,,18,0.73,5,https://dailycoinpost.com/iran-war-commodity-traders-debanked-stablecoins-settlement-2026/,CryptoCurrency,2026-04-13 10:57:52,1,REAL,reddit_CryptoCurrency
"Was WLFI ever really decentralized, or is the Justin Sun fallout just exposing the obvious?","The Justin Sun conflict feels less like random crypto drama and more like a stress test showing what WLFI actually is under pressure.

Once accusations around blacklist functionality, legal threats, locked supply, governance control, and leverage all start appearing at the same time, it stops looking like normal project noise.

It starts looking like the structure may have been fragile from the beginning.

That’s the part I find most interesting.

A lot of projects look decentralized when sentiment is good and everyone involved is aligned. The real test only comes when incentives break, trust disappears, and large players start turning on each other.

Was WLFI ever a serious decentralized project, or was it always just a setup that only worked as long as nobody pulled in opposite directions?",7,0.74,12,https://websnack.org/news/wlfi-sues-justin-sun-apr-2026,CryptoCurrency,2026-04-13 16:02:02,1,REAL,reddit_CryptoCurrency
Crypto scam warning Call and waste their time,"I received a scam text message stating the following. 

Your Cold Wallet

API is now

connected to your

crypto.com, If

this was NOT you,

cancel by calling

us at +1 (888)

894-9326

I just thought i should share this. if you call

this number you will get ahold of a man claiming to

be Austin Steven's with crypto.com fraud

department. he will try to get information about if

you use cold storage as well as how much crypto

you hold and on what exchanges or cold storage

your using. he told me there was an unauthorized

withdraw from my account and that he would

forward me to my other exchanges fraud

department.

Please call this 888 number and waste their time.

also ridicule them about ruining lives for a living.

thanks for your time.",4,0.65,7,https://www.reddit.com/r/CryptoCurrency/comments/1skd1mw/crypto_scam_warning_call_and_waste_their_time/,CryptoCurrency,2026-04-13 14:48:36,1,REAL,reddit_CryptoCurrency
I couldn't find good data on Iran's Bitcoin toll at Hormuz so I built a dashboard to track it,"**⚠ Note:** This is a public data model/estimator, not a blockchain tracker. All BTC figures are calculated from public sources (AIS vessel data, EIA oil statistics, reported toll rates from Bloomberg/FT/TRM Labs). No actual IRGC wallet addresses are tracked. Full methodology: \[methodology tab on the dashboard\]

been following the hormuz situation and kept seeing claims about iran collecting btc from oil tankers.. couldn't find any solid numbers so i just built something to estimate it

[https://straitwatch.lovable.app](https://straitwatch.lovable.app/)

what it shows right now:

* 182 vessels tracked in the region
* estimated \~₿475/day collected via the toll — based on AIS vessel data and bloomberg/ft reporting, not actual blockchain data
* 5 OFAC sanctioned ships active in the corridor
* war premium model sitting at $9.88/barrel = roughly $170M/day extra cost globally

in 12 days since april 1 the model estimates ₿4,530 accumulated.. that's equivalent to 10 days of global bitcoin ",489,0.9,111,https://www.reddit.com/gallery/1sjfmc8,CryptoCurrency,2026-04-12 14:12:25,1,REAL,reddit_CryptoCurrency
Viktor Orbán Falls and Hungary’s Crypto Crackdown May Go With Him,,50,0.92,2,https://beincrypto.com/hungarys-viktor-orban-europes-crypto/,CryptoCurrency,2026-04-13 02:21:22,1,REAL,reddit_CryptoCurrency
ECB Sets Cautious Path for Tokenized Capital Markets in New Bulletin,,0,0.5,0,https://cointelegraph.com/news/ecb-tokenized-eu-markets-central-bank-money-anchor,CryptoCurrency,2026-04-13 22:52:56,1,REAL,reddit_CryptoCurrency
Philadelphia Musician G. Love Loses $424K in Bitcoin to Fake Ledger App on Apple App Store,,220,0.96,39,https://cryip.co/g-love-bitcoin-loss-fake-ledger-app-store-scam/,CryptoCurrency,2026-04-12 16:41:27,1,REAL,reddit_CryptoCurrency
"Sun Blasts Trump-Backed WLFI Over Risky $261mn Borrow, Centralized Controls",,10,0.86,3,https://www.sandmark.com/news/top-news/sun-blasts-trump-backed-wlfi-over-risky-261mn-borrow-centralized-controls?utm_medium=referral&amp;utm_source=redbot&amp;utm_campaign=redbot-ww-en-brand,CryptoCurrency,2026-04-13 08:22:26,1,REAL,reddit_CryptoCurrency
"Who's enjoying the Bull? $75,000 next!",,0,0.44,18,https://i.redd.it/mlx72wtqc3vg1.png,CryptoCurrency,2026-04-14 05:24:27,0,FAKE,reddit_CryptoCurrency
🔔 MoneroRun 2026 on April 18th - Public audit of XMR reserves,,6,0.75,2,/r/Monero/comments/1sj5oqe/monerorun_2026_on_april_18th_public_audit_of_xmr/,CryptoCurrency,2026-04-13 10:29:09,1,REAL,reddit_CryptoCurrency
"Tron’s Justin Sun slams Trump-backed WLFI for treating users as ""personal ATM"" after $75 Million DeFi loan",,206,0.94,18,https://www.coindesk.com/markets/2026/04/12/tron-s-justin-sun-slams-trump-backed-wlfi-for-treating-users-as-personal-atm-after-usd75-million-defi-loan,CryptoCurrency,2026-04-12 13:28:24,1,REAL,reddit_CryptoCurrency
"ClearBank says it's first Dutch bank with MiCA approval, rolls out EURC, USDC",,2,0.67,1,https://www.coindesk.com/business/2026/04/13/clearbank-secures-mica-approval-targets-circle-euro-dollar-stablecoins-for-institutional-clients,CryptoCurrency,2026-04-13 14:25:20,1,REAL,reddit_CryptoCurrency
Why is there still more Tether on Tron than Ethereum (according to StablecoinWatch)?,"Why is there still more Tether on Tron than Ethereum (according to StablecoinWatch)? 

* $84B USDT on Tron
* $81B USDT on Ethereum

  
It's been like this for a long time now, but are people really using Tron still? I don't know, it just seems strange to me that most of the largest stablecoin in the world is on a relatively low-tier blockchain.

Anyone know what's really going on here? Do you guys use Tron? Do you use USDT on the Tron blockchain? Something just doesn't seem right to me about this.",2,0.67,4,https://stablecoinwatch.com/coins/tether,CryptoCurrency,2026-04-13 13:55:42,1,REAL,reddit_CryptoCurrency
"Are crypto markets pricing technology, ideology, or pure speculation?",,6,0.67,11,https://ecency.com/hive-167922/@badbitch/are-crypto-markets-pricing-technology-ideology-or-pure-speculation-3px,CryptoCurrency,2026-04-13 04:41:58,1,REAL,reddit_CryptoCurrency
"What is the ""safest"" cryptocurrency?","Hi, I'm new to all this crypto stuff, I dont know jack shit lmao

Right now Im just lookiin for a place to deposit my money or part of it.

By safest I mean that It maintains its value consistently, im not concerned of how much it raises value as im concerned about how much it DOESNT lose its value in a long term, and if it does, minimal if possible

  
Also I would like to know what wallet/app do yall guys recommend to use for this purpose

  
Also what physical crypto wallet do yall recommend me to use?

  
Any other advice or tips u can give me are more than welcome, just be honest and kind, Im a beginner after all",0,0.37,29,https://www.reddit.com/r/CryptoCurrency/comments/1sktarz/what_is_the_safest_cryptocurrency/,CryptoCurrency,2026-04-14 00:37:05,0,FAKE,reddit_CryptoCurrency
BTC vs ETH vs XRP: Which Crypto Shows the Strongest Bullish Signals in April 2026?,,0,0.5,10,https://coinedition.com/btc-vs-eth-vs-xrp-which-crypto-shows-the-strongest-bullish-signals-in-april-2026/,CryptoCurrency,2026-04-13 13:34:03,1,REAL,reddit_CryptoCurrency
"Justin Sun Slams WLFI Over Token Lockups, Gets Legal Threat in Response",,26,0.86,8,https://cointelegraph.com/news/justin-sun-wlfi-platform-lawsuit,CryptoCurrency,2026-04-12 19:29:50,1,REAL,reddit_CryptoCurrency
"There’s a Way to Make Bitcoin Safe From Quantum Without a Fork, Researchers Say",,41,0.85,7,https://decrypt.co/364092/quantum-safe-bitcoin-transactions-without-fork,CryptoCurrency,2026-04-12 16:00:20,1,REAL,reddit_CryptoCurrency
Need help with TRC20 transfer.,"I am trying to transfer money to a relative in the Middle East, but he says he can only receive it through the TRC20 network. I have never used Bitcoin, crypto, or anything like that before, so I am pretty confused about how this works.

From what I understand, TRC20 is related to Tron, but I do not know if that means I need to buy Tron itself or if I can send something like USDT using the TRC20 network. I am in the U.S., if that makes any difference.

I installed the Kast app because it was recommended to me, but I do not see any option for the Tron or TRC20 network in the app. Am I using the wrong app, or am I missing something?

Can someone explain in simple terms what I actually need to do, what app or exchange I should use, and how to avoid sending the money the wrong way and losing it?",3,0.64,30,https://www.reddit.com/r/CryptoCurrency/comments/1sjvuuv/need_help_with_trc20_transfer/,CryptoCurrency,2026-04-13 00:45:49,1,REAL,reddit_CryptoCurrency
Ethereum About To Turn? Death Cross Says Bottom Is Closer Than You Think,,0,0.31,3,https://www.newsbtc.com/news/ethereum/ethereum-about-to-turn/,CryptoCurrency,2026-04-13 18:07:55,0,FAKE,reddit_CryptoCurrency
Live updates: Vance says talks with Iran have ended without an agreement,,199,0.93,80,https://apnews.com/live/iran-war-israel-trump-04-11-2026,CryptoCurrency,2026-04-12 02:57:01,1,REAL,reddit_CryptoCurrency
Ray Dalio issues economic “war thesis” showing dollar-debasement against Bitcoin,,57,0.93,5,https://cryptoslate.com/ray-dalio-issues-economic-war-thesis-showing-dollar-debasement-against-bitcoin/,CryptoCurrency,2026-04-12 08:11:56,1,REAL,reddit_CryptoCurrency
The One Thing Every New Trader Should Learn First,,0,0.25,1,/r/Futuresmove/comments/1sk518x/the_one_thing_every_new_trader_should_learn_first/,CryptoCurrency,2026-04-13 08:45:25,0,FAKE,reddit_CryptoCurrency
"FTC just sent warning letters to PayPal, Stripe, Visa, and Mastercard over debanking","So the FTC literally just sent warning letters to PayPal, Stripe, Visa, AND Mastercard in the same week asking them to explain why they keep cutting people off from digital payments with zero explanation. Like think about that for a second. Four companies. Four. That’s the entire architecture of how money moves in this country and apparently the government just now realized that maybe letting a handful of Silicon Valley suits decide who gets to participate in the economy based on vibes is a bad idea. The debanking thing isn’t even a conspiracy theory anymore it’s just a federal investigation now, which somehow makes it both more reassuring and way more terrifying at the same time.

The crazy part is we built this whole “cashless future” on infrastructure that can just quietly exclude you and never has to say why. No cash, no privacy, no recourse. Your Stripe account gets flagged, your PayPal gets frozen, and now what you just don’t exist economically? People been saying for years that ",589,0.94,112,https://www.reddit.com/r/CryptoCurrency/comments/1siqeyb/ftc_just_sent_warning_letters_to_paypal_stripe/,CryptoCurrency,2026-04-11 18:12:04,1,REAL,reddit_CryptoCurrency
[GIVEAWAY] Tendies 🦖,This post contains content not supported on old Reddit. [Click here to view the full post](https://sh.reddit.com/r/CryptoCurrency/comments/1skcber),0,0.32,3,https://www.reddit.com/r/CryptoCurrency/comments/1skcber/giveaway_tendies/,CryptoCurrency,2026-04-13 14:22:37,0,FAKE,reddit_CryptoCurrency
Bhutan Offloads 70% of Its Bitcoin Stash as Mining Activity Dries Up,,273,0.96,26,https://beincrypto.com/bhutan-bitcoin-sell-off-mining-halted/,CryptoCurrency,2026-04-11 19:39:47,1,REAL,reddit_CryptoCurrency
Bitcoin is the Center of the Crypto Universe,"Bitcoin is like the sun, with the lesser planets just orbiting around it, with the life forms in them (the users of said planets) relying on the sunlight (proof of work) to sustain life. The reason no other proof of work network has managed to take off the way Bitcoin has, is because in a proof-of-work network miners must choose which network to contribute their real world electricity to. Miners have chosen to contribute their work to bitcoin. now all the supporting networks like ethereum and all the other minor blockchains in the crypto universe orbit Bitcoin and support it because without Bitcoin they are absolutely nothing. there's only room for one proof of work Network. that's why all the major orbiting networks are proof of stake etc. Bitcoin is the only Network where real world electricity is deems worth using to secure it on a global scale. Proof of work is a winner takes all proposition, and the world has decided which protocol is worth contributing work to. Bitcoin.

with tha",3,0.54,17,https://www.reddit.com/r/CryptoCurrency/comments/1sjn6yl/bitcoin_is_the_center_of_the_crypto_universe/,CryptoCurrency,2026-04-12 18:58:30,1,REAL,reddit_CryptoCurrency
"BTC, ETH, XRP fall as U.S., Iran negotiators fail to reach war resolution",,50,0.84,15,https://www.coindesk.com/markets/2026/04/11/bitcoin-and-other-cryptos-fall-as-u-s-iranian-negotiators-fail-to-reach-war-resolution,CryptoCurrency,2026-04-12 02:29:19,1,REAL,reddit_CryptoCurrency
"Satirical Post On Trump Family's Memecoin Money, Crypto Presidential Pardons And WLFI Goes Viral",,23,0.88,2,https://ourcryptotalk.com/news/peter-girnus-satirical-post-trump-witkoff-crypto-conflicts-goes-viral,CryptoCurrency,2026-04-12 03:55:39,1,REAL,reddit_CryptoCurrency
CLARITY Act Is Almost Done After House Win as Senate Vote Nears,,80,0.86,21,https://dailycryptobriefs.com/news/clarity-act-senate-vote-nears-house-win/,CryptoCurrency,2026-04-11 20:59:46,1,REAL,reddit_CryptoCurrency
Best Multichain DEX to swap BTC to USDT?,"Title says it all. Is there any decentralized exchanges where I can swap BTC for USDT and vice versa? Only dexs I’ve found so far are chain specific like Uniswap for USDT and Jupiter for Solana.

I’m trying to move away from centralised exchanges, and the one thing I’m missing is a DEX where you can trade/ swap Bitcoin.

Would be great to hear if there’s any good solutions out there that enables this.

And I’m not looking for peer to peer or in person trading, ideally a set up where you can simply swap USDT for BTC.",22,0.88,14,https://www.reddit.com/r/CryptoCurrency/comments/1sj1hz9/best_multichain_dex_to_swap_btc_to_usdt/,CryptoCurrency,2026-04-12 01:57:25,1,REAL,reddit_CryptoCurrency
Trump Family just rugpulled $150 Million from the Dolomite lending platform - using a deposit of their illiquid WLFI from their treasury causing users to be unable to recover their funds they 'staked for yield',"WLFI the Trump family Crypto 'project' just lent WLFI tokens ""currently valued"" at \~$440M from their treasury, but there is obviously not enough liquidity to sell that many tokens so if they tried to sell the value would obviously crash. They then used the valued of their treasury tokens to pull $150M tokens from the platform, causing the platform to hold 50% of the value in WLFI. Users obviously seeing this as a major red flag are trying to get out and have reported either being unable to or having a hard time getting their funds back that they were 'staking for yield'. 

Also worth noting the co founder of Dolemite is also a co founder of WLFI, raising serious concerns of the team performing an exit scam on Dolemite yield farmers

[https://www.cryptotimes.io/2026/04/10/wlfi-borrows-150m-usdc-on-dolomite-while-team-defends-the-move/](https://www.cryptotimes.io/2026/04/10/wlfi-borrows-150m-usdc-on-dolomite-while-team-defends-the-move/)

Has more details.",2784,0.96,251,https://i.redd.it/teb403bj3gug1.png,CryptoCurrency,2026-04-10 23:30:26,1,REAL,reddit_CryptoCurrency
Iran creates the first Bitcoin Tollbooth,,194,0.9,32,https://peakd.com/hive-126009/@shortsegments/iran-creates-the-first-bitcoin-tollbooth-gap,CryptoCurrency,2026-04-11 13:49:13,1,REAL,reddit_CryptoCurrency
Casinos are now looking at integrating prediction markets. Will prediction markets soon need gambling licenses?,"Hey all, I was looking on X and came across a post discussing a new casino that is launching with first ever prediction market built inz, here is a link to the site: https://bitcoincasino.com/ 

Really when thinking about it these prediction markets are really just gambling.  I assume if this were to happen will prediction markets like poly / kalshi eventually need a gambling license? When you look at the product it’s very much a gambling product. 

How long do you think until prediction markets will need specialised gambling licenses? ",4,0.58,4,https://www.reddit.com/r/CryptoCurrency/comments/1sja00r/casinos_are_now_looking_at_integrating_prediction/,CryptoCurrency,2026-04-12 09:35:07,1,REAL,reddit_CryptoCurrency
Need help withdrawing money on the app “moonshot”,I already regret using this app i used it like 6 months ago. i have around 200 usd i am trying to get out of it though. the only thing im nervous about is should i trust giving them my social security number? it requires my ssn to withdraw the money. Has anyone else had success withdrawing money on this app? please let me know. Also don’t use this app if your considering it it’s really hard to actually earn money. App is called moonshot. Also in general do most cryptos require a ssn? i’m new to crypto ,0,0.33,15,https://www.reddit.com/r/CryptoCurrency/comments/1sjvzjx/need_help_withdrawing_money_on_the_app_moonshot/,CryptoCurrency,2026-04-13 00:51:52,0,FAKE,reddit_CryptoCurrency
The WLFI team’s response to a 12% crash was “we’ll add more collateral” but where is it coming from?,So World Liberty Financial just dropped 12% to record lows and the team’s official response to questions about their multi-million dollar lending position was essentially “we’ll just add more collateral if things go bad” which is the crypto equivalent of saying “don’t worry we’ll figure it out” while the building is on fire. This is the same project that had Eric Trump on stage promising DeFi for the people. The same one that counted foreign heads of state buying tokens as a feature not a bug? And where exactly is the collateral going to come from?,38,0.88,32,https://www.reddit.com/r/CryptoCurrency/comments/1siqy5k/the_wlfi_teams_response_to_a_12_crash_was_well/,CryptoCurrency,2026-04-11 18:32:10,1,REAL,reddit_CryptoCurrency
Trump-backed WLFI token drops 12% to record lows after team defends multi-million lending position,,163,0.96,22,https://www.coindesk.com/markets/2026/04/10/trump-backed-wlfi-token-drops-12-to-record-lows-after-team-defends-multi-million-lending-position,CryptoCurrency,2026-04-11 08:56:51,1,REAL,reddit_CryptoCurrency
Talking Jack Dorsey + Bitcoin,,0,0.19,11,https://youtu.be/lagNp7M2uHA,CryptoCurrency,2026-04-13 02:55:22,0,FAKE,reddit_CryptoCurrency
"Over 20,000 crypto fraud victims identified in international crackdown",,15,0.81,2,https://www.bleepingcomputer.com/news/security/police-identifies-20-000-victims-in-international-crypto-fraud-crackdown/,CryptoCurrency,2026-04-11 18:53:37,1,REAL,reddit_CryptoCurrency
Reddit Avatars 2022 vs Now,,24,0.74,33,https://www.reddit.com/gallery/1simywa,CryptoCurrency,2026-04-11 16:04:13,1,REAL,reddit_CryptoCurrency
WLFI drops 15% to all-time lows after World Liberty Financial's $75M borrowing move,,31,0.88,5,https://www.reddit.com/gallery/1sihh0w,CryptoCurrency,2026-04-11 12:14:21,1,REAL,reddit_CryptoCurrency
"Just set up two old laptops to mine. I only have 20 bucks, looking for advice on how to grow it.","I’m 17 and just getting into crypto. I’m trying to do everything the right way from the start. I’m avoiding exchanges and keeping everything on my own device with a non-custodial wallet (no cloud stuff).

I’m starting with Monero because I care about the privacy side of things. I’ve got two old laptops running Arch. their mining right now, but I know the hardware is pretty weak so it’s going to take forever to see any real results.

I’ve only got about 20 bucks to start with, and I’m worried about fees eating half of that if I try to move it around or trade.

I’m looking for some actual advice:

1. Since I’m a teenager and can’t use big sites like Coinbase, what’s the best way for me to grow this 20 without getting scammed?
2. Besides Monero, what other projects should I be looking into that actually have good tech and aren't just hype?

I'm not expecting to get rich overnight, I just want to learn how this works while I'm still young. Any tips would be appreciated.",0,0.33,35,https://www.reddit.com/r/CryptoCurrency/comments/1sjo7ui/just_set_up_two_old_laptops_to_mine_i_only_have/,CryptoCurrency,2026-04-12 19:36:19,0,FAKE,reddit_CryptoCurrency
What is happening to Enjin that’s causing this to do exactly the opposite to 99% of the market??,,0,0.29,3,/r/EnjinCoin/comments/1sjijrg/what_is_happening_thats_causing_this_to_do/,CryptoCurrency,2026-04-12 16:06:45,0,FAKE,reddit_CryptoCurrency
The Hormuz Paywall: How a Sanctioned Nation Just Cornered the Bitcoin Market,,66,0.81,14,https://www.linkedin.com/pulse/hormuz-paywall-how-sanctioned-nation-just-cornered-bitcoin-saurel-unkcf/,CryptoCurrency,2026-04-11 06:54:05,1,REAL,reddit_CryptoCurrency
"Over 20,000 Bitcoin millionaires lost in Q1 2026",,15,0.74,5,https://finbold.com/over-20000-bitcoin-millionaires-lost-in-q1-2026/,CryptoCurrency,2026-04-11 13:58:42,1,REAL,reddit_CryptoCurrency
Don't Be Exit Liquidity'—Trump's WLFI Borrows $75M On Own Token,,107,0.94,22,https://www.forbes.com/sites/digital-assets/2026/04/10/dont-be-exit-liquidity-trumps-wlfi-borrows-75m-on-own-token/,CryptoCurrency,2026-04-11 03:02:28,1,REAL,reddit_CryptoCurrency
White House: Stablecoin Yield Ban Costs More Than It Saves,,39,0.91,10,https://bfmtimes.com/white-house-stablecoin-yield-ban-negligible-impact/,CryptoCurrency,2026-04-11 08:06:17,1,REAL,reddit_CryptoCurrency
"Bitcoin Reclaims $73,000 Mark But Traders Remain Unconvinced – Details",,6,0.62,6,https://www.newsbtc.com/news/bitcoin/bitcoin-reclaims-73000-mark-but-traders-remain-unconvinced-details/,CryptoCurrency,2026-04-11 17:33:31,1,REAL,reddit_CryptoCurrency
Trump's Crypto Project Just Borrowed $50 Million Against Its Own Token and Broke the Lending Pool,,658,0.96,54,https://dailycoinpost.com/trumps-crypto-project-just-borrowed-50-million-against-its-own-token-and-broke-the-lending-pool/,CryptoCurrency,2026-04-10 16:00:18,1,REAL,reddit_CryptoCurrency
Mixero Adds Ricochet to Strengthen Bitcoin Transaction Privacy,,4,0.75,0,https://beincrypto.com/mixero-ricochet-bitcoin-privacy/,CryptoCurrency,2026-04-11 20:11:33,1,REAL,reddit_CryptoCurrency
France pulls all gold out of US Federal Reserve,,3833,0.97,185,https://www.newsweek.com/france-pulls-all-gold-out-of-us-federal-reserve-11792591,CryptoCurrency,2026-04-10 05:20:44,1,REAL,reddit_CryptoCurrency
Am I the only one who ignored the basics when getting into crypto?,"When I first got into crypto, I went straight into trading.

Charts, setups, trying to understand price action… basically everything except how the system actually works.

And at the time, it didn’t feel like a problem.

I knew how to use exchanges, move funds, and follow the market. That felt like enough.

But the longer I stayed in it, the more I realized I didn’t really understand what I was interacting with.

Things like what a wallet actually is, what a private key represents, or what “owning” crypto really means.

I kind of knew the terms, but not in a way where I could clearly explain them.

I ended up picking up Crypto for Dummies: A Beginner’s Guide to Bitcoin, Blockchain, and Not Losing Your Mind (or Your Money) mostly to fill that gap.

It’s obviously written as an intro, so I expected it to be too basic, but it actually helped connect a few things that were scattered in my head.

Not in a “this changed everything” way, just in a way where things started making more sense to",16,0.73,32,https://www.reddit.com/r/CryptoCurrency/comments/1sifoni/am_i_the_only_one_who_ignored_the_basics_when/,CryptoCurrency,2026-04-11 10:41:17,1,REAL,reddit_CryptoCurrency
Have you ever sent crypto to the wrong blockchain by mistake? This gap in wallet security costs millions every year,"Cross-chain address mistakes are one of the most silent and permanent fund losses in crypto. You paste a Solana address while on Ethereum, or a Bitcoin address on BNB Chain. The address isn't flagged as malicious — because it isn't. It just belongs to a different network. Funds gone forever, no recourse.

What's surprising is that no major wallet security tool catches this. Blacklist scanners, phishing detectors, contract analyzers — none of them check address format compatibility across chains. They only check if an address is *malicious*, not if it's on the *wrong chain*.

I built a MetaMask Snap that solves exactly this — it checks address formats in real time before you confirm any transaction. 

I actually thought of that after seeing a guys post in here a few months ago saying that he lost his funds sending to the wrong chain and was wondering if there was a way to get them back. 

You can find it on the latest snaps in the official Metamask Snaps Directory but i guess i am not a",0,0.39,24,https://www.reddit.com/r/CryptoCurrency/comments/1sjcxgh/have_you_ever_sent_crypto_to_the_wrong_blockchain/,CryptoCurrency,2026-04-12 12:14:16,0,FAKE,reddit_CryptoCurrency
"Bitcoin price news: BTC moves up to $72,400 after March inflation data",,38,0.84,11,https://www.coindesk.com/markets/2026/04/10/bitcoin-rises-after-core-cpi-rose-a-less-than-forecast-0-2-in-march,CryptoCurrency,2026-04-11 02:55:59,1,REAL,reddit_CryptoCurrency
Not Looking Good: WLFI Borrows $75 Million From A Platform Its Advisor Co-Founded,,28,0.79,12,https://ourcryptotalk.com/news/wlfi-borrows-75m-on-dolomite-using-own-token,CryptoCurrency,2026-04-11 03:39:41,1,REAL,reddit_CryptoCurrency
Japan Passes Bill Reclassifying Crypto as Financial Instruments,,207,0.96,17,https://news.bitcoin.com/japan-passes-bill-reclassifying-crypto-as-financial-instruments/,CryptoCurrency,2026-04-10 15:51:34,1,REAL,reddit_CryptoCurrency
Coinbase CEO Backs US Treasury Secretary‘s Push to pass CLARITY Act,,79,0.91,14,https://cointelegraph.com/news/coinbase-ceo-treasury-secretary-clarity-act,CryptoCurrency,2026-04-10 20:18:44,1,REAL,reddit_CryptoCurrency
"A solo miner with just 70 TH/s, defies odds to mine Bitcoin block 944,306 and earn 3.128 BTC.",,1303,0.93,82,https://www.reddit.com/gallery/1shcyy3,CryptoCurrency,2026-04-10 04:57:54,1,REAL,reddit_CryptoCurrency
Adam Back Rejects Renewed Claims That He Is Satoshi,,43,0.83,11,https://coinedition.com/adam-back-rejects-renewed-claims-that-he-is-satoshi/,CryptoCurrency,2026-04-10 23:48:33,1,REAL,reddit_CryptoCurrency
A glimpse into my ongoing rally with support. Currently at Day 10.,"I use Robinhood Crypto as I am from the EU. I am restricted from trading and now need to update my tax information, but the app has a bug. When I tap the alert banner prompting me to update my tax details, it opens a page with a “Continue” button. However, selecting “Continue” simply reloads the same page with the same button, creating an endless loop.

I even switched to a completely new device, but the issue remains unchanged. Unfortunately, support fails to comprehend the problem and continues to provide the same basic steps, which do not address the underlying issue. For the past two weeks, they are just telling me to reinstall the app or giving a link to update the app which again takes me to the play store where it shows that the app is already updated. 🤦‍♂️",3,0.61,4,https://www.reddit.com/gallery/1sipe9h,CryptoCurrency,2026-04-11 17:34:27,1,REAL,reddit_CryptoCurrency
Crypto Regulation Heats Up As Coinbase CEO Supports CLARITY Act,,1,0.53,1,https://www.newsbtc.com/altcoin/crypto-regulation-heats-up-as-coinbase-ceo-supports-clarity-act/,CryptoCurrency,2026-04-11 16:54:33,1,REAL,reddit_CryptoCurrency
Stablecoin Yield: Is it a Trap?,"After thinking about stablecoin yield for awhile, I asked my self, ""Where does the yield come from""? I believe there cannot be a yield on stablecoins unless they are backed by fractional reserves, or nothing at all. Otherwise the stablecoin issuer would be losing money. Therefore, I conclude that stablecoin yields are essentially a trap, where bagholders are paid to not redeem the token which is not fully backed. A Ponzi scheme of sorts. Yield could in theory compensate for risk, but that risk is total and complete annihilation, rather than percentage losses. 

I guess I'll stick with holding crypto, in my own wallet. ",13,0.62,75,https://www.reddit.com/r/CryptoCurrency/comments/1si2daa/stablecoin_yield_is_it_a_trap/,CryptoCurrency,2026-04-10 23:13:26,1,REAL,reddit_CryptoCurrency
Need a Pep Talk,,0,0.5,6,/r/XRP/comments/1sikkae/need_a_pep_talk/,CryptoCurrency,2026-04-11 14:30:24,1,REAL,reddit_CryptoCurrency
Run Mythos on Monero Core,,0,0.36,0,/r/Monero/comments/1siuwa5/run_mythos_on_monero_core/,CryptoCurrency,2026-04-11 21:04:23,0,FAKE,reddit_CryptoCurrency
[ Removed by Reddit ],[ Removed by Reddit on account of violating the [content policy](/help/contentpolicy). ],1,0.6,0,https://www.reddit.com/r/CryptoCurrency/comments/1sii1cz/removed_by_reddit/,CryptoCurrency,2026-04-11 12:41:03,1,REAL,reddit_CryptoCurrency
I’ve been thinking a lot about how weird the financial situation is right now and it’s kind of making me paranoid about where my money goes.,"I’ve been thinking a lot about how weird the financial situation is right now and it’s kind of making me paranoid about where my money goes.

So California basically dropped this massive privacy regulation last year and now if you’re doing anything financial in the state they’re requiring crazy audit standards. Meanwhile the CFPB is completely reshuffling remittance rules which is chaos if you ever send money internationally.

Add to that the geopolitical stuff that keeps threatening to disrupt normal payment routes and honestly the traditional payment infrastructure feels like it’s getting simultaneously more surveilled and more fragile fraud is getting worse too. Last year Americans reported nearly 400 million in digital payment app fraud and that’s just reported cases. Scammers are getting smarter with deepfakes and AI now so you can’t even trust a voice call, people are even using AI to write Reddit posts now the world is so sad. the whole thing makes you realize how exposed you ar",0,0.39,12,https://www.reddit.com/r/CryptoCurrency/comments/1siqo8u/ive_been_thinking_a_lot_about_how_weird_the/,CryptoCurrency,2026-04-11 18:21:48,0,FAKE,reddit_CryptoCurrency
"Bitcoin hovered near $72,000 following a major options expiry while Strait of Hormuz disruptions signalled uncertainty",,41,0.87,4,https://coinedition.com/bitcoin-near-72k-as-1-94b-options-expiry-meets-hormuz-disruptions/,CryptoCurrency,2026-04-10 15:31:39,1,REAL,reddit_CryptoCurrency
Trump's World Liberty Financial uses 5 billion WLFI to borrow $75 million from a platform its advisor co-founded,,65,0.9,9,https://www.coindesk.com/markets/2026/04/09/trump-s-world-liberty-financial-borrows-usd75-million-against-its-own-token-trapping-depositors-on-dolomite,CryptoCurrency,2026-04-10 13:01:47,1,REAL,reddit_CryptoCurrency
Is anyone actually using crypto for anything besides holding?,"I'm really starting to miss the days when crypto wasn't just sitting in a wallet waiting for the next big price surge. It's all about ETFs and speculation now, and honestly, it's kind of getting boring. Crypto was fun when you could actually use it for something beyond just holding; we could be playing games, buying stuff, and exploring the whole Web3 vibe. Now, it feels like everyone's just waiting for the market to turn around.

  
What happened to the real-world utility? Seems like the space is all about price charts and getting ""rich"" instead of using crypto for, you know, fun or practical purposes. I've actually just been using my idle LTC tokens on Metaspins lately. For me, it's one of the few places where it feels like the Web3 part actually works, with the instant withdrawals and the provably fair casino games. My adventure here is miles better than just starting at a stagnant portfolio.

  
Is anyone still actually spending or using crypto for anything interesting? Because rig",96,0.83,216,https://www.reddit.com/r/CryptoCurrency/comments/1shi6uq/is_anyone_actually_using_crypto_for_anything/,CryptoCurrency,2026-04-10 10:01:45,1,REAL,reddit_CryptoCurrency
Answering someone who asked me what I mean by “market conditions”,,0,0.25,1,/r/Trading/comments/1sip62p/answering_someone_who_asked_me_what_i_mean_by/,CryptoCurrency,2026-04-11 17:26:46,0,FAKE,reddit_CryptoCurrency
Trump wants to let you bet your 401(k) on crypto,,48,0.73,48,https://www.ms.now/news/news-analysis/trump-401k-retirement-plan-crypto-project-47,CryptoCurrency,2026-04-10 12:18:08,1,REAL,reddit_CryptoCurrency
Arizona Judge Blocks Gambling Enforcement Against Kalshi Contracts,,0,0.5,0,https://cointelegraph.com/news/arizona-court-kalshi-gambling-enforcement-block,CryptoCurrency,2026-04-11 08:19:37,1,REAL,reddit_CryptoCurrency
community-point,This post contains content not supported on old Reddit. [Click here to view the full post](https://sh.reddit.com/r/CryptoCurrency/comments/1sh94w4),227,0.74,204,https://www.reddit.com/r/CryptoCurrency/comments/1sh94w4/communitypoint/,CryptoCurrency,2026-04-10 01:52:16,1,REAL,reddit_CryptoCurrency
Bhutan Bitcoin Holdings Decline by 70% in 18 Months; Mining Status Remains Uncertain,,0,0.5,2,https://cryip.co/bhutan-bitcoin-holdings-decline-70-percent-18-months/,CryptoCurrency,2026-04-11 06:21:01,1,REAL,reddit_CryptoCurrency
WLFI Drops to Record Low After Token-Backed Borrowing Raises Risk Concerns,,0,0.2,0,https://cointelegraph.com/news/trump-linked-wlfi-hits-new-low-token-backed-loan-concerns,CryptoCurrency,2026-04-11 12:12:13,0,FAKE,reddit_CryptoCurrency
The GENIUS Act has a detail nobody is talking about and it's going to squeeze Tether hard,"The big stablecoin regulation news last week got covered as ""bank-like rules"" and people moved on. Real story is a little different.

The FDIC is mandating T+2 redemption. If you hold USDC or USDT and want actual dollars, issuers now have 48 hours to make it happen. No more ambiguity during a crisis.

For USDC this is basically fine. Circle has been angling for a federal charter anyway. For Tether it's a real problem. To guarantee 48-hour redemptions you have to hold boring, liquid reserves. That kills the yield strategies that make running a stablecoin profitable, and if Tether can't demonstrate compliance, US banking access gets a lot harder.

Side effect: the DeFi yields you're used to on stablecoins probably get squeezed too.

Check out a full breakdown here if anyone wants the details: [https://bigcoinreport.com/analysis/fdic-genius-act-stablecoin-48-hour-redemption-rule-2026](https://bigcoinreport.com/analysis/fdic-genius-act-stablecoin-48-hour-redemption-rule-2026)

Curious what",9,0.64,13,https://www.reddit.com/r/CryptoCurrency/comments/1shsx0d/the_genius_act_has_a_detail_nobody_is_talking/,CryptoCurrency,2026-04-10 17:17:44,1,REAL,reddit_CryptoCurrency
"He stole 120,000 Bitcoins and outran the feds for 6 years, only to get caught by a single fucking Dropbox file 😅","I analyzed this massive DOJ consolidation address where the feds moved the 94,643 stolen Bitcoins from Bitfinex in 2022 stolen by Ilya Lichtenstein and his wife. 

He’s the one who sat on the Bitcoin loot for six years and blew it by saving the keys.txt in his Dropbox.. WTF?? 😂 

Crypto Bonnie and Clyde?! 

I mapped the whole mess and it’s wild to see $3.6 billion move into a single wallet just because this guy couldn't keep his keys offline. 

Moral of the story: You can outrun the blockchain, but you can't outrun a ""keys.txt"" file. 😂

What do you guys think? ",615,0.96,153,https://www.reddit.com/gallery/1sgw9ek,CryptoCurrency,2026-04-09 17:28:30,1,REAL,reddit_CryptoCurrency
We Saw Countries Adopting Bitcoin Before GTA 6,"Merely 5 years ago, this was almost impossible.

Iran is confirmed to be receiving Bitcoin payments for allowing ships to pass through the Straits of Hormuz, with roughly 280 Bitcoins per day. Bitcoin was intended to bypass centralization, and since all countries are treated as equal in foreign diplomacy (at least in principle), we can count this as adoption.

This adoption story continues with China, which has been using BTC to pay Iran, despite Iran accepting the Yuan as payment.

We already know Russia mines Bitcoin to pay for international trade.

Source: [https://x.com/dhirendracd/status/2042553235727356035](https://x.com/dhirendracd/status/2042553235727356035)",23,0.65,37,https://www.reddit.com/r/CryptoCurrency/comments/1shjq0o/we_saw_countries_adopting_bitcoin_before_gta_6/,CryptoCurrency,2026-04-10 11:23:00,1,REAL,reddit_CryptoCurrency
Moons e-begging spam,"It’s getting frustrating to see so many posts in this subreddit turning into outright begging for moons. What was once a place for discussion and sharing has become cluttered with repetitive requests for moons, with no effort or meaningful contribution. It creates distrust and lowers the quality of the community. If people want rewards, they should earn them through genuine participation, not constant appeals for handouts.

But really though, whose idea was this? Every e-beggar under the sun has started spamming with nonsense.

**Edit: I am talking about the ""community-point"" bot that uploads polls or pizza giveaways or pics of dogs from users that ask for moon tips**",43,0.82,56,https://www.reddit.com/r/CryptoCurrency/comments/1shfv5j/moons_ebegging_spam/,CryptoCurrency,2026-04-10 07:42:51,1,REAL,reddit_CryptoCurrency
Bitcoin Devs Reveal New Quantum Resistant Wallet,,231,0.95,26,https://dailycryptobriefs.com/news/bitcoin-devs-reveal-no-fork-quantum-wallet-rescue/,CryptoCurrency,2026-04-09 21:41:45,1,REAL,reddit_CryptoCurrency
I have asked my pre-trained Claude AI to make thousands of simulations where and how to invest. And here is the answer,"**tl;dr:** Claude recommends to put money into main crypto BTC, ETC, SOL. No paper hands, minimal effort and you should have very nice gains within 10 years

Details: I have pre-trained my Claude AI on trading, by feeding him all kinds of books, research papers, articles etc. Then I always asked him if he sees gap in skills, he named what is the gap, what he needs.... rinse and repeat until he said he is ok unless we want to go some very niche trading.. He also received past trading information for last 20 years to see how things were changing over time so he can do his simulations

My challenge for him was:

You get 1000 Euro, find best way how to invest them and get profit within 10 years. He investigated Cypto main coins, Memecoins, Equities and Commodities

There were 5 options  
1. Minimum risk, never lose more than 5%  
2. Medium risk, never lose more than 50%  
3. No guardrails, do whatever you want  
4. No guardrails, do whatever you want BUT every time you reach 3x previous mi",0,0.18,9,https://www.reddit.com/gallery/1simr3x,CryptoCurrency,2026-04-11 15:54:41,0,FAKE,reddit_CryptoCurrency
Bank of France Dep Guv Raises Risk of Dollar Stablecoins’ Dominance,,7,0.74,4,https://bfmtimes.com/bank-of-france-dep-guv-raises-risk-of-dollar-stablecoins-dominance/,CryptoCurrency,2026-04-10 13:40:20,1,REAL,reddit_CryptoCurrency
[POLL] Should MOON project migrate to ETH mainnet?,This post contains content not supported on old Reddit. [Click here to view the full post](https://sh.reddit.com/r/CryptoCurrency/comments/1sh9oni),63,0.79,81,https://www.reddit.com/r/CryptoCurrency/comments/1sh9oni/poll_should_moon_project_migrate_to_eth_mainnet/,CryptoCurrency,2026-04-10 02:16:40,1,REAL,reddit_CryptoCurrency
US Treasury plans sweeping AML leash for dollar stablecoin issuers,"Well there goes your yield chaps. The amount of staff and resources needed for monitoring, analytics, interventions, reporting is going to costa plenty.  Sounding more and more like a CBDC every day....

in case the tldr bot doesn't kick in:

applies to all permitted payment stablecoin issuers (PPSIs), including state-regulated entities with market caps under $10 billion and federally regulated issuers

require issuers operating in the US to build technical kill switches into their tokens and run full [Bank Secrecy Act](https://crypto.news/bloomberg-unveils-sam-bankman-fried-ftx-documentary/)–style programs, from customer due diligence to suspicious activity reporting.

Under the draft, stablecoin issuers would need systems able to “block, freeze and reject” transactions and halt specifically flagged flows.",0,0.5,4,https://crypto.news/us-treasury-plans-sweeping-aml-leash-for-dollar-stablecoin-issuers/,CryptoCurrency,2026-04-11 00:32:59,1,REAL,reddit_CryptoCurrency
Japan Approves Legislation Granting Crypto Financial Instrument Status,,18,0.76,0,https://cryptopotato.com/japan-approves-legislation-granting-crypto-financial-instrument-status/,CryptoCurrency,2026-04-10 08:15:46,1,REAL,reddit_CryptoCurrency
"Bitmine (BMNR) Buys 71,252 ETH as Total Holdings Reach 4.8 Million ETH",,4,0.65,0,https://cryip.co/bitmine-bmnr-buys-71252-eth-april06/,CryptoCurrency,2026-04-10 15:57:59,1,REAL,reddit_CryptoCurrency
China using cryptocurrency to pay for fees through Strait of Hormuz,"“Chinese ships were among a long line of vessels waiting for clearance to leave the strait, said Muyu Xu, a Singapore-based analyst with Kpler. She said that the overall picture was still confusing and cited how last week Iran said it was accepting Chinese yuan as payment for transit, but then changed to a preference for cryptocurrency“

  
I do mostly momentum trading but found this nugget on NBCNews, any idea which crypto this could be that Iran and China are in agreement for payment?   


[https://www.nbcnews.com/world/iran/strait-hormuz-shipping-traffic-effectively-standstill-iran-ceasefire-rcna267391](https://www.nbcnews.com/world/iran/strait-hormuz-shipping-traffic-effectively-standstill-iran-ceasefire-rcna267391)",149,0.93,41,https://www.reddit.com/r/CryptoCurrency/comments/1sh0d1p/china_using_cryptocurrency_to_pay_for_fees/,CryptoCurrency,2026-04-09 19:53:31,1,REAL,reddit_CryptoCurrency
"US, UK and Canada Freeze $12M in Crypto Phishing Operation",,11,0.77,1,https://coinmarketcap.com/academy/article/us-uk-and-canada-freeze-dollar12m-in-crypto-phishing-operation,CryptoCurrency,2026-04-10 08:53:07,1,REAL,reddit_CryptoCurrency
Iran To Earn 282 BTC Per Day From Straight Of Hormuz Toll: More Than 50% Of The Supply,,2494,0.95,235,https://ourcryptotalk.com/news/iran-bitcoin-strait-of-hormuz-oil-toll,CryptoCurrency,2026-04-09 02:44:36,1,REAL,reddit_CryptoCurrency
Verifiably Random S3:E14 - AI and the developer experience on Algorand with Brian Whippo,"AI is changing blockchain development by the day. Marc sits down with Brian Whippo, Algorand’s Senior Director of Integrations &amp; Developer Tooling, to discuss how AI is being used in developer tooling. Marc and Brian explore how tools have progressed from generating simple front ends to building full smart contracts, and highlight innovations within the Algorand ecosystem, such as VibeKit, that make development easier. The conversation covers the opportunities and risks of AI-generated code, the shift in the developer role toward system architecture, and the potential of autonomous agents in DeFi. This is the final episode of S3, see you next season!",0,0.38,6,https://youtu.be/fTgVr2WhclM?si=y3CE__s5eLRCS-0X,CryptoCurrency,2026-04-11 05:36:25,0,FAKE,reddit_CryptoCurrency
Japan Cuts Crypto Taxes from 55% Progressive Tax to a 20% Flat Tax Rate,,392,0.97,40,https://a2zcryptocurrencies.com/japan-cuts-crypto-taxes-from-55-progressive-tax-to-a-20-flat-tax-rate/,CryptoCurrency,2026-04-09 10:58:03,1,REAL,reddit_CryptoCurrency
"'It is decentralization theatre': Covenant AI exits Bittensor, TAO drops 15%","Apparently a major Dev on one of the TAO subnets decided to bail.

Other Devs are trying to do damage control, saying he acted irrationally and out of greed.

The community isn't far away from this sentiment, and they believe it was a rugpull from the dev as well. Apparently, he made out with about $10M. That's a lot of money.

The BITTENSOR price has been affected.

What are you guys' opinions on the matter? Is this sudden drop in price going to affect sentiment over TAO to the point where recovery is going to be difficult, or impossible?

Or do you think the dev that left was simply a bad faith actor, and his exist opens the door to stronger possibilities?

I am personally not holding any TAO at all, by the way. Just want to see what you guys think.",5,0.65,8,https://www.theblock.co/post/396959/covenant-ai-exits-bittensor-tao,CryptoCurrency,2026-04-10 08:00:36,1,REAL,reddit_CryptoCurrency
"Algorand is the only major L1 with a post-quantum transaction on mainnet with 140,000+ quantum-resistant transactions. Algorand shipped their first post-quantum update in 2022 far before anyone was talking about it. They have Chris Peikart, Head of Research, a world leader in lattices/post-quantum.","https://preview.redd.it/eras28zgf8ug1.jpg?width=1080&amp;format=pjpg&amp;auto=webp&amp;s=74ed3015e7e1d129a86fb700b0544892b9052971

""Algorand has been the leader in blockchain quantum resilience since 2022. By implementing Falcon signatures, a globally recognized post-quantum cryptography standard, Algorand already safeguards the entire history of its chain against the future threat of quantum computers.  
  
In 2025, Algorand further extended its post-quantum readiness by executing the first quantum‑resistant transaction on mainnet using NIST‑selected Falcon signatures. This expands Algorand’s post‑quantum protections to real digital assets on a live public blockchain, not just historical transactions. ""

  
Chris Peikart helped develop FALCON signatures, which other major L1s are or are going to adopt in the future.

""The Falcon implementation is based on the pioneering GPV work by Craig Gentry (former Algorand Foundation Research Fellow), Chris Peikert (Head of Cryptography at Algora",39,0.59,56,https://www.reddit.com/r/CryptoCurrency/comments/1sh30oy/algorand_is_the_only_major_l1_with_a_postquantum/,CryptoCurrency,2026-04-09 21:32:09,1,REAL,reddit_CryptoCurrency
New paper on how close we are to breaking crypto,"""Shor's Algorithm is Possible with as Few as 10,000 Reconfigurable Atomic Qubits"" (arXiv:2603.28627)

Quantum computers have the potential to perform computational tasks beyond the reach of classical machines. A prominent example is Shor's algorithm for integer factorization and discrete logarithms, which is of both fundamental importance and practical relevance to cryptography. However, due to the high overhead of quantum error correction, optimized resource estimates for cryptographically relevant instances of Shor's algorithm require millions of physical qubits. Here, by leveraging advances in high-rate quantum error-correcting codes, efficient logical instruction sets, and circuit design, we show that Shor's algorithm can be executed at cryptographically relevant scales with as few as 10,000 reconfigurable atomic qubits. Increasing the number of physical qubits improves time efficiency by enabling greater parallelism; under plausible assumptions, the runtime for discrete logarithms",0,0.5,36,https://www.reddit.com/r/CryptoCurrency/comments/1shsw8w/new_paper_on_how_close_we_are_to_breaking_crypto/,CryptoCurrency,2026-04-10 17:17:00,1,REAL,reddit_CryptoCurrency
"We wrote a breakdown of how crypto offramp SDKs work, including real pricing data and integration timelines","We're the Spritz Finance team. We built a crypto-to-fiat SDK that handles off-ramp, on-ramp, bill pay, and card issuance through one integration.

We just published a guide that covers how offramp SDKs work (the full transaction pipeline from wallet to bank account), what they cost (0.5% to 1.5% per transaction is the industry standard), and how they compare to widgets and aggregators.

One stat that stood out while writing this: building crypto-to-fiat in-house requires money transmission licenses state by state in the US alone, typically 12+ months and $500K+ before processing a single transaction. An SDK compresses that to days.

The guide also covers who uses offramp SDKs (wallets, trading apps, gaming, payroll) and what metrics to look at when evaluating providers.

Open to questions here.

",3,0.64,6,https://www.reddit.com/r/CryptoCurrency/comments/1shmfr8/we_wrote_a_breakdown_of_how_crypto_offramp_sdks/,CryptoCurrency,2026-04-10 13:23:09,1,REAL,reddit_CryptoCurrency
"Ethereum Foundation keeps selling ETH after telling the market it was staking 70,000 coins",,153,0.8,20,https://cryptoslate.com/ethereum-foundation-eth-sale-undercuts-staking-selloff-thesis/,CryptoCurrency,2026-04-09 11:53:26,1,REAL,reddit_CryptoCurrency
Failed U.S.–Iran Talks Could Reignite War and Hit Crypto Global Markets,,0,0.29,4,https://coinedition.com/failed-u-s-iran-talks-could-reignite-war-and-hit-global-markets/,CryptoCurrency,2026-04-11 00:27:34,0,FAKE,reddit_CryptoCurrency
Strategy made nearly $2 billion on Bitcoin this year but SEC filing hides a far bigger number,,67,0.85,3,https://cryptoslate.com/strategy-says-it-made-1-7-billion-on-bitcoin-this-year/,CryptoCurrency,2026-04-09 15:07:27,1,REAL,reddit_CryptoCurrency
Common Sense Article about Crypto Payments to Transit Hormuz Strait,"Article says ""cryptocurrency payments"" (not just Bitcoin) are being accepted to transit the Hormuz Strait. Logic dictates that the Iran government already knows that US hedge funds control Bitcoin supply and price, as this is common knowledge to anyone in the crypto sphere. Therefore they're likely to choose a different cryptocurrency, or accept multiple cryptos as payment. Transacting on a high profile network like Bitcoin will very likely result in BTC addresses being added to OFAC sanctions and make the BTC hard to sell for Iran. 

It's entirely possible that Iran will start to accept privacy coins for payment. They're harder to track and sanction. ",0,0.37,21,https://archive.is/5o50y,CryptoCurrency,2026-04-10 22:35:07,0,FAKE,reddit_CryptoCurrency
CZ Memoir Claims U.S. Rivals Paid Millions To Block His Pardon,,8,0.7,4,https://ourcryptotalk.com/news/cz-memoir-claims-us-crypto-rivals-lobbied-block-pardon,CryptoCurrency,2026-04-10 02:55:28,1,REAL,reddit_CryptoCurrency
I looked into ZIGChain's 'Noble Express' and AI Agent (ORO). Is this the end of the bridging tax or just more buzzwords?,"Before I continue with the post, right out the gate, I'd like to stress that **I am not a financial advisor, this is not financial advice, and D.Y.O.R.!!**

With that out of the way, I'm wondering what people think of ZIGChain. I'm sharing my findings in hopes of getting opinions and thoughts. You might find something I missed.

ZIGChain emphasizes and seems to be focusing on RWAs (real-world assets,) which they are promising are coming soon to be “tokenized.”

ZIGChain is built on the Cosmos Network SDK, due to its scalable L1 infrastructure. And they call themselves a ""Wealth Generation Infrastructure,"" heavily focusing on RWAs and their incorporation with Web3.

To talk numbers very briefly, **$78B+ in USDC** (total marketcap of USDC) are available to flow in to ZIGChain from 16+ chains (more on this and what they call the “Noble Express,” later,) removing a Bridging Tax - which kills most L1s.

It also features a $100M ecosystem fund supported by DWF Labs, UDHC Finance, and Disrupt",1,0.54,16,https://www.reddit.com/r/CryptoCurrency/comments/1shj6hr/i_looked_into_zigchains_noble_express_and_ai/,CryptoCurrency,2026-04-10 10:55:13,1,REAL,reddit_CryptoCurrency
Bhutan Accelerates Bitcoin Sell-Off With $17.7M Transfer to Exchanges,,27,0.87,7,https://coinedition.com/bhutan-accelerates-bitcoin-sell-off-with-17-7m-transfer-to-exchanges/,CryptoCurrency,2026-04-09 16:39:47,1,REAL,reddit_CryptoCurrency
Trump's Crypto Project That Borrowed From Itself Now Has a Sanctions Problem Too,,79,0.94,3,https://dailycoinpost.com/wlfi-borrowed-from-itself-sanctions-problem/,CryptoCurrency,2026-04-09 09:50:41,1,REAL,reddit_CryptoCurrency
Fully Homomorphic Encryption - The Key To Private And Secure DeFi,,49,0.91,15,https://mpost.io/fhe-the-key-to-private-and-secure-defi/,CryptoCurrency,2026-04-09 14:15:07,1,REAL,reddit_CryptoCurrency
Iran’s $7.8 Billion Crypto Economy Finds New Way to Grow After Cease-Fire,,4,0.83,1,https://www.wsj.com/finance/currencies/iran-cryptocurrency-bitcoin-d8c0a09e?mod=economy_lead_pos1,CryptoCurrency,2026-04-10 02:33:11,1,REAL,reddit_CryptoCurrency
Bitcoin Depot losing $3.6M in BTC is really a story about operational security,,0,0.4,0,https://i.redd.it/wrke8uzxk7ug1.png,CryptoCurrency,2026-04-10 08:04:07,0,FAKE,reddit_CryptoCurrency
90% of tokens listed on major CEXs fell below their listing price within 1 year. The odds are heavily against buying new tokens.,"Research from CoinGecko showed that across the top 12 CEXs, only about 32% of newly listed tokens show positive price action in the first 30 days. It gets worse from here. By the 12-month mark, fewer than 10% of listed tokens on most top exchanges are still above their initial listing price.

The interesting outlier is Upbit. It had the best immediate post-listing performance by far, with 67% of new listings in the green after 30 days. However, Upbit listings also declined the fastest. By the 300 - 329 day mark, EVERY single newly listed token on Upbit had gone underwater.

The only exchange that broke the pattern was Coinbase, where listed tokens caught a second wind after the six-month mark.

Make of that what you will. If you're buying tokens on listing day expecting to hold for a year, the data says the odds are heavily against you.

Source: [https://www.coingecko.com/research/publications/spot-centralized-exchanges-report-2026](https://www.coingecko.com/research/publications/spot-",53,0.95,26,https://i.redd.it/1bvm1qvju4ug1.png,CryptoCurrency,2026-04-09 09:45:14,1,REAL,reddit_CryptoCurrency
What are the risks you should analyse before putting your stablecoins in the defi protocols?,"# Losing your money due to the bad investment decisions is less painful than losing your stablecoins that are ""parked"" waiting. So, what are the top 10 risks of using stablecoins in DeFi on public blockchains? 

1. Smart contract bugs — Vulnerabilities or logic errors in protocol or stablecoin contracts can cause loss of funds (exploits, reentrancy, oracle manipulation). Check security audits. 

2. Counterparty/peg risk — Algorithmic or fiat-backed stablecoins can lose peg or fail to redeem 1:1, causing value loss. You can find a 3rd party risk ratings and investigate. 

3. Oracle manipulation / price feed failure — Compromised or stale oracles can trigger liquidations, bad trades, or loss of collateral. Try to understand the logic there. 

4. Liquidity risk — Low liquidity in pools or markets can produce large slippage, failed exits, or inability to unwind positions.

5. Liquidation cascade / systemic risk — Rapid price moves or correlated liquidations can force forced sells and wipe ",0,0.5,7,https://www.reddit.com/r/CryptoCurrency/comments/1shezwl/what_are_the_risks_you_should_analyse_before/,CryptoCurrency,2026-04-10 06:52:10,1,REAL,reddit_CryptoCurrency
The Last Line of Defense: Can QSB Save Bitcoin from the Quantum Storm? Defying the Quantum Apocalypse: How QSB leverages 201 opcodes and the pre-image resistance of RIPEMD-160 to shield your Bitcoin today—no protocol changes required.,,0,0.29,2,https://inbitcoinwetrust.substack.com/p/the-last-line-of-defense-can-qsb,CryptoCurrency,2026-04-10 12:23:20,0,FAKE,reddit_CryptoCurrency
"I can't make sense of this, guidance greatly appreciated","**EDIT:** Ok so the spread is included in the price on the top of the page in image 2.  

**EDIT 2:** I've checked my account every single day more than once since late January. I bought and sold often. Double triple checked. And \*\*this was the first time the price didn't match\*\*

I didn't know about that

Have tried Coinbase support 5+ times but either they don't get what I'm trying to say, I don't get what they're trying to say, or both.

The main thing I'm holding on to, because I know it's correct, is that \\\*it hasn't been this way earlier\\\*.

The first time it happened (or I noticed it) was March 28th when I bought 100$ of BTC at 66.400$.

Only, apparently I didn't. The receipt says 67.377$.

This made no sense to me whatsoever (unlike all the other transactions I've done since I started trading more regularly in late January).

But I decided to move on.

But buying for 1000$ more per BTC \\\*\\\*and\\\*\\\* now trying to sell but for 1000$ less per BTC...

No thank you.

",0,0.27,16,https://www.reddit.com/gallery/1shrvk6,CryptoCurrency,2026-04-10 16:41:21,0,FAKE,reddit_CryptoCurrency
Iran Eyes Bitcoin Toll for Strait of Hormuz Oil Transit,,165,0.93,51,https://coinedition.com/iran-eyes-bitcoin-toll-for-strait-of-hormuz-oil-transit/,CryptoCurrency,2026-04-09 01:05:30,1,REAL,reddit_CryptoCurrency
Binance’s CZ Offers OKX Founder $1 Billion Bet Over Divorce Dispute,,5,0.62,9,https://beincrypto.com/binance-okx-cz-star-xu-divorce-bet/,CryptoCurrency,2026-04-09 19:39:54,1,REAL,reddit_CryptoCurrency
"Crypto Regulation Gets Real: GENIUS Act Rules Land, CLARITY Act on Deck",,10,0.82,3,https://blocknow.com/crypto-regulation-genius-act-rules-clarity-act-bessent/,CryptoCurrency,2026-04-09 14:58:31,1,REAL,reddit_CryptoCurrency
Exclusive: Iran demands crypto fees for ships passing Hormuz during ceasefire,,779,0.96,97,https://www.ft.com/content/02aefac4-ea62-48db-9326-c0da373b11b8?syn-25a6b1a6=1?segmentid=c50c86e4-586b-23ea-1ac1-7601c9c2476f,CryptoCurrency,2026-04-08 15:33:39,1,REAL,reddit_CryptoCurrency
Straits of Hormuz traffic tolls are being paid in crypto currency,,0,0.43,19,/r/Monero/comments/1sh337v/straits_of_hormuz_traffic_tolls_are_being_paid_in/,CryptoCurrency,2026-04-10 09:35:17,0,FAKE,reddit_CryptoCurrency
MicroStrategy’s Saylor Rejects NYT Satoshi Nakamoto Claims,,142,0.88,58,https://beincrypto.com/saylor-rejects-adam-back-satoshi-nakamoto-claim/,CryptoCurrency,2026-04-09 00:19:11,1,REAL,reddit_CryptoCurrency
"‘Misinformation, hype, and fraud’: Inside Ben McKenzie’s scathing new crypto doc—featuring Sam Bankman-Fried","Ben McKenzie knows that his main claim to fame is, still, starring in *The O.C*., a Fox TV series that bowed out nearly 20 years ago.

That’s why he begins his new documentary with a self-deprecating medley of clips featuring him being introduced as such. It’s a disarming transition to the film itself, which is a dire warning about what he views as possibly “the largest Ponzi scheme in history.”

When the pandemic hit, and acting work vanished, McKenzie, who majored in economics at the University of Virginia, began a now six-year-long quest to understand the crypto industry, a research odyssey that he developed into a 2023 book, *Easy Money*.

Now he’s turned that book into a scathing new documentary that he wrote, directed, stars in, and funded called *Everyone is Lying to You for Money*. It hits theaters in New York and Los Angeles on April 17, followed by Boston, Washington D.C., Austin, San Francisco, and Portland.

The movie depicts McKenzie’s journey toward trying to understand c",9,0.74,8,https://www.fastcompany.com/91519955/sam-bankman-fried-ben-mckenzie-crypto-documentary-movie-theater-film,CryptoCurrency,2026-04-09 14:20:18,1,REAL,reddit_CryptoCurrency
Why is Adam Back a Liar?,"The NY Times piece is fairly definitive, forensic proof that he is Satoshi. 

What is his deal with the adamant denial? Also, given he is Satoshi and wants to deny that, why does he keep plunging himself into the spotlight with more Bitcoin projects? Doesn’t that just turn more attention on himself? 

It’s especially troubling given that he will be lying to securities regulators about his Bitcoin holdings when he is taking his Bitcoin company public in the near-term.

What do folks think of all this?",0,0.26,56,https://www.reddit.com/r/CryptoCurrency/comments/1shsguc/why_is_adam_back_a_liar/,CryptoCurrency,2026-04-10 17:02:03,0,FAKE,reddit_CryptoCurrency
Morgan Stanley’s bitcoin ETF draws $33.9 million on day one,,90,0.92,16,https://www.coindesk.com/markets/2026/04/08/morgan-stanley-s-bitcoin-etf-draws-usd34-million-on-day-one,CryptoCurrency,2026-04-08 23:54:06,1,REAL,reddit_CryptoCurrency
An update on that qubic doge mining thing,"I posted about this a week ago, and I wasn't gonna track it, but I keep seeing updates in mining subs

The mining economics seem legit based on what people are sharing. I have seen multiple L3+ operators reporting around 15-20% better returns than straight doge mining. While that is not huge, it is quite consistent.

The AI training part of QUBIC is still unclear, though. I haven't seen anyone independently verify the compute is actually useful. That would be the thing that makes this interesting, rather than just a better mining pool.

",0,0.5,2,https://www.reddit.com/r/CryptoCurrency/comments/1sh6v7m/an_update_on_that_qubic_doge_mining_thing/,CryptoCurrency,2026-04-10 00:10:26,1,REAL,reddit_CryptoCurrency
Hyperliquid Suicide Liquidation: FARTCOIN Perpetual Attack Drains $1.5M from HLP Vault,,8,0.76,10,https://cryip.co/hyperliquid-suicide-liquidation-fartcoin-perpetual-attack-drains-1-5m-from-hlp-vault/,CryptoCurrency,2026-04-09 12:14:32,1,REAL,reddit_CryptoCurrency
Iran's crypto tanker tolls are the latest step in its sanctions‑busting trade network,,15,1.0,1,https://www.coindesk.com/policy/2026/04/09/crypto-payments-to-pass-strait-of-hormuz-is-the-next-logical-step-for-iran-s-sanctions-skirting-trade-network,CryptoCurrency,2026-04-09 09:03:50,1,REAL,reddit_CryptoCurrency
Trump posted on TruthSocial crypto casino advertising,"Donald J. Trump posted a Stake ad on Truth Social — can you imagine a better endorsement for a crypto casino? Me neither.

The 47th President of the United States. A crypto casino logo. Only in crypto gambling.

Stake has been quietly building one of the biggest names in crypto gaming for years. And now they have the ultimate co-sign. Whether you love it or hate it, this is a cultural moment. The lines between politics, sports, and crypto are completely gone.

This is the world we live in now. And honestly? I have no idea what to expect next! Is Trump going to start streaming from the White House while he plays slots? What a crazy time

Anyone here playing on Stake?",0,0.44,21,https://www.reddit.com/r/CryptoCurrency/comments/1shgzip/trump_posted_on_truthsocial_crypto_casino/,CryptoCurrency,2026-04-10 08:50:41,0,FAKE,reddit_CryptoCurrency
Binance launches gambling platform,,10,0.67,13,https://i.redd.it/c7x4aia925ug1.png,CryptoCurrency,2026-04-09 10:04:55,1,REAL,reddit_CryptoCurrency
Bitcoin’s rebound may be fragile as Wall Street warns Hormuz disruption is not really over,,58,0.88,9,https://cryptoslate.com/ceasefire-calmed-hormuz-panic-bitcoin-still-faces-oil-risk/,CryptoCurrency,2026-04-09 00:13:50,1,REAL,reddit_CryptoCurrency
"A ""Useless coin"" being the new sponsor of Atlètico Madrid is insanity","I did my due diligence, double checked and this U on their sleeves really stands for USELESS coin, a memecoin that can't do anything at all (except pumping sometimes, haha).

One of the best football teams in the world wears this on their jersey these days.

This must be peak 2026, right?

Anything seems possible in the big year of the fire horse.

  
Fascinating how some crypto projects still make it into the mainstream even during a brutal bear.

https://preview.redd.it/h9ua0tezs6ug1.png?width=3400&amp;format=png&amp;auto=webp&amp;s=73ca4cef78628915ade91764e86bec745a1fdf5b

https://preview.redd.it/0wdk1sezs6ug1.png?width=3394&amp;format=png&amp;auto=webp&amp;s=08ecf3fe5cc5748dcbe2ba43b56cb3a7a7f9a7fe

https://preview.redd.it/srgdksezs6ug1.png?width=3378&amp;format=png&amp;auto=webp&amp;s=8f5c93e059788e9fe7153ecf64bde2f52bc731a5

",4,0.64,8,https://www.reddit.com/r/CryptoCurrency/comments/1sgtppp/a_useless_coin_being_the_new_sponsor_of_atlètico/,CryptoCurrency,2026-04-09 15:58:31,1,REAL,reddit_CryptoCurrency
What Are the Odds of Federal Reserve Rate Cuts in June Amid US-Iran War and Ceasefire,,0,0.38,9,https://coinedition.com/what-are-the-odds-of-federal-reserve-rate-cuts-in-june-amid-us-iran-war-and-ceasefire/,CryptoCurrency,2026-04-10 01:30:47,0,FAKE,reddit_CryptoCurrency
"Unofficial Daily Crypto Discussion - April 9, 2026 (GMT+0)","Since the daily bot is dead let me do the honors:

Welcome to the Daily Crypto Discussion thread. Please read the disclaimer and rules before participating.

Disclaimer: Consider all information posted here with several liberal heaps of salt, and always cross check any information you may read on this thread with known sources. Any trade information posted in this open thread may be highly misleading, and could be an attempt to manipulate new readers by known ""pump and dump (PnD) groups"" for their own profit. BEWARE of such practices and exercise utmost caution before acting on any trade tip mentioned here.

Please be careful about what information you share and the actions you take. Do not share the amounts of your portfolios (why not just share percentage?). Do not share your private keys or wallet seed. Use strong, non-SMS 2FA if possible. Beware of scammers and be smart. Do not invest more than you can afford to lose, and do not fall for pyramid schemes, promises of unrealistic ret",7,0.89,13,https://www.reddit.com/r/CryptoCurrency/comments/1sgn9wx/unofficial_daily_crypto_discussion_april_9_2026/,CryptoCurrency,2026-04-09 11:45:18,1,REAL,reddit_CryptoCurrency
$270K bet against Orbán: crypto traders signal Hungary election upset on Polymarket,,3,0.8,1,https://cybernews.com/news/orban-hungary-election-crypto-betting-polymarket/,CryptoCurrency,2026-04-09 15:22:32,1,REAL,reddit_CryptoCurrency
Are moons tied to the old system?,"Are the moons of this new system similar to the old where if you sold or moved out your moons from your vault - you would receive an earning penalty? Or is it a complete do-over, with everyone starting from scratch?

I can see the moons are stored in the same “vault” so it’s at least set-up in the same way as before.

I find the digital real estate quite fun as it reminds me of the yearly reddit event where everyone is going nuts to create digital art.

Exciting times, still some questions on my part, but eager to see how it develops.",0,0.31,13,https://www.reddit.com/r/CryptoCurrency/comments/1shd9ql/are_moons_tied_to_the_old_system/,CryptoCurrency,2026-04-10 05:13:55,0,FAKE,reddit_CryptoCurrency
Morgan Stanley launching its own spot Bitcoin ETF feels bigger than just another ETF headline,"Morgan Stanley has officially launched MSBT, a spot Bitcoin ETF listed on NYSE Arca.

What makes this more interesting than a normal product launch is that this is the first major U.S. bank putting its own name directly on a spot Bitcoin ETF. The fund holds physical bitcoin, launched on April 8, and comes in with a 0.14% fee, which undercuts most of the existing spot BTC ETF field. 

To me, the bigger story is what this says about where Bitcoin sits now in traditional finance.

Up to this point, most of the major spot ETFs came from asset managers like BlackRock, Fidelity, and others. Morgan Stanley changes that dynamic because it brings a bank balance sheet, a private wealth brand, and a massive advisor network into the same trade. The article notes roughly 16,000 financial advisors overseeing $6.2 trillion in client assets, which is a very different kind of distribution channel than retail-driven ETF demand. 

The fee also matters more than people think. At 0.14%, Morgan Stanley is b",92,0.89,21,https://websnack.org/news/morgan-stanley-msbt-spot-bitcoin-etf-apr-2026,CryptoCurrency,2026-04-08 19:44:40,1,REAL,reddit_CryptoCurrency
Iran demands crypto fees for ships passing Hormuz during ceasefire,,133,0.94,6,https://www.ft.com/content/02aefac4-ea62-48db-9326-c0da373b11b8?syn-25a6b1a6=1,CryptoCurrency,2026-04-08 17:31:06,1,REAL,reddit_CryptoCurrency
Trader loses $3M as leveraged Fartcoin position unwinds on Hyperliquid,,1,0.55,4,https://cointelegraph.com/news/trader-loses-3m-fartcoin-hyperliquid-adl-liquidation?utm_source=feedly_feed&amp;utm_medium=rss&amp;utm_campaign=rss_partner_inbound,CryptoCurrency,2026-04-09 15:06:42,1,REAL,reddit_CryptoCurrency
Tom Lee’s Bitmine uplists to NYSE with 4.8M ETH and $4 billion buyback authorization,,2,0.67,0,https://www.theblock.co/post/396865/tom-lees-bitmine-uplists-nyse-eth-4-billion-buyback-authorization?utm_source=feedly&amp;utm_medium=rss,CryptoCurrency,2026-04-09 15:05:42,1,REAL,reddit_CryptoCurrency
Polymarket Traders Net $663K on US-Iran Ceasefire in Suspected Insider Trade,,273,0.96,28,https://coinedition.com/polymarket-traders-net-663k-on-us-iran-ceasefire-in-suspected-insider-trade/,CryptoCurrency,2026-04-08 11:23:19,1,REAL,reddit_CryptoCurrency
"FrostCard Project, First ever Kaspa only coldwallet? Seems to be inspired by Tangem's concept.",,4,0.67,3,https://frostcard.io/,CryptoCurrency,2026-04-09 07:24:37,1,REAL,reddit_CryptoCurrency
Iran eyes crypto toll for oil tanker transits through Strait of Hormuz,,98,0.88,23,https://www.coindesk.com/markets/2026/04/08/iran-eyes-crypto-toll-for-oil-tanker-transit-through-strait-of-hormuz,CryptoCurrency,2026-04-08 13:55:35,1,REAL,reddit_CryptoCurrency
Bitcoin Dominance Volatility Hits Extreme Lows: Setup for Market Dispersion,,0,0.43,8,https://www.sandmark.com/news/analysis/bitcoin-dominance-volatility-hits-extreme-lows-setup-market-dispersion?utm_medium=referral&amp;utm_source=redbot&amp;utm_campaign=redbot-ww-en-brand,CryptoCurrency,2026-04-09 13:47:12,0,FAKE,reddit_CryptoCurrency
"The $3.6m Bitcoin Depot Hack Went Unnoticed for 3 Days, Says ZachXBT",,0,0.5,2,https://bfmtimes.com/the-3-6m-bitcoin-depot-hack-went-unnoticed-for-3-days-says-zachxbt/,CryptoCurrency,2026-04-09 13:37:34,1,REAL,reddit_CryptoCurrency
Strategy Is Buying Bitcoin 2x Faster Than New BTC Supply In 2026,,244,0.92,53,https://ourcryptotalk.com/news/strategy-buying-bitcoin-2x-faster-new-supply,CryptoCurrency,2026-04-08 06:49:21,1,REAL,reddit_CryptoCurrency
Is Adam Back Satoshi? The Daily Episode for those who don’t like to have to read the article,"I know the New York Times article came out a few days ago regarding John Carreyrou’s analysis hypothesizing that Adam Back is Satoshi. I know not everybody has had the time to read the article. NYT’s The Daily episode today recaps John’s evidence, and has a new response directly from Adam. Adam continues to deny the accusation that he is Satoshi, however he also provides a clear rationale why he doesn’t personally think that Satoshi should be unmasked. This clearly benefits his own interests, if he was Satoshi. It’s also noteworthy that he doesn’t have any supporting alibi nor plausible explanation to discredit the NYT evidence, other than claiming the NYT research is just a coincidence. Worth a listen, especially if you haven’t already read the article. I’m curious what everybody’s thoughts are?",0,0.38,10,https://podcasts.apple.com/us/podcast/the-daily/id1200361736?i=1000760438153,CryptoCurrency,2026-04-09 23:46:53,0,FAKE,reddit_CryptoCurrency
How The Trumps Blew $1 Billion On Bitcoin,,61,0.82,6,https://www.forbes.com/sites/danalexander/2026/04/08/how-the-trumps-blew-1-billion-on-bitcoin/,CryptoCurrency,2026-04-08 14:07:29,1,REAL,reddit_CryptoCurrency
White House study bolsters crypto's stance in stablecoin yield fight against bankers,,17,0.82,1,https://www.coindesk.com/policy/2026/04/08/white-house-study-bolsters-crypto-s-stance-in-stablecoin-yield-fight-against-bankers,CryptoCurrency,2026-04-08 20:19:24,1,REAL,reddit_CryptoCurrency
Crypto card boom hits $600 million monthly volume as USDC gains ground on USDT,,7,0.69,6,https://www.theblock.co/post/396724/crypto-card-boom-600-million-monthly-volume-usdc-gains-ground-usdt,CryptoCurrency,2026-04-09 00:30:57,1,REAL,reddit_CryptoCurrency
I built a middleware that auto-fixes crypto API errors — does anyone actually need this?,"I built a middleware that automatically handles the API errors that kill trading bots silently.

10 error types it fixes**:**

Rate limit 429/503 → smart backoff + retry

Stale data → fetches fresh from backup

Auth errors 401/403 → key rotation + signature fix

Endpoint down 502/504 → auto failover

Price mismatch → cross-exchange median

Broken JSON → schema repair

WebSocket disconnect → auto reconnect

Unexpected 500 → clean retry

Key permission issues → safe degraded mode

Financial risk → circuit breaker

All fixes happen in under 2ms. Works with Binance, Coinbase, Kraken, Bybit, OKX.

3 honest questions for anyone running live bots**:**

	1.	Is this a real problem you face?

	2.	Would you actually use something like this?

	3.	Worth continuing to develop?

Any feedback welcome — good or bad 🙏

https**:**//smithery.ai/server/aloryanirakan-cqmg/crypto-api-fixer",0,0.25,12,https://www.reddit.com/r/CryptoCurrency/comments/1sgswco/i_built_a_middleware_that_autofixes_crypto_api/,CryptoCurrency,2026-04-09 15:29:22,0,FAKE,reddit_CryptoCurrency
Temptation,"Im tempted to go all in in crypto, and invest 90% of what ive got into ethereum, hoping for an ATH in the next 1-2 years.

First time investing was in 2020, and it went good, but not as good as it could, since i sold accidentally my cryptos, and having a ""fuck it"" breakdown, decided to sell everything at the time. 

Now im in a personal situation where i can only think the what if. What if i holded those crypto until last year? What if i lose the opportunity again, watching at this bear market? What if waiting for the perfect moment to step in again, i end losing the moment? What if i invest blindly confident like i did in 2020 and this time it goes bad? But what if it goes like it did then? 

idk, but im in a situation where i feel years pasing by, and not being able to move my money, just spend it living daily, like rent, car, internet, food.. just a normal and simple life thats taking me to bankruptcy, i really dont want that for my entire life. I dont need to be millionaire, but wo",0,0.39,67,https://www.reddit.com/r/CryptoCurrency/comments/1sh2ieg/temptation/,CryptoCurrency,2026-04-09 21:12:37,0,FAKE,reddit_CryptoCurrency
Mysterious Bitcoin inventor Satoshi Nakamoto is 'unmasked' as British nerd who could secretly be worth $70bn,"On Wednesday, he took to X to deny the allegations, telling his followers decisively, 'I'm not Satoshi' before adding in a follow-up tweet: 'I also don't know who Satoshi is, and I think it is good for Bitcoin that this is the case, as it helps Bitcoin be viewed a new asset class, the mathematically scarce digital commodity.'

Nevertheless, the New York Times' conclusion was drawn from over a year of trawling through thousands of decades-old internet postings, revealing a trail of opaque clues that weaved together point towards Back.",63,0.64,144,https://www.dailymail.co.uk/news/article-15715043/Bitcoin-inventor-unmasked-55-year-old-British-encryption-expert-writing-style-gave-away.html,CryptoCurrency,2026-04-08 11:55:57,1,REAL,reddit_CryptoCurrency
"Caffeine V3 is Officially Live: The ""Agentic"" Shift Redefining On-Chain Development",,0,0.4,1,https://internetcomputertoday.substack.com/p/caffeine-v3-is-officially-live-the,CryptoCurrency,2026-04-09 09:16:13,0,FAKE,reddit_CryptoCurrency
the $16m us-iran ceasefire market is a trap,"tbh the $16m us-iran ceasefire market is probably the most mispriced contract on the board rn.

every time a de-escalation headline drops like trumps 14 day pause today people just blindly slam YES. but the real challenge isnt forecasting the middle east. its figuring out how the fine print actually gets settled through UMA.

there are a couple obvious traps here. first off the current ceasefire is just a two week suspension mediated by pakistan. a temporary pause doesnt count as a permanent conclusion to 'operation epic fury' even if the headlines make it sound bullish af. second, proxy conflicts (like israel saying lebanon isnt included) make these geo contracts a mess. once a market goes to dispute it always comes down to technical wording over common sense.

honestly thats why i stopped trading this stuff off headlines alone. lately ive just been dumping the raw text into \[[PolyPredict](https://polypredict.ai)\] to flag the rule-risk and map time decay cause doing it manually is b",28,0.77,22,https://www.reddit.com/gallery/1sfvob0,CryptoCurrency,2026-04-08 15:12:07,1,REAL,reddit_CryptoCurrency
ZachXBT Exposes DPRK Crypto Payment Network Processing $3.5M in Illicit Remittances,,0,0.5,1,https://cryip.co/zachxbt-exposes-dprk-crypto-payment-network-illicit-remittances/,CryptoCurrency,2026-04-09 08:53:16,1,REAL,reddit_CryptoCurrency
"Bitcoin is above $70,000 on Iran ceasefire, but rally is turning cautious for good reasons",,21,0.86,0,https://www.coindesk.com/markets/2026/04/08/bitcoin-is-above-usd70-000-on-iran-ceasefire-but-rally-is-turning-cautious-for-good-reasons,CryptoCurrency,2026-04-08 16:03:52,1,REAL,reddit_CryptoCurrency
"Quantum Threat to Bitcoin Not Immediate, Says Blockstream’s Adam Back",,53,0.85,25,https://coinedition.com/quantum-threat-to-bitcoin-not-immediate-says-blockstreams-adam-back/,CryptoCurrency,2026-04-08 10:56:36,1,REAL,reddit_CryptoCurrency
Polymarket Traders Accused of Insider Trading on US-Iran Bet,,62,0.91,13,https://cointelegraph.com/news/3-polymarket-traders-made-a-timely-bet-on-a-us-iran-ceasefire,CryptoCurrency,2026-04-08 09:07:52,1,REAL,reddit_CryptoCurrency
Suspected North Korean IT Operative Exposed in Remote Job Interview After Failing Loyalty Test,,516,0.95,26,https://cryip.co/suspected-north-korean-it-operative-exposed-in-remote-job-interview-after-failing-loyalty-test/,CryptoCurrency,2026-04-07 21:06:19,1,REAL,reddit_CryptoCurrency
84% of Polymarket traders are losing money. That says a lot about who prediction markets are really built for.,"The most interesting part of the latest Polymarket data isn’t just that most people lose.

It’s how uneven the edge really is.

An April 2026 analysis covering 2.5 million wallets found that 84.1% of participants were unprofitable. Only 2% made more than $1,000 over their full trading history, and just 840 wallets cleared $100,000 in cumulative profit.

That’s not a small retail underperformance story. That’s a market structure story.

The wallets making serious money are concentrated around arbitrage, market making, and execution speed. In other words, the advantage seems to sit with participants who treat these markets like infrastructure, not opinion.

That matters, because prediction markets are often sold as a cleaner way to express views on real-world outcomes. But if most retail traders are consistently late, emotional, or trading without a structural edge, then the market starts looking less like “collective intelligence” and more like another venue where faster players extract",732,0.97,133,https://websnack.org/news/polymarket-84-percent-traders-losing-money-apr-2026,CryptoCurrency,2026-04-07 19:06:09,1,REAL,reddit_CryptoCurrency
US SEC Names New Enforcer as Questions Loom over Agency‘s Direction,,3,0.71,0,https://cointelegraph.com/news/sec-enforcement-director-questions-crypto,CryptoCurrency,2026-04-08 23:55:01,1,REAL,reddit_CryptoCurrency
Morgan Stanley's Bitcoin ETF Goes Live Tomorrow,,134,0.93,21,https://finance.yahoo.com/markets/crypto/articles/morgan-stanleys-btc-etf-going-192517212.html,CryptoCurrency,2026-04-08 02:51:27,1,REAL,reddit_CryptoCurrency
One week of Qubic DOGE mining,"Week one post launch. For anyone who has been following my verification thread from the beginning, here is the data summary.

**Week 1 network stats dashboard:**

* Total DOGE Blocks: 7
* Peak % of DOGE network hashrate: 26.81 TH/s
* Average % over the week: 9.86 TH/s

  
It seems like qubic hashrate is growing and gaining traction and I will keep an eye out to see how they progress. Currently they are outside of the top 20 biggest mining pools but I will guess they will enter the top 20 in the coming days.

  
Interesting to see the technology being put to work, where do you guys think qubic will end up in terms of hash rate %?

https://preview.redd.it/718db9cj70ug1.png?width=2534&amp;format=png&amp;auto=webp&amp;s=bf2cd3e46184d6e4f83564d2553cc2edafbaae25

",6,0.63,1,https://www.reddit.com/r/CryptoCurrency/comments/1sg02ul/one_week_of_qubic_doge_mining/,CryptoCurrency,2026-04-08 17:47:42,1,REAL,reddit_CryptoCurrency
Anyone tried this web based polymarket tool?," ran across this video today, I know it’s probably mostly all fluff but wanted to get input if you see it as viable

https://youtu.be/KOTGnXqmsZI?si=WXB5iRxo5w\_De31E

The website he was taking about was this one

https://www.polybuild.app

Want to see if anyone has some success copy trading as well or if maybe arbitraging is better because I saw a software that did that as well

Kind of new to this so I was hoping to get input if anyone’s tried it 

All the others I have seen are mostly telegram based ",0,0.25,1,https://www.reddit.com/r/CryptoCurrency/comments/1sgmtt6/anyone_tried_this_web_based_polymarket_tool/,CryptoCurrency,2026-04-09 11:23:20,0,FAKE,reddit_CryptoCurrency
"Bitcoin's next big move hinges on oil, and right now it's a total coin flip",,0,0.38,2,https://www.coindesk.com/markets/2026/04/09/bitcoin-s-next-big-move-hinges-on-oil-and-right-now-it-s-a-total-coin-flip,CryptoCurrency,2026-04-09 12:32:43,0,FAKE,reddit_CryptoCurrency
"Fundstrat's Tom Lee says 'the bottom is in' for stocks, paving a bull case for bitcoin, ether",,0,0.27,4,https://www.coindesk.com/markets/2026/04/09/fundstrat-s-tom-lee-says-the-bottom-is-in-for-stocks-paving-a-bull-case-for-bitcoin-and-ether,CryptoCurrency,2026-04-09 11:51:21,0,FAKE,reddit_CryptoCurrency
Bitcoin Long-Term Holders Return to Accumulation Mode: Binance Sees Early Bull Market Signals,,27,0.82,6,https://news.bitcoin.com/bitcoin-long-term-holders-return-to-accumulation-mode-binance-sees-early-bull-market-signals/,CryptoCurrency,2026-04-08 09:04:04,1,REAL,reddit_CryptoCurrency
Moving your crypto off an exchange is the right call. But there's a problem nobody talks about.,"After FTX, after Celsius — millions of people moved their crypto to hardware wallets. That was the right move.

But there's a failure mode on the other side that doesn't get discussed.

Self-custody is built for one person. Death involves other people. And the same features that lock out attackers lock out your family.

Real cases:

A woman in North Carolina found out her late husband had over $200,000 in crypto. He never told her it existed. She had a will. She had a court order naming her as sole heir. Didn't matter. A court can grant you legal ownership of Bitcoin. It can't recreate a seed phrase that was never written down. The funds are gone.

Matthew Mellon turned $2 million in Ripple into a reported $500 million. He spread it across multiple cold wallets and told nobody where the keys were. He died in 2018. The wallets have never been found.

A man inherited everything from his father — will, death certificate, full legal authority. The father was a senior executive with extreme",0,0.28,24,https://www.reddit.com/r/CryptoCurrency/comments/1sgpy0d/moving_your_crypto_off_an_exchange_is_the_right/,CryptoCurrency,2026-04-09 13:40:29,0,FAKE,reddit_CryptoCurrency
Bitcoin Tops $72K as US-Iran Ceasefire Sparks Rally : But For How Long?,,81,0.83,80,https://ourcryptotalk.com/news/bitcoin-tops-72k-amid-us-iran-ceasefire-rally,CryptoCurrency,2026-04-08 01:47:36,1,REAL,reddit_CryptoCurrency
Bitcoin Spikes Over $72K as Trump Announces Conditional Ceasefire With Iran,,12,0.72,1,https://decrypt.co/363611/bitcoin-spikes-over-72k-as-trump-announces-conditional-ceasefire-with-iran,CryptoCurrency,2026-04-08 09:58:16,1,REAL,reddit_CryptoCurrency
[ Removed by Reddit ],[ Removed by Reddit on account of violating the [content policy](/help/contentpolicy). ],1,1.0,0,https://www.reddit.com/r/CryptoCurrency/comments/1sg83qi/removed_by_reddit/,CryptoCurrency,2026-04-08 22:47:35,1,REAL,reddit_CryptoCurrency
CZ Memoir Rekindles Feud with OKX Founder Star Xu,,6,0.87,1,https://cointelegraph.com/news/cz-memoir-reignites-feud-with-okx-star-xu,CryptoCurrency,2026-04-08 13:57:39,1,REAL,reddit_CryptoCurrency
"Bitcoin Has 3-5 Years To Prepare for Quantum Threat, Says Bernstein |",,0,0.43,8,https://coinmarketcap.com/academy/article/bitcoin-has-3-5-years-to-prepare-for-quantum-threat-says-bernstein,CryptoCurrency,2026-04-09 05:03:34,0,FAKE,reddit_CryptoCurrency
'A whole civilization will die': Crypto markets under pressure as Trump ups rhetoric towards Iran,,234,0.87,210,https://www.coindesk.com/markets/2026/04/07/a-whole-civilization-will-die-crypto-markets-under-pressure-as-trump-ups-rhetoric-towards-iran,CryptoCurrency,2026-04-07 14:35:35,1,REAL,reddit_CryptoCurrency
Polymarket moving to direct USD funding could be a bigger shift than it looks,,0,0.5,2,https://websnack.org/news/polymarket-usd-exchange-overhaul-apr-2026,CryptoCurrency,2026-04-08 19:49:22,1,REAL,reddit_CryptoCurrency
Trump coin,"A week ago we had to literally bomb Iran into the Stone Age. 

Today there are serious discussions about tolls being charged by the Iranian regime on ships transiting the straits of Hormuz. 

These tolls will be paid in crypto and this is with the tacit agreement of the USA who no doubt will want their percentage. 

Will Trump insist upon the crypto of choice for these transactions being the Trump coin?

I can’t think of a single practical reason to use it beyond Trump imposing it. 

Is he mad enough to do this?

Should we be buying it up?",0,0.13,16,https://www.reddit.com/r/CryptoCurrency/comments/1sgm4vq/trump_coin/,CryptoCurrency,2026-04-09 10:47:12,0,FAKE,reddit_CryptoCurrency
5 years ago this video reached the same conclusion as NYT about Satoshi,,0,0.33,0,https://www.youtube.com/watch?v=XfcvX0P1b5g,CryptoCurrency,2026-04-09 02:09:43,0,FAKE,reddit_CryptoCurrency
FDIC setting standards for Stablecoins ft GENIUS ACT,"📗FDIC will establish a prudential framework for FDIC-supervised permitted payment stablecoin issuers.

📗Requirements related to reserve assets, redemption, capital, and risk management standards will also be set.

📗We can expect FDIC-supervised payment stablecoin issuers and insured depository institutions that provide certain payment stablecoin related custodial and safekeeping services.

Which blockchains will be chosen by stablecoin issuers supervised by FDIC?

Will regulated stablecoins eat marketshare of incumbent players??

[source](https://x.com/i/status/2041812568004845594)",4,0.75,3,https://www.reddit.com/r/CryptoCurrency/comments/1sfrifu/fdic_setting_standards_for_stablecoins_ft_genius/,CryptoCurrency,2026-04-08 12:32:46,1,REAL,reddit_CryptoCurrency
Pretty sure I've been caught in the pig butchering scam - need help,,1,0.6,2,/r/CryptoScams/comments/1sfyvu5/pretty_sure_ive_been_caught_in_the_pig_butchering/,CryptoCurrency,2026-04-08 17:06:49,1,REAL,reddit_CryptoCurrency
How do you actually keep up with the crypto market without drowning in noise?,"There’s information everywhere now - X, YouTube, Telegram, newsletters, TradingView, headlines, and endless opinions on what the market is “really doing.”

At this point it feels like the real challenge isn’t finding information, it’s filtering it.

Curious how people here actually stay on top of Bitcoin, macro, ETF flows, and the broader crypto market without getting overwhelmed.

Do you follow a few trusted sources, mostly watch price, or have some kind of daily routine?

What’s your real setup?",0,0.44,40,https://www.reddit.com/r/CryptoCurrency/comments/1sg4fvr/how_do_you_actually_keep_up_with_the_crypto/,CryptoCurrency,2026-04-08 20:25:22,0,FAKE,reddit_CryptoCurrency
Google’s Quantum Breakthrough Is Already Reshaping Crypto Markets,"This doesn’t seem like an immediate break, but more like a shift in how close that scenario might actually be. The fact that timelines are being pulled forward is probably more important than the headline itself. Markets reacting with dispersion rather than a broad selloff makes sense if people are starting to differentiate between projects that can adapt and those that haven’t really addressed it yet.

What’s interesting is that this turns into more of a coordination problem than a purely technical one. Upgrading cryptography across large networks like Bitcoin or Ethereum isn’t trivial, even if solutions exist. So the risk isn’t just quantum capability, but whether governance and adoption can move fast enough when needed.",7,0.58,21,https://www.sandmark.com/news/analysis/googles-quantum-breakthrough-already-reshaping-crypto-markets?utm_medium=referral&amp;utm_source=redbot&amp;utm_campaign=redbot-ww-en-brand,CryptoCurrency,2026-04-08 07:43:02,1,REAL,reddit_CryptoCurrency
The Best Dollar-Cost Averaging Strategy for Crypto in 2026 (From Real Portfolios),,0,0.33,1,https://dailycryptobriefs.com/insights/dollar-cost-averaging-strategy/,CryptoCurrency,2026-04-08 22:14:37,0,FAKE,reddit_CryptoCurrency
Crypto Banks Reach Stablecoin Deal in CLARITY Act Talks,,28,0.89,4,https://dailycryptobriefs.com/news/clarity-act-stablecoin-deal-banks-crypto/,CryptoCurrency,2026-04-07 21:32:29,1,REAL,reddit_CryptoCurrency
Bitcoin and Oil Flips as Trump Nears Hormuz Deal with Iran,,17,0.76,4,https://beincrypto.com/bitcoin-oil-flip-trump-iran-deal-hormuz/,CryptoCurrency,2026-04-08 00:10:17,1,REAL,reddit_CryptoCurrency
WLFI Treasury Drains USD1 Pool on Dolomite: Rates Spike to 35%,,0,0.33,3,https://beincrypto.com/wlfi-own-treasury-drains-stablecoin-pool/,CryptoCurrency,2026-04-08 15:19:34,0,FAKE,reddit_CryptoCurrency
Binance’s New Rule Could Have Prevented the $19 Billion October Crash,,29,0.76,17,https://beincrypto.com/binance-prer-spot-price-range-rule/,CryptoCurrency,2026-04-07 19:47:45,1,REAL,reddit_CryptoCurrency
The Proof Economy: Why Kaspa Will Go Mainstream,,0,0.27,1,https://youtu.be/o0AZXzjkRvI?si=lPDd9WFENztWBzBy,CryptoCurrency,2026-04-08 22:48:09,0,FAKE,reddit_CryptoCurrency
BLOOMBERG: Morgan Stanley Bitcoin ETF will launch this week,,81,0.91,7,https://x.com/pete_rizzo_/status/2041507858185888117?s=20,CryptoCurrency,2026-04-07 14:07:50,1,REAL,reddit_CryptoCurrency
The Main Problem of Crypto Business,"Widespread adoption of cryptocurrency would enable businesses to make significant savings on acquisition fees, reach a global customer base and process payments instantly. However, slow fiat transfers within the banking system remain a problem.

Moving a business into the crypto industry can fragment a company’s working capital. The inability to abandon fiat currency and the need to use intermediaries — crypto gateways — means funds are distributed across three channels:

 • bank account

 • crypto gateway wallet

 • hot and cold wallets.

Consequently, companies are forced to maintain excess reserves in each account and wallet, resulting in capital being tied up.

According to Cryptomus, this problem can be partially solved by issuing crypto cards that enable the direct spending of cryptocurrency with instant conversion to fiat. 

Fireblocks offers clients automatic rebalancing: as soon as the cryptocurrency accumulated in the crypto gateway wallet exceeds a set threshold, it is autom",3,0.72,7,https://www.reddit.com/r/CryptoCurrency/comments/1sfm3zw/the_main_problem_of_crypto_business/,CryptoCurrency,2026-04-08 07:35:53,1,REAL,reddit_CryptoCurrency
Crypto billionaire to prison: CZ’s autobiography revisits turbulent Binance era,,8,0.79,4,https://cointelegraph.com/news/crypto-billionaire-cz-autobiography,CryptoCurrency,2026-04-08 02:53:12,1,REAL,reddit_CryptoCurrency
Argentina President Javier Milei Under Fire in LIBRA Crypto Scandal: New Evidence Reveals Deeper Ties,,114,0.91,16,https://cryip.co/javier-milei-libra-crypto-scandal-explodes-with-fresh-evidence-of-calls-and-hidden-deal/,CryptoCurrency,2026-04-07 11:35:29,1,REAL,reddit_CryptoCurrency
Litescribe (MWEB-enabled Litecoin inscriptions wallet) v1.1.4 is out,,3,0.72,2,https://litescribe.io,CryptoCurrency,2026-04-08 06:52:52,1,REAL,reddit_CryptoCurrency
MEXC Appoints Vugar Usi as CEO as Exchange Enters Top 5,,1,0.57,5,https://beincrypto.com/mexc-appoints-vugar-usi-ceo/,CryptoCurrency,2026-04-08 12:30:23,1,REAL,reddit_CryptoCurrency
Google search trends vs Crypto Twitter sentiment: Which is more reliable?,"Crypto Twitter sentiment right now feels pretty bearish: lower engagement, quieter timelines, less hype overall.

But when you look at Google Trends for “crypto,” the picture looks a bit different.

Search interest has cooled off from a recent spike, but zooming out since mid-2023, it still seems to be forming a pattern of higher lows and higher highs.

That got me thinking:

* CT reflects active participants (traders, builders, influencers)
* Google search likely captures broader interest (new users, retail research, institutions doing initial due diligence)

In previous cycles, there have been periods where social sentiment felt weak while underlying interest (search trends, onboarding, etc.) was still building.

Not saying this guarantees anything, but it does raise a question:

**Are we over-relying on Crypto Twitter as a market signal?**

Curious what others think.  
Do you track alternative indicators like Google Trends, app downloads, or exchange signups?



# ",47,0.86,17,https://i.redd.it/8atekkufkrtg1.png,CryptoCurrency,2026-04-07 12:42:49,1,REAL,reddit_CryptoCurrency
China Orders Removal of Jack Dorsey’s Bitchat App From App Store,,396,0.95,34,https://coinedition.com/china-orders-removal-of-jack-dorseys-bitchat-app-from-app-store/,CryptoCurrency,2026-04-07 00:23:36,1,REAL,reddit_CryptoCurrency
Bitcoin news: Morgan Stanley’s spot BTC ETF may begin trading Wednesday,,0,0.5,1,https://www.coindesk.com/markets/2026/04/08/bitcoin-etf-by-a-major-u-s-bank-with-usd9-3-trillion-in-client-assets-could-debut-wednesday,CryptoCurrency,2026-04-08 08:40:50,1,REAL,reddit_CryptoCurrency
How often do your trading bots break because of exchange API issues?,"I**’**m trying to understand how common this actually is because I**’**m working on something in this space.

For people running crypto trading bots **(**Binance, Coinbase, etc**):**

\- How often do you run into API issues? **(**rate limits, stale data, 500 errors, auth problems**)**

\- When it happens, does it actually affect your trades or cause losses?

\- How do you usually deal with it? **(**retry logic, custom fixes, just ignore it, etc**)**

\- Would you trust something that fixes this automatically in real-time?

I**’**m thinking about building a tool that sits between the bot and the exchange APIs to handle these issues automatically, but I**’**m not sure if this is actually a big enough problem or just something most people already solved.",0,0.44,9,https://www.reddit.com/r/CryptoCurrency/comments/1sfmqxz/how_often_do_your_trading_bots_break_because_of/,CryptoCurrency,2026-04-08 08:15:36,0,FAKE,reddit_CryptoCurrency
Worldcoin Prices Dips As Sam Altman’s Trust Crisis Deepens With New SBF Comparison,,75,0.9,12,https://beincrypto.com/sam-altman-trust-crisis-sbf-worldcoin/,CryptoCurrency,2026-04-07 07:49:50,1,REAL,reddit_CryptoCurrency
Three Charts Worth Watching Right Now,,0,0.25,0,https://tradermap.io/insights/eth-doge-intc-three-charts-worth-watching-right-now,CryptoCurrency,2026-04-08 10:29:53,0,FAKE,reddit_CryptoCurrency
"Kaspa's Toccata Hard Fork: Covenants, ZK Opcodes, And A New June Target",,10,0.65,4,https://bsc.news/post/kaspa-toccata-hard-fork,CryptoCurrency,2026-04-07 15:33:45,1,REAL,reddit_CryptoCurrency
"CLARITY Act Yield Deal Finalized by Banks, Crypto Firms: Act Could Be Signed This Month",,124,0.93,42,https://ourcryptotalk.com/news/clarity-act-deal-banks-crypto-stablecoin-yield-compromise,CryptoCurrency,2026-04-07 02:53:42,1,REAL,reddit_CryptoCurrency
"Is BTC really in the “buy zone” now, or are we still missing one last washout?","I recently saw people saying that BTC is now closer to its so called “buy zone” than it has been at any point in the last three years. The basic idea is that the gap between the current price and the realized price on chain has narrowed a lot, and historically that kind of setup has often shown up near cycle bottoms. The problem is that even though BTC is getting close, it still does not feel like the market has reached the kind of full capitulation that usually comes with a real bottom.

That is the part I keep getting stuck on. A lot of people hear “close to the buy zone” and think it is already time to go in. But if we still have not seen peak fear and broad capitulation, does that mean the bottom is not fully in yet? On trading platforms like bydfi or kraken, it also feels like people are getting more sensitive to this whole “buy zone” idea, but not that many seem fully ready to step in.

So I want to hear what other people think. Do you feel like this is already a level where it m",0,0.38,34,https://www.reddit.com/r/CryptoCurrency/comments/1sfsyye/is_btc_really_in_the_buy_zone_now_or_are_we_still/,CryptoCurrency,2026-04-08 13:32:27,0,FAKE,reddit_CryptoCurrency
Who Is Satoshi Nakamoto? My Quest to Unmask Bitcoin’s Creator,,0,0.41,7,https://www.nytimes.com/2026/04/08/business/bitcoin-satoshi-nakamoto-identity-adam-back.html,CryptoCurrency,2026-04-08 13:23:52,0,FAKE,reddit_CryptoCurrency
"Polymarket Becomes War Betting Hub, Lawmakers Demand Crackdown",,234,0.95,70,https://coinedition.com/polymarket-becomes-war-betting-hub-lawmakers-demand-crackdown/,CryptoCurrency,2026-04-06 22:38:22,1,REAL,reddit_CryptoCurrency
NYT’s 18-Month Investigation Links Adam Back to Satoshi Nakamoto,,0,0.44,83,https://ourcryptotalk.com/news/nyt-investigation-adam-back-satoshi-nakamoto,CryptoCurrency,2026-04-08 13:55:34,0,FAKE,reddit_CryptoCurrency
Hackers Selling Fake Hardware Wallets and Pre-Loaded Seed Phrases to Steal Crypto,,21,0.87,7,https://a2zcryptocurrencies.com/hackers-using-fake-hardware-wallets-and-pre-loaded-seed-phrases-to-steal-crypto/,CryptoCurrency,2026-04-07 11:52:02,1,REAL,reddit_CryptoCurrency
Popular Streamer had 10k stolen from him in a Crypto Rug Pull | He then stole his girlfriend,,0,0.14,5,https://youtu.be/RuQzGTvj22Q?si=INlnWDNXZ-y6CKoC,CryptoCurrency,2026-04-08 18:40:00,0,FAKE,reddit_CryptoCurrency
XRP led crypto's $224 million ETF inflow rebound last week,,9,0.65,1,https://www.coindesk.com/markets/2026/04/07/crypto-s-usd224-million-inflow-rebound-was-led-by-mostly-one-country-and-xrp,CryptoCurrency,2026-04-07 15:00:59,1,REAL,reddit_CryptoCurrency
"US Money Supply Hits Record $22.7, Inflation Fears Rise as Bitcoin Case Strengthens",,119,0.84,22,https://coinedition.com/us-money-supply-hits-record-22-7-inflation-fears-rise-as-bitcoin-case-strengthens/,CryptoCurrency,2026-04-06 23:58:13,1,REAL,reddit_CryptoCurrency
On-chain commodities trading is the still an underrated narrative,"Everyone is panic watching macro right now. Tariffs, inflation, gold hitting new ATHs, oil swinging 5% in a day. The whole world is suddenly very interested in commodities again.

And yet barely anyone in this sub is connecting the dots between what's happening in macro and what's being built on-chain.

Think about what Hyperliquid already proved. You can trade perps on basically anything, permissionlessly, on-chain, with deep liquidity and no broker in the middle. It wasnt even designed for commodities and people are already using it to get exposure to oil and gold like its nothing.

Now imagine a protocol built from scratch specifically for commodities perps. That's what \*\*Sphinx\*\* is doing alongside a couple of other next gen apps in crypto. Not a general DEX that throws in a few commodity pairs as an afterthought. The whole architecture is designed around on-chain perps for real world commodities, with compliance considerations built in from the start. That last part matters mo",17,0.78,4,https://www.reddit.com/r/CryptoCurrency/comments/1seoqt3/onchain_commodities_trading_is_the_still_an/,CryptoCurrency,2026-04-07 07:05:07,1,REAL,reddit_CryptoCurrency
Bitcoin profit taking keeps BTC below $70K as Trump doubles down on Iran,,21,0.75,8,https://www.tradingview.com/news/cointelegraph:c01e4e9c8094b:0-bitcoin-profit-taking-keeps-btc-below-70k-as-trump-doubles-down-on-iran/,CryptoCurrency,2026-04-07 04:52:28,1,REAL,reddit_CryptoCurrency
Trump’s World Liberty Strikes Deal With Binance-Backed Aster,,31,0.81,14,https://beincrypto.com/trump-wlfi-usd1-aster-dex-partnership/,CryptoCurrency,2026-04-07 01:06:44,1,REAL,reddit_CryptoCurrency
"Crypto Exchanges, 1099-DA, and Crypto Tax Software?","If you transfer crypto to a wallet outside the exchange, does the exchange track this as a sale or a transfer?

More context: Crypto Tax Software has no problem tracking this as a transfer---since it knows about all of your wallets---but I suspect the exchange may track this on the 1099-DA as a sale.

But then the 1099-DA reports a sale while the 1099-B generated by the crypto tax software reports a nothing burger---and may not even report this transaction since it's just a transfer.

Question: do we need to report the 1099-DA is we use crypto tax software to track all transactions? If so, how to reconcile when the two are different?

Update: if not clear this is about US taxes",2,0.63,17,https://www.reddit.com/r/CryptoCurrency/comments/1sex5xp/crypto_exchanges_1099da_and_crypto_tax_software/,CryptoCurrency,2026-04-07 14:12:49,1,REAL,reddit_CryptoCurrency
Split Capital Founder Says Crypto Hedge Funds No Longer Work,,3,0.64,1,https://cointelegraph.com/news/split-capital-wind-down-founder-plasma-stablecoin-startup,CryptoCurrency,2026-04-07 15:01:41,1,REAL,reddit_CryptoCurrency
"Saylor’s Strategy buys 4,871 BTC for $329.9 Million – Total Holdings Reach 766,970 BTC",,238,0.97,19,https://cryip.co/saylor-strategy-buys-4871-btc/,CryptoCurrency,2026-04-06 12:08:57,1,REAL,reddit_CryptoCurrency
Trader James Wynn Liquidated Sixth Time - Down From $100M To $900,,944,0.96,115,https://ourcryptotalk.com/news/james-wynn-liquidated-again-on-hyperliquid,CryptoCurrency,2026-04-06 02:49:31,1,REAL,reddit_CryptoCurrency
How important is it to you that you can fully control and can export your own wallet keys?,"

[View Poll](https://www.reddit.com/poll/1sf77fq)",0,0.4,5,https://www.reddit.com/r/CryptoCurrency/comments/1sf77fq/how_important_is_it_to_you_that_you_can_fully/,CryptoCurrency,2026-04-07 20:09:45,0,FAKE,reddit_CryptoCurrency
US Senate Banking panel member confirms April timeline for crypto market structure,,40,0.86,6,https://cointelegraph.com/news/us-senator-bill-hagerty-timeline-market-structure,CryptoCurrency,2026-04-06 17:44:28,1,REAL,reddit_CryptoCurrency
"Daily Crypto Discussion - April 6, 2026 (GMT+0)","**Welcome to the Daily Crypto Discussion thread. Please read the disclaimer and rules before participating.**

 

# Disclaimer:

Consider all information posted here with several liberal heaps of salt, and always cross check any information you may read on this thread with known sources. Any trade information posted in this open thread may be highly misleading, and could be an attempt to manipulate new readers by known ""pump and dump (PnD) groups"" for their own profit. BEWARE of such practices and exercise utmost caution before acting on any trade tip mentioned here.

**Please be careful about what information you share and the actions you take.** Do not share the amounts of your portfolios (why not just share percentage?). Do not share your private keys or wallet seed. Use strong, non-SMS 2FA if possible. Beware of scammers and be smart. Do not invest more than you can afford to lose, and do not fall for pyramid schemes, promises of unrealistic returns (get-rich-quick schemes), and ot",9,0.75,88,https://www.reddit.com/r/CryptoCurrency/comments/1seejul/daily_crypto_discussion_april_6_2026_gmt0/,CryptoCurrency,2026-04-06 23:00:53,1,REAL,reddit_CryptoCurrency
CAC26 - Fiat Chain: Rethinking Public Blockchain Infrastructure Without Native Tokens(Silvio Micali),,2,0.63,0,https://youtu.be/mMO3cYwn-3c?si=W27DqRCYVYtaVgQc,CryptoCurrency,2026-04-07 07:18:11,1,REAL,reddit_CryptoCurrency
Crypto Exchange Scam Happening Again Don't Be Fooled,,0,0.38,2,https://youtu.be/BKPkAwTWRkE,CryptoCurrency,2026-04-07 18:05:28,0,FAKE,reddit_CryptoCurrency
Ethereum Transaction Failures Hit Historic Records,"Ethereum Transaction Failures Hit Historic Records

On 22 March, the Ethereum blockchain failed to process 707,267 transactions. This is the highest number of failed transactions since 2016.

According to CryptoQuant statistics, the network has experienced three significant spikes in activity since November — in December, February and now. There has been a steady increase in failed transactions over the past few months.

The issue of transaction failures can be described as alarming; at the most recent peak, 35% of all financial transactions failed. Interestingly, activity on the Ethereum network decreased on that day, so congestion cannot be considered the cause.

While Ethereum developers (Core Devs) have not issued any official statements, the situation is being actively discussed during working meetings (All Core Devs Calls). The problem lies in the smart contract code and cannot be resolved due to the lack of a mandatory audit.

Cryptomus analysts have identified another issue. Th",112,0.72,73,https://www.reddit.com/r/CryptoCurrency/comments/1sdsz1n/ethereum_transaction_failures_hit_historic_records/,CryptoCurrency,2026-04-06 08:24:14,1,REAL,reddit_CryptoCurrency
Cardone Capital Plans to Tokenize $5B Real Estate Portfolio,,1,0.52,13,https://ourcryptotalk.com/news/cardone-capital-to-tokenize-5b-real-estate-portfolio,CryptoCurrency,2026-04-07 08:47:26,1,REAL,reddit_CryptoCurrency
Bitcoin miner Cango secures financing as NYSE delisting looms amid low stock price,,50,0.9,7,https://www.theblock.co/post/396056/bitcoin-miner-cango-secures-financing-nyse-delisting-looms-low-stock-price,CryptoCurrency,2026-04-06 09:55:41,1,REAL,reddit_CryptoCurrency
Algorand just jumped 50% after a Google flags quantum risk for Bitcoin and Ethereum,,424,0.84,133,https://cryptoslate.com/algorand-just-jumped-50-after-a-google-flags-quantum-risk-for-bitcoin-and-ethereum/,CryptoCurrency,2026-04-05 19:00:37,1,REAL,reddit_CryptoCurrency
"SEC close to putting out 'reg crypto' for fundraising questions, Chair Atkins says",,0,0.45,0,https://www.coindesk.com/policy/2026/04/07/sec-close-to-putting-out-reg-crypto-for-fundraising-questions-chair-atkins-says,CryptoCurrency,2026-04-07 07:05:04,0,FAKE,reddit_CryptoCurrency
Trump Meme Coin Rally Amid the US President’s Death Rumors,,120,0.79,30,https://beincrypto.com/trump-meme-coins-rally-us-president-health-rumors/,CryptoCurrency,2026-04-05 22:52:31,1,REAL,reddit_CryptoCurrency
Trump-Iran deadline chaos sends crypto higher while ceasefire hopes rise,,19,0.68,14,https://cointelegraph.com/news/crypto-markets-bounce-trump-delays-deadline-for-iran,CryptoCurrency,2026-04-06 08:33:35,1,REAL,reddit_CryptoCurrency
r/cryptocurrency,"Title:

Exolix refunded my funds to a different address without authorization – need advice

Body:

Hi everyone,

I’m dealing with a serious issue with Exolix and would really appreciate your advice.

I sent 500 USDT via BSC for an exchange. The transaction was confirmed, but later their support said it failed AML checks and that they would issue a refund.

I confirmed the refund to my original address:

0x94F1Fa345f242126a7FC18DcCEac4D3cA5BE0b69

However, after a long delay, they claim the funds were refunded to a completely different address:

0x659D2De729d254686d38107B69948de988549923

This address is NOT mine and I never authorized any change.

What’s worse is that their support admitted that user identity can be verified using exchange ID and TXID (which I provided multiple times), yet they still processed the refund without proper verification.

Now they are blaming me, saying I made information public.

To me, this looks like a serious security failure on their side.

Has anyone",0,0.2,5,https://www.reddit.com/r/CryptoCurrency/comments/1setdmf/rcryptocurrency/,CryptoCurrency,2026-04-07 11:34:21,0,FAKE,reddit_CryptoCurrency
Circle Announces Quantum-Resistant Roadmap to Secure Future Digital Asset Infrastructure,,7,0.69,1,https://news.bitcoin.com/circle-announces-quantum-resistant-roadmap-to-secure-future-digital-asset-infrastructure/,CryptoCurrency,2026-04-06 11:20:34,1,REAL,reddit_CryptoCurrency
"The world is getting rid of cash, crypto is here to replace it.","# 

[](/r/binance/?f=flair_name%3A%22News%22)

Cash is being quietly capped across the EU, Mexico just mandated digital-only payments at gas stations and toll booths, and Mastercard is training AI on hundreds of billions of your transactions including merchant locations, authorization history, and biometric data. The pattern is clear: every exit from cash pulls you deeper into a system that logs everything. People have been trying to solve this for years. Monero exists but merchants won’t touch it. Zcash has the cryptography but never cracked real adoption. Lightning Network is fast but fully traceable on-chain once you know what to look for. What’s changed now is that private payments are starting to work on chains people actually use, with assets people already hold, no separate ecosystem required, just pure plug and play privacy.

",0,0.43,24,https://www.reddit.com/r/CryptoCurrency/comments/1sep640/the_world_is_getting_rid_of_cash_crypto_is_here/,CryptoCurrency,2026-04-07 07:30:29,0,FAKE,reddit_CryptoCurrency
Sparrow-LTC 2.4.3 Official Release - with MWEB support,,10,0.76,0,/r/litecoin/comments/1sdtpyh/sparrowltc_243_official_release_with_mweb_support/,CryptoCurrency,2026-04-06 09:27:39,1,REAL,reddit_CryptoCurrency
Make Money With Coinbase’s x402: A Practical Playbook for Product Developers,,0,0.47,3,https://dailycryptobriefs.com/insights/make-money-with-x402/,CryptoCurrency,2026-04-06 21:27:47,0,FAKE,reddit_CryptoCurrency
Why is OKX ripping us off?,"Does this make sense? On OKX the current BTC price is 88.7k (Singapore currency) but when I preview my purchase it’s 90.0k. 1.5% higher! I’ve never seen these sort of fees written on their fees page. This page actually says “no fee” which I find highly misleading. I like the interface and also tried trading with USDT, however that’s also got hidden charges with the SGD to USDT conversion too. I bought a large amount and despite BTC going up 4% I’ll be breaking even if I sell now… I previously came from Moomoo which is a nightmare to use, however their fees were tiny in comparison. Anyone else analyse the fees they are paying? I want to start sinking large amounts over the next 3 years and don’t want to get ripped off.",7,0.55,58,https://www.reddit.com/gallery/1sds3rg,CryptoCurrency,2026-04-06 07:30:49,1,REAL,reddit_CryptoCurrency
Nigeria is ranked #1 in global USDT and USDC ownership. Not the US. Not the UK. Not Singapore.,"A recent X thread from Abhinav Kumar lays out some striking numbers: Nigeria leads globally in stablecoin ownership. 59% of Nigerian crypto users hold USDT and 48% hold USDC... higher than the US, UK, or Singapore. 

The reason is straightforward. When the local currency loses 20-40% of its value each year, stablecoins become the practical way to protect savings without needing a foreign bank account.

The catch is what comes next. Most of those holders still convert back to naira for every purchase, bill, or supplier payment. There is almost no merchant acceptance, no easy subscription billing, and no seamless on-chain spending options. 

The $308 billion in stablecoin circulation worldwide shows real demand for dollar-denominated value storage, yet the infrastructure to actually use it day-to-day lags far behind... especially in the places where the need is greatest.

It’s a clear example of how adoption can outpace utility. The holding part works. The spending part still forces peop",105,0.81,53,https://www.reddit.com/r/CryptoCurrency/comments/1sd734r/nigeria_is_ranked_1_in_global_usdt_and_usdc/,CryptoCurrency,2026-04-05 15:51:56,1,REAL,reddit_CryptoCurrency
ranking staking options for the under-50-SOL crowd (since every guide out there is written for whales),"I keep reading staking guides that are clearly aimed at people with 500+ SOL. Here's how I see the options for people holding smaller amounts.

NOT STAKING

At 20 SOL and 7% APY you're earning $0.88/day. The effort of picking a validator and monitoring it is arguably not worth that. This is why millions of wallets don't stake. Honestly kind of a rational choice if your time is worth anything.

NATIVE STAKING (Phantom/Solflare)

Safe, simple, boring. Your SOL gets delegated to a validator through Solana's native staking. Nothing sits in a smart contract. The problem at small amounts is the rewards are basically rounding errors in your portfolio. Good for people who want to set and forget and don't care about squeezing out more.

LIQUID STAKING (Jito, Marinade, Blaze)

Extra 1-2% from MEV plus you get a liquid token for DeFi. The tradeoff is your SOL gets deposited into a protocol smart contract and you hold a derivative token. If you're not actually deploying that derivative into lendin",6,0.69,18,https://www.reddit.com/r/CryptoCurrency/comments/1sdrwtx/ranking_staking_options_for_the_under50sol_crowd/,CryptoCurrency,2026-04-06 07:18:58,1,REAL,reddit_CryptoCurrency
"Pink Brains Publishes Revenue Sustainability Analysis Covering Katana, Monad, MegaETH, Ink, and Plasma","Link to the thread: [https://x.com/PinkBrains\_io/status/2041184272586076449](https://x.com/PinkBrains_io/status/2041184272586076449)  
  
Key takeaways:  
  


1/ TVL ≠ value capture for chains: $2.85B TVL generates just $2.4M/year (0.08% capture).  
  


2/ Monad leads in DEX activity: Highest trading volume and DEX turnover.  
  


3/ Katana stands out as the most sustainable incentive model for token holders with diversified revenue and a self-sustaining loop.  
  


4/ Tech ambition ≠ adoption: Ink shows the strongest perps activity, while MegaETH is the more ideal chain for instant trading.  
  


5/ Poor capital efficiency: $1.06B raised for \~99K DAU (\~$10.7K/user); at current revenue, ROI would take centuries.



Leaders:  


Katana (85/100):  
  


\- Chain-owned Liquidity recycles 100% sequencer fees into permanent. VaultBridge earns 3-5% on L1 assets. AUSD yield feeds the ecosystem. A roadmap to replace emissions with chain fees.  


\- $25.29M/day perps volume on Katana P",2,0.6,2,https://www.reddit.com/r/CryptoCurrency/comments/1se4i2b/pink_brains_publishes_revenue_sustainability/,CryptoCurrency,2026-04-06 16:55:22,1,REAL,reddit_CryptoCurrency
DeFi vs. Wall Street: Blockchain Association challenges Citadel over SEC's innovation exemption,,0,0.4,0,https://www.theblock.co/post/396421/defi-vs-wall-street-blockchain-association-challenges-citadel-sec-innovation-exemption,CryptoCurrency,2026-04-06 14:55:42,0,FAKE,reddit_CryptoCurrency
"Daily Crypto Discussion - April 5, 2026 (GMT+0)","**Welcome to the Daily Crypto Discussion thread. Please read the disclaimer and rules before participating.**

 

# Disclaimer:

Consider all information posted here with several liberal heaps of salt, and always cross check any information you may read on this thread with known sources. Any trade information posted in this open thread may be highly misleading, and could be an attempt to manipulate new readers by known ""pump and dump (PnD) groups"" for their own profit. BEWARE of such practices and exercise utmost caution before acting on any trade tip mentioned here.

**Please be careful about what information you share and the actions you take.** Do not share the amounts of your portfolios (why not just share percentage?). Do not share your private keys or wallet seed. Use strong, non-SMS 2FA if possible. Beware of scammers and be smart. Do not invest more than you can afford to lose, and do not fall for pyramid schemes, promises of unrealistic returns (get-rich-quick schemes), and ot",16,0.83,83,https://www.reddit.com/r/CryptoCurrency/comments/1sdhuu1/daily_crypto_discussion_april_5_2026_gmt0/,CryptoCurrency,2026-04-05 23:01:04,1,REAL,reddit_CryptoCurrency
Old ledger wallet. Just making sure I do things right,"First of all, I know not to respond to DMs.  Second, I'm 99.999% sure that I don't have much on the wallet.  So I'm not overly concerned.  But I still want to see what's on there.  I haven't plugged the thing into a computer in a few years.  I just want to make sure that I don't screw anything up.  Any advice?  It's a ledger nano.  Will there be any updates to do and should I do them?  

Thank you thank you thank you thank you thank you thank you thank you thank you thank you thank you thank you thank you ",19,0.86,26,https://www.reddit.com/r/CryptoCurrency/comments/1sdfrwm/old_ledger_wallet_just_making_sure_i_do_things/,CryptoCurrency,2026-04-05 21:33:31,1,REAL,reddit_CryptoCurrency
The easy way to do taxes (USA),"For those like me who trade on multiple exchanges, have private wallets and want to be fully compliant with the IRS, it's a nightmare trying to zero out on the years of trades. This was the year I wanted to go fully legit so here's my advice.

1) Upload everything into Coinledger. I'm sure there's others but I was happy with it. They have a generic template that you can populate your staking or DEX trades with. You can see if you get close to zero'ing out before buying the final tax report. 

2) In TurboTax or whatever you use, upload the Schedule D from coinledger only. That's it. Don't let TurboTax try to do the math on the individual trades. Schedule D and done. Attach 8949's at the end only as a reference.

3) Do not upload the 1099-DA's that binance or coinbase give you. Don't even feed them into coinledger or similar. They only have the trades of that exchange on them, so the cost basis will always be wrong. Don't even bother.

Hope this helps someone. ✌️",22,0.8,17,https://www.reddit.com/r/CryptoCurrency/comments/1sddl1c/the_easy_way_to_do_taxes_usa/,CryptoCurrency,2026-04-05 20:05:48,1,REAL,reddit_CryptoCurrency
$285 Million Gone. North Korea Pulled the Trigger. Drift Loaded the Gun,,46,0.83,15,https://dailycoinpost.com/drift-protocol-285-million-hack-security-questions/,CryptoCurrency,2026-04-05 15:20:19,1,REAL,reddit_CryptoCurrency
Crypto guys right now,,3325,0.94,289,https://i.redd.it/h1od1oie57tg1.png,CryptoCurrency,2026-04-04 16:01:52,1,REAL,reddit_CryptoCurrency
Polymarket’s Biggest Upgrade: New Stablecoin and Trading Engine,,0,0.45,10,https://beincrypto.com/polymarket-major-upgrade-stablecoin-trading-engine/,CryptoCurrency,2026-04-06 20:22:18,0,FAKE,reddit_CryptoCurrency
"Didn't know CoinMarketCap had a free API until today, this changes everything for me","I've been manually checking prices every morning like a caveman and today I found out CMC has an API that just gives you all that data automatically??

You can get live prices, market caps, volume, historical data, trending coins, literally everything. And there's a free tier so you can just sign up and start using it without paying.

I'm already thinking about building a personal dashboard so I don't have to open 10 different tabs every morning. If you're into crypto and know even a little bit of coding, definitely worth looking into.

Check it out here: https://coinmarketcap.com/api

 ",19,0.71,19,https://www.reddit.com/r/CryptoCurrency/comments/1sd8h0q/didnt_know_coinmarketcap_had_a_free_api_until/,CryptoCurrency,2026-04-05 16:46:18,1,REAL,reddit_CryptoCurrency
Circle future-proofs Arc blockchain against quantum threats,,0,0.45,0,https://www.coindesk.com/markets/2026/04/06/stablecoin-issuer-circle-s-arc-blockchain-to-debut-with-quantum-era-features,CryptoCurrency,2026-04-06 08:51:08,0,FAKE,reddit_CryptoCurrency
So Much Winning. I Can't Take it,,1550,0.98,47,https://i.redd.it/r81fzfao17tg1.jpeg,CryptoCurrency,2026-04-04 15:40:56,1,REAL,reddit_CryptoCurrency
"Top 10 Crypto Hacks Total $5.7 Billion, But Proposed DeFi Fix Would Only Have Helped One",,7,0.69,6,https://beincrypto.com/top-crypto-hacks-defi-tranching-fix/,CryptoCurrency,2026-04-05 20:26:01,1,REAL,reddit_CryptoCurrency
Hedera and the Bank of England | Why Hedera Keeps Appearing,,0,0.36,0,https://youtu.be/6s9xin7oTC4?si=1ir8KvoAwkILrSq9,CryptoCurrency,2026-04-06 13:52:35,0,FAKE,reddit_CryptoCurrency
DOT Deposit Sent to Kraken via Asset Hub (XCM) – Funds Visible On-Chain but Not Credited – Looking for Advice,,0,0.33,1,/r/KrakenSupport/comments/1sdt53z/dot_deposit_sent_to_kraken_via_asset_hub_xcm/,CryptoCurrency,2026-04-06 08:37:33,0,FAKE,reddit_CryptoCurrency
"BitMine Adds 40,000 ETH in $82M Buy From FalconX",,67,0.91,7,https://ourcryptotalk.com/news/bitmine-40000-eth-purchase,CryptoCurrency,2026-04-05 05:47:11,1,REAL,reddit_CryptoCurrency
Cardano Founder Demands Apology as Midnight Launch Sparks Debate,,42,0.7,35,https://www.cryptotimes.io/2026/04/04/cardano-founder-demands-apology-as-midnight-launch-sparks-debate/,CryptoCurrency,2026-04-05 07:35:32,1,REAL,reddit_CryptoCurrency
Trump Launches Investment Accounts for Kids via Robinhood &amp; BNY,,0,0.39,19,https://beincrypto.com/trump-accounts-robinhood-bny-treasury-app/,CryptoCurrency,2026-04-06 14:22:36,0,FAKE,reddit_CryptoCurrency
$285M Drift Protocol Hack: What Looked Like a Routine Exploit Was Actually a 6-Month State-Backed Intelligence Operation (explained),"What first appeared to be a standard DeFi exploit that drained $285 million was in fact a highly sophisticated, months-long intelligence operation. It required serious resources, patience, and state-level backing.

Their preliminary investigation shows the attackers began in Fall 2025 by approaching Drift contributors at major crypto conferences, posing as a legitimate quantitative trading firm. Over six months they built what felt like real professional relationships across multiple countries.

They created a Telegram group, discussed trading strategies, onboarded an Ecosystem Vault with over $1M in real capital, and held multiple working sessions.

The likely compromise came through two vectors: a contributor cloning a code repository that may have exploited a known VSCode/Cursor vulnerability, and another downloading a TestFlight app presented as their ""wallet product.""

Post-exploit forensics and on-chain analysis point with medium-high confidence to the same North Korean state-aff",45,0.92,5,https://www.reddit.com/r/CryptoCurrency/comments/1scvjff/285m_drift_protocol_hack_what_looked_like_a/,CryptoCurrency,2026-04-05 05:41:00,1,REAL,reddit_CryptoCurrency
HBAR Weekly Update - Hedera's Ready for the Quantum Threat,,0,0.24,4,https://youtu.be/S_BGVgF18C4?si=FCf7X81EW3Un2JFX,CryptoCurrency,2026-04-06 13:50:39,0,FAKE,reddit_CryptoCurrency
Telegram Wallet Launches Perpetual Futures Trading with Lighter DEX,,6,0.69,2,https://peakd.com/@uyobong/telegram-wallet-launches-perpetual-futures-trading-with-lighter-dex-3la,CryptoCurrency,2026-04-05 15:08:42,1,REAL,reddit_CryptoCurrency
Institutional desks are watching the Strait of Hormuz right now. Not RSI. Not MACD. Shipping lanes.,"With Trump's 48-hour Iran ultimatum in play and ceasefire odds below 1%, the Straight is the most important indicator in crypto.

Energy disruption puts pressure on the dollar. Dollar pressure makes a fixed-supply asset with no central bank look very attractive. Bitcoin does not care about borders or settlement windows. 

What makes this week interesting is the setup at $67,000. Miners are selling in size. MARA and Riot have offloaded over $1.3 billion combined recently to cover operational costs. On the other side, Schwab is prepping spot BTC trading for $12 trillion in client assets and the ETF bid is absorbing more supply than the network is producing.

Neither side is flinching. Something has to give.

If $67,000 breaks, the Ethereum liquidation maps below $2,000 make this a much bigger story than just BTC. 

Full breakdown here: [https://bigcoinreport.com/analysis/bitcoin-price-strait-of-hormuz-macro-2026](https://bigcoinreport.com/analysis/bitcoin-price-strait-of-hormuz-macro-202",56,0.83,23,https://www.reddit.com/r/CryptoCurrency/comments/1sckgos/institutional_desks_are_watching_the_strait_of/,CryptoCurrency,2026-04-04 20:55:13,1,REAL,reddit_CryptoCurrency
"is ""Useful proof of work"" real or just better marketing?","I have been researching different projects recently and I keep seeing projects say their mining does AI training or protein folding or whatever instead of just securing the network.

is there actually a technical difference or is this just regular mining with a better story? like at what point does the ""useful work"" become genuinely useful vs just something they tell VCs who want to invest. 

I'm interested if anyone's looked into this further than I have? Can anyone tell me about any information that you have found?",7,0.67,16,https://www.reddit.com/r/CryptoCurrency/comments/1scxhvv/is_useful_proof_of_work_real_or_just_better/,CryptoCurrency,2026-04-05 07:36:28,1,REAL,reddit_CryptoCurrency
Polymarket Takes Down Missing US Pilot Market After Backlash,,227,0.95,13,https://cryip.co/polymarket-removes-service-member/,CryptoCurrency,2026-04-04 11:33:27,1,REAL,reddit_CryptoCurrency
The remittance payment infrastructure gap between pure crypto rails and traditional fiat that nobody talks about clearly,"The biggest frustration building on stablecoin remittance rails right now is that providers tend to fall into two buckets. Either they're pure crypto and expect you to handle the fiat side yourself, meaning you need your own banking partner, your own MTL coverage, your own FBO account structure, or they're traditional fiat rails with no stablecoin settlement option, which means you're stuck with 2 to 3 day settlement windows and per transaction wire fees that kill unit economics on lower value transfers.

Finding infrastructure that actually sits in the middle and handles both sides of a remittance corridor cleanly is way harder than fintech media makes it sound. The licensing layer alone (money transmitter coverage, FBO structures, banking partnerships willing to work with stablecoin flows) is where most of the real complexity lives and it doesn't show up in any technical docs or api comparison

If you're evaluating stablecoin infrastructure for remittance specifically, what's your ex",4,0.64,15,https://www.reddit.com/r/CryptoCurrency/comments/1scy0ke/the_remittance_payment_infrastructure_gap_between/,CryptoCurrency,2026-04-05 08:08:48,1,REAL,reddit_CryptoCurrency
"Drift Protocol Hack: $285M Stolen by Lazarus Group, Circle Under Fire",,28,0.86,14,https://en.spaziocrypto.com/hack/drift-protocol-hack-285-million-lazarus-group-circle-zachxbt/,CryptoCurrency,2026-04-04 20:18:17,1,REAL,reddit_CryptoCurrency
Crypto is so Confusing,"Last week I discovered an address to an old crypto wallet I used back in 2017. The wallet was out of date, and I had to do a lot of work to restore it.

So today, quite by accident, I was able to see what I have in the wallet. I put about $200 into a coin that everyone calls  a ""shi\_\_coin"" back in 2017, and I was shocked to see the value had increased quite a bit. Anyway, I swapped it for Bitcoin, and I'm trying to transfer it, but I'm running into all kinds of problems.

It could be that the wallet is very outdated, and maybe I need to update it? Would that cause issues with transferring it to another wallet?

Does anyone have any suggestions on how I can do this?",26,0.66,56,https://www.reddit.com/r/CryptoCurrency/comments/1sckdzi/crypto_is_so_confusing/,CryptoCurrency,2026-04-04 20:52:14,1,REAL,reddit_CryptoCurrency
"Daily Crypto Discussion - April 4, 2026 (GMT+0)","**Welcome to the Daily Crypto Discussion thread. Please read the disclaimer and rules before participating.**

 

# Disclaimer:

Consider all information posted here with several liberal heaps of salt, and always cross check any information you may read on this thread with known sources. Any trade information posted in this open thread may be highly misleading, and could be an attempt to manipulate new readers by known ""pump and dump (PnD) groups"" for their own profit. BEWARE of such practices and exercise utmost caution before acting on any trade tip mentioned here.

**Please be careful about what information you share and the actions you take.** Do not share the amounts of your portfolios (why not just share percentage?). Do not share your private keys or wallet seed. Use strong, non-SMS 2FA if possible. Beware of scammers and be smart. Do not invest more than you can afford to lose, and do not fall for pyramid schemes, promises of unrealistic returns (get-rich-quick schemes), and ot",16,0.84,53,https://www.reddit.com/r/CryptoCurrency/comments/1scnfpc/daily_crypto_discussion_april_4_2026_gmt0/,CryptoCurrency,2026-04-04 23:00:47,1,REAL,reddit_CryptoCurrency
"The one Long Whale Position that is still in more than 100k profit is on 2x leverage since Feb 5.  ~8 Million PNL in 12 months, biggest hits SOL, ETH and... WLFI and TRUMP shorts.","So this one Whale is pretty much the only Long Position in profit (technically wintermute is also up more than 100k but I don't count them as trader,  [0x015354106478dda69c4aae3c0cf801290b738052](https://wangr.com/watch/0x015354106478dda69c4aae3c0cf801290b738052):

Account summary

* Account value: $10,417,238.62
* Margin used: $6,550,158.67
* Position value (notional): $12,868,724.71
* Open orders: none



* BTC LONG
   * Size: 191.2257 BTC
   * Entry price: $65,849.30
   * Leverage: 2x (isolated)
   * Unrealized PnL: +$276,643.84
   * Liquidation price: $33,460.71
* Top winners:
   * SOL (short): +$1,142,213.04
   * ETH (short): +$1,416,308.17
   * SOL (short, another): +$645,235.20
   * ETH (short, another): +$488,739.83

  
It's a really large position but low leverage. Something I've started seeing lately, lot's of whales 1x or 2x. Maybe we'll get rid of some volatility. 

Interestingly also, they close losers quickly (less than a few hours) and hold winners for a really long time",43,0.85,7,https://www.reddit.com/gallery/1scdgal,CryptoCurrency,2026-04-04 16:20:09,1,REAL,reddit_CryptoCurrency
VC Chamath Palihapitiya Warns Non-State Actors Will Leverage Quantum Computing to Attack Bitcoin's 'Honeypot',,0,0.45,7,https://news.bitcoin.com/vc-chamath-palihapitiya-warns-non-state-actors-will-leverage-quantum-computing-to-attack-bitcoins-honeypot/,CryptoCurrency,2026-04-05 17:04:44,0,FAKE,reddit_CryptoCurrency
just bought more,"more pepe, more ALI, more doge, more Elon.   Great time to stock up. I been adding little by little and it will turn up soon, I hope but stay strong, Keep speculating, don't give up, This war is not helping but when its over the world is going to flip out and it will be great again.  Just wait, we will see just have to be patient.  These exchanges are trying to pull us into sports betting instead cause they find out they can make more money for themselves.   It will be time again that you will say dang it I wish I would had bought more of this or that instead of that gf that keeps wanting me to take her out. ",0,0.31,11,https://www.reddit.com/r/CryptoCurrency/comments/1sdhlvz/just_bought_more/,CryptoCurrency,2026-04-05 22:50:29,0,FAKE,reddit_CryptoCurrency
"ALGO is up 52% over 7D, 16% in 24hr as Google cites it 32 times as a leader in live post-quantum deployments across signatures, state proofs, key rotation, and smart contracts.",,385,0.89,83,https://coinmarketcap.com/currencies/algorand/,CryptoCurrency,2026-04-04 00:19:01,1,REAL,reddit_CryptoCurrency
Experts say 24/7 markets will stop brokers from 'hunting' your stop losses after-hours,,20,0.82,11,https://www.coindesk.com/markets/2026/04/04/traders-are-the-big-winners-as-24-7-stocks-will-finally-end-the-after-hours-price-manipulation,CryptoCurrency,2026-04-04 15:09:59,1,REAL,reddit_CryptoCurrency
Is Chainlink Selling LINK Tokens? $165M Unlock Raises Concerns,,18,0.78,19,https://beincrypto.com/chainlink-token-unlock-sell-off-concerns/,CryptoCurrency,2026-04-04 15:46:31,1,REAL,reddit_CryptoCurrency
Iran Is Charging Ships Crypto to Cross the Strait of Hormuz,,428,0.95,81,https://dailycoinpost.com/iran-hormuz-strait-crypto-payment/,CryptoCurrency,2026-04-03 20:41:09,1,REAL,reddit_CryptoCurrency
Jack Dorsey's Block Is Launching A BTC Faucet To Let People Earn Free Bitcoin,,486,0.87,156,https://i.redd.it/u1egu5gtm0tg1.png,CryptoCurrency,2026-04-03 18:07:27,1,REAL,reddit_CryptoCurrency
"Strategic Pivot or Desperate Survival? MARA Sells 33% BTC Holdings, Pivots to AI and Energy","MARA Holdings, formerly Marathon Digital, has sold nearly one-third of its Bitcoin holdings, amounting to $1.1 billion, amid a so-called strategic pivot to AI.

It is one of the largest publicly traded Bitcoin mining companies, controlling 5% of total BTC hashrate.

The company had previously called it a debt-buyback exercise.

MARA also fired 15% employees, suggesting the pivot may be due to survival difficulties.

The company is expected to continue selling its other $2.3 billion BTC holdings.

The sales come amid global uncertainty due to conflict, economic slump, and a liquidity crisis.",64,0.85,19,https://a2zcryptocurrencies.com/strategic-pivot-or-desperate-survival-mara-sells-33-btc-holdings-pivots-to-ai/,CryptoCurrency,2026-04-04 04:54:34,1,REAL,reddit_CryptoCurrency
"Justin Bieber purchased this Bored Ape NFT for $1.3 million in 2022. Today, it's worth $12,000",,0,0.46,25,https://www.reddit.com/gallery/1sd2pmi,CryptoCurrency,2026-04-05 12:45:11,0,FAKE,reddit_CryptoCurrency
Top 15 Companies Holding The Most Bitcoin,,77,0.88,15,https://i.redd.it/32tw588263tg1.jpeg,CryptoCurrency,2026-04-04 02:38:50,1,REAL,reddit_CryptoCurrency
Charles Schwab Announces Crypto Accounts Are Coming Soon,,89,0.92,9,https://news.bitcoin.com/charles-schwab-announces-crypto-accounts-are-coming-soon/,CryptoCurrency,2026-04-04 00:33:54,1,REAL,reddit_CryptoCurrency
"Stop checking the charts every five minutes, seriously","I’ve been in this space long enough to know that the quickest way to burn out isn’t losing money, it’s losing your mind staring at 1-minute candles. We all start out thinking we’re going to day-trade our way to a Lambo, but most of us just end up stressed and making emotional decisions. These days, I’ve found way more peace just setting price alerts, sticking to a weekly DCA, and actually touching grass for once.

The market is going to do what it wants regardless of how many times you refresh your portfolio. I'm curious though, how do you guys manage the ""crypto anxiety"" during the boring sideways phases? Do you have a specific hobby that keeps you away from the screen, or are you still glued to the charts 24/7?",0,0.31,13,https://www.reddit.com/r/CryptoCurrency/comments/1sd3ipv/stop_checking_the_charts_every_five_minutes/,CryptoCurrency,2026-04-05 13:22:53,0,FAKE,reddit_CryptoCurrency
Bullish Signal For Ether? Ethereum Foundation’s Latest $93M Staking Push Brings It Closer to 70K ETH Target,,23,0.7,10,https://zycrypto.com/bullish-signal-for-ether-ethereum-foundations-latest-93m-staking-push-brings-it-closer-to-70k-eth-target/,CryptoCurrency,2026-04-04 07:17:41,1,REAL,reddit_CryptoCurrency
"The ""circular economy"" is just a whale exit strategy - a theory on Monero strange price action.",,0,0.33,5,/r/MoneroMeansMoney/comments/1scylf3/the_circular_economy_is_just_a_whale_exit/,CryptoCurrency,2026-04-05 08:46:11,0,FAKE,reddit_CryptoCurrency
Bitcoin Newcomers FAQ - Please read!,"# Welcome to the /r/Bitcoin Newcomers FAQ

You've probably been hearing a lot about Bitcoin recently and are wondering what's the big deal?  Most of your questions should be answered by the resources below but if you have additional questions feel free to ask them in the comments.  

It all started with the release of **[Satoshi Nakamoto's whitepaper](https://bitcoin.org/bitcoin.pdf)** however that will probably go over the head of most readers so we recommend the following articles/books/videos as a good starting point for understanding how Bitcoin works and a little about its long term potential:

* [Article: The Bullish Case for Bitcoin](https://medium.com/@vijayboyapati/the-bullish-case-for-bitcoin-6ecc8bdecc1)
* [Book: The Bitcoin Standard](https://www.amazon.com/Bitcoin-Standard-Decentralized-Alternative-Central/dp/1119473861) - or [download a free copy here](http://cryptache.ro/wp-content/uploads/2021/04/The-Bitcoin-Standard-The-Decentralized-Alternative-to-Central-Banking-PDF-R",168,0.99,39,https://www.reddit.com/r/Bitcoin/comments/1o7jt3m/bitcoin_newcomers_faq_please_read/,Bitcoin,2025-10-15 18:57:04,1,REAL,reddit_Bitcoin
"Daily Discussion, April 14, 2026","Please utilize this sticky thread for all general **Bitcoin** discussions! If you see posts on the front page or /r/Bitcoin/new which are better suited for this daily discussion thread, please help out by directing the OP to this thread instead. Thank you!

If you don't get an answer to your question, you can try phrasing it differently or commenting again tomorrow.

Please check the [previous discussion thread](https://www.reddit.com/r/Bitcoin/comments/1sk3fmu/mentor_monday_april_13_2026_ask_all_your_bitcoin/) for unanswered questions.",3,1.0,1,https://www.reddit.com/r/Bitcoin/comments/1sl04s5/daily_discussion_april_14_2026/,Bitcoin,2026-04-14 06:01:25,1,REAL,reddit_Bitcoin
Why the sudden rise?,I can’t find any reasonable explanation of the price rise. Any suggestions?,216,0.84,218,https://www.reddit.com/r/Bitcoin/comments/1skqbd6/why_the_sudden_rise/,Bitcoin,2026-04-13 22:31:35,1,REAL,reddit_Bitcoin
"Sorry bears, go back to sleep.",,210,0.93,32,https://i.redd.it/epqw39whr0vg1.jpeg,Bitcoin,2026-04-13 20:41:27,1,REAL,reddit_Bitcoin
Bro and his Bitcoin story,,598,0.96,16,https://v.redd.it/qye0ssx22zug1,Bitcoin,2026-04-13 14:57:45,1,REAL,reddit_Bitcoin
Andreas Antonopoulos used to have brilliant speeches.,,479,0.96,33,https://v.redd.it/w8ystug6uyug1,Bitcoin,2026-04-13 14:12:56,1,REAL,reddit_Bitcoin
Over a trillion dollars in interest annually. (The cost to service the US debt.),I am bailing on this disaster. I am putting it all into bitcoin. Not to try and make money but to literally save my life.,87,0.96,12,https://www.reddit.com/r/Bitcoin/comments/1skreir/over_a_trillion_dollars_in_interest_annually_the/,Bitcoin,2026-04-13 23:15:47,1,REAL,reddit_Bitcoin
I don’t invest in Bitcoin… I just emotionally gamble with extra steps.,Agree ?😅🤣,6,1.0,0,https://v.redd.it/w9uhdf2cr3vg1,Bitcoin,2026-04-14 06:46:19,1,REAL,reddit_Bitcoin
Buckminster Fuller describing Bitcoin in 1967,"Wealth isn’t gold, it’s energy. By 2000, there will be a scientific accounting system for wealth, aligned with the laws of physics.",137,0.96,4,https://v.redd.it/5vej7jjlhyug1,Bitcoin,2026-04-13 13:02:27,1,REAL,reddit_Bitcoin
Nigel Farage makes £2m bitcoin purchase as he backs Kwasi Kwarteng’s cryptocurrency firm,,44,0.87,2,https://www.independent.co.uk/news/uk/politics/nigel-farage-crypto-richard-tice-tax-kwarteng-b2956538.html,Bitcoin,2026-04-13 19:15:51,1,REAL,reddit_Bitcoin
Buying and Sending Bitcoin Australia,"Hi I usually use coinjar but recently they are requiring full details of the recipient of sent crypto, I'm looking for some info on the easiest way to send coin. I'm ok with giving my info but the recipient isn't, screw coinjar",5,0.86,4,https://www.reddit.com/r/Bitcoin/comments/1skywku/buying_and_sending_bitcoin_australia/,Bitcoin,2026-04-14 04:55:33,1,REAL,reddit_Bitcoin
How to invest in Bitcoin,How to to invest in bitcoin,20,0.67,35,https://www.reddit.com/r/Bitcoin/comments/1sklyaz/how_to_invest_in_bitcoin/,Bitcoin,2026-04-13 19:53:23,1,REAL,reddit_Bitcoin
I made an easily embeddable Bitcoin price ticker. WDYT?,"Instead of getting API keys from Coingecko, Coinmarketcap or wherever, handling JSON responses and styling it youself, you can now put a Bitcoin price by just dropping an image wherever adding images by URL is supported.

The options are pretty limited for now (BTC/USD only, SVG or PNG, 2 sizes). 

There's also a caveat: it doesn't work if the site you're putting it on is mirroring or caching it. Such sites usually wouldn't allow you to put in JS either, so it still should work in more places than API-based JS feeds and it's much easier to integrate.

Free to use, open source, no ads.

You can find it at [https://btcimg.io](https://btcimg.io)

Wdyt?",33,0.88,3,https://i.redd.it/qnqe7ipmlzug1.png,Bitcoin,2026-04-13 16:49:32,1,REAL,reddit_Bitcoin
We may not like it (I sure don't) but we'll be getting wealth taxes and UBI. Jackson explains why on the latest TLT,"No one questions the root cause, why do prices constantly increase? The money is broken, and everything is downstream of that.",39,0.76,41,https://v.redd.it/ubat9ndtxyug1,Bitcoin,2026-04-13 14:34:33,1,REAL,reddit_Bitcoin
Russell Napier: We Are Headed Towards a System of National Capitalism,,2,1.0,2,https://themarket.ch/interview/russell-napier-we-are-headed-towards-a-system-of-national-capitalism-ld.12718?srsltid=AfmBOormhwOxGBtngiTtVGhVBzwkwWBLqtnn__bbjWqx8t4LvttzaEfB,Bitcoin,2026-04-14 06:16:59,1,REAL,reddit_Bitcoin
Practical question,"So, all in all, I had/have 2.4 BTC in my cold wallet. Like 2 weeks ago I had the fortunate opportunity to buy 0.1 BTC more. I ended up leaving that to Binance, just to collect the sats from staking, etc.

Would you guys leave 0.1 BTC to Binance (or similar) to stake etc., considering that a much bigger portion of your holdings is safe and secure in your cold wallet? Just wanted to hear everyone’s opinion. Thanks and cheers!

Edit: Thanks for your input everyone. I withdrew all of my balance to my cold wallet. Better safe than sorry, right? Happy stacking everyone🧡",23,0.73,52,https://www.reddit.com/r/Bitcoin/comments/1skfy3u/practical_question/,Bitcoin,2026-04-13 16:27:55,1,REAL,reddit_Bitcoin
DCA and HOLD your Bitcoin,,2510,0.97,75,https://v.redd.it/ektirugz7rug1,Bitcoin,2026-04-12 12:37:09,1,REAL,reddit_Bitcoin
Someone: what’s in your mind?,,214,0.97,6,https://i.redd.it/94u4e3c05vug1.jpeg,Bitcoin,2026-04-13 01:46:31,1,REAL,reddit_Bitcoin
What you think about Onekey Classic 1s?,Hello I want to buy me a hardware wallet what you think about the Onekey Classic 1s?,4,0.83,6,https://www.reddit.com/r/Bitcoin/comments/1skq71j/what_you_think_about_onekey_classic_1s/,Bitcoin,2026-04-13 22:26:36,1,REAL,reddit_Bitcoin
Iran Enforces Bitcoin as the Only Means to Pay Toll on Strait of Hormuz,,2013,0.95,42,https://i.redd.it/rxvh6qe07rug1.jpeg,Bitcoin,2026-04-12 12:30:49,1,REAL,reddit_Bitcoin
4 predictions for the future of institutional Bitcoin,,8,0.72,0,https://x.com/RootstockLabs/status/2043716157769699580,Bitcoin,2026-04-13 16:51:51,1,REAL,reddit_Bitcoin
How do coinbase loans work? Are they legit?,"Looking to borrow some usd against my bitcoin to fund a small business investment and looking at coinbase loans. The rate looks very competitive but not 100% sure how it works and wanna make sure it’s completely legit before handing over any of my stack. Any insight on any of the following q’s would be much appreciated…

* What is morpho exactly (just the name of Coinbase’s lending product)? 
* Why does it say I need to ‘wrap’ my bitcoin (is that a bad thing)? 
* How do the smart contracts work (do these require you to be an advanced user)? 
* What protections are there against liquidations when price fluctuates? 
* How are they able to offer such a low APR compared to others on the market? 
* Is there any customer support if something goes wrong? 
* Are there any risks I should be aware of before getting started (e.g. could the whole blockfi thing happen again)?

Thanks in advance for any insight - I guess I just wanna know if this is gonna be manageable for a normie like me or if it'",27,0.85,28,https://www.reddit.com/r/Bitcoin/comments/1sk5wcu/how_do_coinbase_loans_work_are_they_legit/,Bitcoin,2026-04-13 09:35:43,1,REAL,reddit_Bitcoin
Loss of individual economic sovereignty,"**Money is the operating system of society.** If the operating system is owned by a private group, used as a tool for social engineering and can be printed at will, then the ""bugs"" we see—inflation, wealth inequality, and constant war—are actually **features** of that specific design. 

By moving to a system with a fixed supply you aren't just changing a currency; you are changing the underlying incentives of human civilization.

",46,0.95,23,https://www.reddit.com/r/Bitcoin/comments/1sk140n/loss_of_individual_economic_sovereignty/,Bitcoin,2026-04-13 04:57:26,1,REAL,reddit_Bitcoin
"Daily Discussion, April 13, 2026","Please utilize this sticky thread for all general **Bitcoin** discussions! If you see posts on the front page or /r/Bitcoin/new which are better suited for this daily discussion thread, please help out by directing the OP to this thread instead. Thank you!

If you don't get an answer to your question, you can try phrasing it differently or commenting again tomorrow.

Please check the [previous discussion thread](https://www.reddit.com/r/Bitcoin/comments/1sj6c4y/daily_discussion_april_12_2026/) for unanswered questions.",29,0.97,44,https://www.reddit.com/r/Bitcoin/comments/1sk2c51/daily_discussion_april_13_2026/,Bitcoin,2026-04-13 06:05:10,1,REAL,reddit_Bitcoin
Help needed,"My older sister passed sway and I found a wallet.dat file? I have no idea how much its has or even how to acces it, what I did do was get the hash? Can anyone guide me through a path on obtaining these funds?",24,0.6,34,https://www.reddit.com/r/Bitcoin/comments/1sk170e/help_needed/,Bitcoin,2026-04-13 05:01:39,1,REAL,reddit_Bitcoin
"Never ""download"" your Bitcoin",,744,0.89,57,https://v.redd.it/d40xw0ujiqug1,Bitcoin,2026-04-12 10:13:32,1,REAL,reddit_Bitcoin
"Mentor Monday, April 13, 2026: Ask all your bitcoin questions!","Ask (and answer!) away! Here are the general rules:

* If you'd like to learn something, ask.
* If you'd like to share knowledge, answer.
* Any question about Bitcoin is fair game.

And don't forget to check out /r/BitcoinBeginners

You can sort by new to see the latest questions that may not be answered yet.",14,0.9,11,https://www.reddit.com/r/Bitcoin/comments/1sk3fmu/mentor_monday_april_13_2026_ask_all_your_bitcoin/,Bitcoin,2026-04-13 07:08:26,1,REAL,reddit_Bitcoin
"Mining bitcoin in Oklahoma oilfields where waste gas isn't a liability.
It is turned into productive energy instead 🎬",,218,0.97,13,https://v.redd.it/4fy82rxc8sug1,Bitcoin,2026-04-12 16:01:20,1,REAL,reddit_Bitcoin
Our Inheritance Is Being Stolen From Us,,6,0.75,0,https://www.youtube.com/watch?v=aGIfKj_PKVM,Bitcoin,2026-04-13 12:16:42,1,REAL,reddit_Bitcoin
"Bitcoin is unstoppable, US does Iran's dirty work.","Because Iran merely threatened to collect tolls in bitcoin, and the US KNOWS bitcoin is unstoppable, the US now has to work against their ONLY military objective with their entire military might.

  
The Admin got played.",11,0.56,30,https://www.reddit.com/r/Bitcoin/comments/1sjz4oa/bitcoin_is_unstoppable_us_does_irans_dirty_work/,Bitcoin,2026-04-13 03:17:41,1,REAL,reddit_Bitcoin
Bitcoin Follows This Pattern (Nobody's Talking About),"On my podcast ‘Bitcoin for Millennials’ I talked with Sminston With, an anonymous engineer and Bitcoin analyst. We discuss Bitcoin cycle theory versus ISM PMI, risk-on bubbles versus risk-off fundamentals, Google Trends as an adoption proxy, gold outperforming Bitcoin and a potential rotation signal, and miner cost of production models plus an updated Bitcoin retirement framework.",1,0.53,0,https://youtu.be/1Z7U81Tf6Go,Bitcoin,2026-04-13 16:14:35,1,REAL,reddit_Bitcoin
Are macro institutions holding the floor now more than the previous cycle?,"Been hodling for quite some time now but perhaps not as long as 95% of the people here.

With all of the fiasco happening, why does it feel like something's supporting the floor now?Lots of retail response with the recent news but after every dip, it gets back up easily. Very keen to know what are the technicalities on this and why it's acting this way. Thanks heaps!",17,0.95,14,https://www.reddit.com/r/Bitcoin/comments/1sjw1mn/are_macro_institutions_holding_the_floor_now_more/,Bitcoin,2026-04-13 00:54:31,1,REAL,reddit_Bitcoin
"From Downvoted to Zero to One of Bitcoin’s Most Legendary Memes: Marcus Connor, Creator of the Bitcoin Roller Coaster Guy, on Bitcoin Art Podcast w Asanoha Ep 6","We recently dropped Episode 6 of our new Bitcoin Art Podcast, featuring Marcus Connor, the artist who created the original Bitcoin Roller Coaster Guy posted here on Reddit back in 2013.

You know the one: that simple hand-drawn animated GIF that perfectly nails the emotional rollercoaster of Bitcoin price action. It was originally downvoted to zero on Reddit, yet it went on to become one of the most legendary and enduring Bitcoin memes of all time.

If you’ve ever posted, shared, or memed the Roller Coaster Guy, this one’s worth a listen. Curious what you all think, is this Bitcoin’s oldest meme?",14,0.85,0,https://m.youtube.com/watch?v=edyO5-L9un8,Bitcoin,2026-04-13 00:53:06,1,REAL,reddit_Bitcoin
Genesis block newspaper going to auction,,47,0.85,8,https://i.redd.it/g60s00rohsug1.jpeg,Bitcoin,2026-04-12 16:52:17,1,REAL,reddit_Bitcoin
Iran Enforces Bitcoin as the Only Means to Pay Toll on Strait of Hormuz - Blockonomi,"* Iran’s Strait of Hormuz Management Plan, passed in late March 2026, mandates Bitcoin toll payments. 
* Each fully laden tanker carrying 2 million barrels faces a Bitcoin toll of up to $2 million. 
* Bitcoin surged toward $73,000 as shipping firms faced the prospect of stockpiling BTC for tolls. 
* Stablecoins were rejected due to **freeze functions and GENIUS framework compliance requirements**. ",2344,0.96,153,https://blockonomi.com/iran-enforces-bitcoin-as-the-only-means-to-pay-toll-on-strait-of-hormuz/,Bitcoin,2026-04-11 19:38:49,1,REAL,reddit_Bitcoin
"The First Rule of Bitcoin: If it's not in your own Wallet, it's not Bitcoin","Everything else is an IOU.

thank you for attending my Sunday Bitcoin Talk.",49,0.68,71,https://www.reddit.com/r/Bitcoin/comments/1sjj1jw/the_first_rule_of_bitcoin_if_its_not_in_your_own/,Bitcoin,2026-04-12 16:24:35,1,REAL,reddit_Bitcoin
In case you wake up to a red portfolio!,"Just a quick heads up for anyone waking up tomorrow and wondering why crypto dipped again. 

The US–Iran meeting that’s been going on for the past 21 hours just ended, and it didn’t go well at all. 

Markets usually react fast to stuff like this, so if your portfolio looks red, that’s probably the reason. 

Not trying to spread fear, just giving you a bit of context so you’re not confused when you check your wallet. Stay safe out there guys and DO NOT PANIC-SELL based on emotions.

Do your own research and don’t make decisions based on short-term news. 

Sooner or later we'll fly in green again (i hope😅)",235,0.9,94,https://www.reddit.com/r/Bitcoin/comments/1sj66hf/in_case_you_wake_up_to_a_red_portfolio/,Bitcoin,2026-04-12 05:55:24,1,REAL,reddit_Bitcoin
The voices together,,31,0.91,0,https://i.redd.it/q0byk6c59sug1.jpeg,Bitcoin,2026-04-12 16:04:36,1,REAL,reddit_Bitcoin
Jack Dorsey's Bitcoin children's book still available?,"In 2018 the Cash App website let you buy a children's book ""My First Bitcoin and the Legend of Satoshi Nakamoto"". Does anyone know where you can still get copies of this?",22,0.97,3,https://www.reddit.com/r/Bitcoin/comments/1sjkyci/jack_dorseys_bitcoin_childrens_book_still/,Bitcoin,2026-04-12 17:35:17,1,REAL,reddit_Bitcoin
STFU,"STFU Study Bitcoin For U, stop complaining the price",0,0.24,10,https://www.reddit.com/r/Bitcoin/comments/1skr8jk/stfu/,Bitcoin,2026-04-13 23:08:49,0,FAKE,reddit_Bitcoin
What is your biggest “ I should've bought BTC earlier” moment?,"For me, it's every time BTC ranges — it always feels like an opportunity to accumulate.

Now seeing reports about Iran potentially using Bitcoin for oil transit payments through the Strait of Hormuz…

Do you think stories like this actually matter for Bitcoin long term?",21,0.8,42,https://www.reddit.com/r/Bitcoin/comments/1sjk0m9/what_is_your_biggest_i_shouldve_bought_btc/,Bitcoin,2026-04-12 17:01:01,1,REAL,reddit_Bitcoin
This model says bitcoin could hit $10M...,"Do you really think 0.1 Bitcoin could some day be worth $1,000,000? I broke down the math behind a fascinating pattern in Bitcoin and a simple model that implies it's headed for $10 Million",0,0.39,15,https://youtu.be/lfUnPZww-lU,Bitcoin,2026-04-13 18:44:20,0,FAKE,reddit_Bitcoin
Multisig transaction validation issue between Sparrow and Coldcard Q depending on OS,"Hi,

I'm running into a problem while testing multisig transfers on Testnet4 using a Coldcard Q (CCQ) and Sparrow Wallet.

CCQ  version : 1.4.0

Sparrow version : 2.4.2

**Setup:**

* 2-of-3 multisig wallet (also tested with 2-of-5)
* All 3 keys derived from the same seed on the CCQ (separate HD wallets)
* Network: Testnet4
* Signing flow: SD card (PSBT → CCQ → signed file → Sparrow)

**Steps:**

1. I sign the `part.psbt` with the first wallet on the CCQ → Sparrow recognises and validates the signature with no issue.
2. I switch to a second wallet on the CCQ and sign the `part.psbt` again → the CCQ saves a `.txn` file to the SD card.
3. I load that `.txn` into Sparrow → the transaction displays correctly, but the second signature is not recognised and broadcasting is not possible.

**What's strange:**

* This issue occurs on **Windows** and **Linux Debian 13**.
* On **macOS**, the exact same operation with the same wallet and the same transaction works perfectly: Sparrow validates both",12,0.88,1,https://www.reddit.com/r/Bitcoin/comments/1sjlk7x/multisig_transaction_validation_issue_between/,Bitcoin,2026-04-12 17:58:23,1,REAL,reddit_Bitcoin
"You can sell $20,000 per year per bitcoin and never run out","*EDIT: Removed the 95% stack retention claim. That number was wrong. The core SWR finding ($20K/yr, 99% survival, 30 years) stands. Thanks to commenters who caught it.*  
  
This is the third post in the series. [First one covered why 5 BTC beats $2.5M in an S&amp;P index fund](https://www.reddit.com/r/Bitcoin/comments/1sb3sks/how_to_buy_a_25_million_retirement_portfolio_for/), [second one went deeper on the math. ](https://www.reddit.com/r/Bitcoin/comments/1sdak69/how_to_live_on_a_bitcoin_standard_during_a_bear/)

I went another layer deeper and this one gives you a single number.

1 BTC = $20K per year safe withdrawals for the next 30 years with 99% confidence.  
2 BTC = $40K.  
3 BTC = $60K.  
5 BTC = $100K.

No timing. No trading. You just sell a fixed dollar amount every month at whatever price Bitcoin happens to be. Dumbest possible strategy and it works.

**How I got here**

I ran 5,000 simulated price paths forward at every possible starting price between deep bear (half of tre",20,0.52,196,https://www.reddit.com/r/Bitcoin/comments/1sjdz3i/you_can_sell_20000_per_year_per_bitcoin_and_never/,Bitcoin,2026-04-12 13:02:38,1,REAL,reddit_Bitcoin
If you don't SELF CUSTODY your Bitcoin - You End Up in Bad Movie Trailers Like This One - Brought to You by Amazon Prime,,4,0.67,4,https://youtu.be/vo6yEr00cXk?si=tG5dFrWUaseociiG,Bitcoin,2026-04-12 21:58:04,1,REAL,reddit_Bitcoin
Attempting to explain Bitcoin in under 1 minute … how’d I do?,People say no one understands bitcoin or it’s too complicated so I tried to see if I could explain it in under a minute ,10,0.64,5,https://youtu.be/ML_1jAs16tc,Bitcoin,2026-04-12 16:42:07,1,REAL,reddit_Bitcoin
"Last week retail was 1.73x LONG on BTC. This week they flipped to 0.745 — net SHORT. Retail capitulated in 7 days while Morgan Stanley just onboarded 16,000 advisors for ETF distribution.","Let that sink in for a second.

One week ago retail was heavily long at 1.73 L/S ratio. Today it's 0.745 — net short. In seven days retail went from max bullish to betting against BTC.

Meanwhile Morgan Stanley is rolling out BTC ETF access to 16,000 financial advisors. Institutional infrastructure is expanding while retail is panic shorting.

Fear &amp; Greed went from 9 to 16 — still Extreme Fear but improving. The weekly trend: 9, 11, 12, 13, 11, 17, 14, 16. Slowly grinding up while retail flips bearish.

BTC is 15.3% below the 200 EMA at $84,632 so the macro structure is still bearish. No argument there. But the aggressor ratio is at 0.6213 — that's buy dominant. Somebody is accumulating while retail exits.

Iran-US talks collapsing yesterday pushed price from $73.8K to $71.6K. Geopolitics is driving short term action but it doesn't change the fact that institutional rails are being built in the background.

The last time retail was this short and institutions were this active, it ",50,0.91,7,https://www.reddit.com/r/Bitcoin/comments/1sj66vw/last_week_retail_was_173x_long_on_btc_this_week/,Bitcoin,2026-04-12 05:56:03,1,REAL,reddit_Bitcoin
The IRS Gave Hodlers a Huge Tax Advantage in 2014 - Most Still Don't Know About It!,"Many Bitcoiners know the core value prop - scarcity, decentralization, sound money (e.g Austrian Economics and all that). But if you're a consistent DCA buyer like I am, you've felt the other side of that: buying at local tops and immediately watching a 10-20% drawdown hit your stack.

**TLDR:** Bitcoin's no wash sale rule means every dip is a tax harvesting opportunity. Most people know this exists. Almost nobody is actually doing it systematically.

What most Bitcoiners don't know is that volatility creates a legal tax harvesting opportunity that essentially doesn't exist for other kinds of investors.

**Here’s why this works (and why it’s different from stocks):**

In 2014, the IRS issued Notice 2014-21 classifying Bitcoin as property, not a security. This means the wash sale rule which prevents stock investors from selling at a loss and immediately rebuying - doesn't actually apply to Bitcoin\*\*.\*\*

In practice: if you bought 1 BTC at $110,000 and it drops to $80,000, you can se",87,0.88,53,https://www.reddit.com/r/Bitcoin/comments/1sizrbp/the_irs_gave_hodlers_a_huge_tax_advantage_in_2014/,Bitcoin,2026-04-12 00:34:19,1,REAL,reddit_Bitcoin
"Daily Discussion, April 12, 2026","Please utilize this sticky thread for all general **Bitcoin** discussions! If you see posts on the front page or /r/Bitcoin/new which are better suited for this daily discussion thread, please help out by directing the OP to this thread instead. Thank you!

If you don't get an answer to your question, you can try phrasing it differently or commenting again tomorrow.

Please check the [previous discussion thread](https://www.reddit.com/r/Bitcoin/comments/1siazlr/daily_discussion_april_11_2026/) for unanswered questions.",29,1.0,7,https://www.reddit.com/r/Bitcoin/comments/1sj6c4y/daily_discussion_april_12_2026/,Bitcoin,2026-04-12 06:03:56,1,REAL,reddit_Bitcoin
1 Bitcoin Puts You Ahead of 99.9% of People,"If you can get to 1 Bitcoin, you are ahead of 99.9% of humanity. That sounds ridiculous, but the math is real. In this video, I break down just how rare it is to own a full Bitcoin, and why not every millionaire on Earth can get one.",155,0.75,65,https://youtu.be/5Al_yE9il2o,Bitcoin,2026-04-11 17:45:42,1,REAL,reddit_Bitcoin
"With Bitcoin now being accepted by Iran, will this lead to blacklisting of coins?","Will governments seek to freeze or ban btc that has passed through Iranian wallets? Will they punish individuals or organizations that accept or spend tainted btc? At 2 million dollars per tanker, that adds up quickly.",53,0.75,58,https://www.reddit.com/r/Bitcoin/comments/1siwr6l/with_bitcoin_now_being_accepted_by_iran_will_this/,Bitcoin,2026-04-11 22:21:20,1,REAL,reddit_Bitcoin
Bitcoin mining,"I have a gaming pc(rtx 4070) and gaming laptop(rtx 5070ti).

Would it be worth it to let them mine bitcoin while I’m at work?

Have any of you done this?",0,0.4,42,https://www.reddit.com/r/Bitcoin/comments/1sk028r/bitcoin_mining/,Bitcoin,2026-04-13 04:03:10,0,FAKE,reddit_Bitcoin
Ben McKenzie VS Himself #bitcoin #shorts #money,Perfect example of the Dunning-Kruger effect.,21,0.86,14,https://youtube.com/shorts/G5xv2cBc95E?si=HL_ooLQCGEmgw_ek,Bitcoin,2026-04-12 02:43:14,1,REAL,reddit_Bitcoin
B-but it must go lower,"B-b-but the cycle... Stop. This is not the past.

It doesn't follow the imaginary lines people make up to feel in control. It can legit shoot up from here, and if it ""follows the cycle and goes down"" it doesn't mean it will have to go up again. 

For now, it looks like the train is leaving the station. ",77,0.7,87,https://www.reddit.com/r/Bitcoin/comments/1sire39/bbut_it_must_go_lower/,Bitcoin,2026-04-11 18:48:52,1,REAL,reddit_Bitcoin
Can bitcoin be switched to aa POS model?,I was thinking that the energy requirements for bitcoin mining is just outrageously expensive. Are there not better models that will cut the energy consumption? I think one day we will have an energy crisis and one of the first things to go is bitcoin mining.  ,0,0.35,29,https://www.reddit.com/r/Bitcoin/comments/1sk1g9v/can_bitcoin_be_switched_to_aa_pos_model/,Bitcoin,2026-04-13 05:15:37,0,FAKE,reddit_Bitcoin
A Boomer and a non-investor told me to sell.,"Well i guess it’s time we rip!

A boomer told me that the best assets are tangible ones etc houses and alike. 

A non investor told me to stay in cash cuz market will collapse lol

Knowing Donald dump he will pump the markets for midterms.",102,0.87,79,https://www.reddit.com/r/Bitcoin/comments/1sil12w/a_boomer_and_a_noninvestor_told_me_to_sell/,Bitcoin,2026-04-11 14:47:23,1,REAL,reddit_Bitcoin
Bitcoin Core 31.0 release candidate 4 available,,60,0.89,19,https://github.com/bitcoin-core/bitcoin-devwiki/wiki/31.0-Release-Candidate-Testing-Guide,Bitcoin,2026-04-11 17:10:44,1,REAL,reddit_Bitcoin
It’s fun trying to mine a block that includes your own transaction.,"I like knowing that I’m one of the miners working to clear my own transaction, and that if I succeed, the fees I’m paying will come back to me. I have very little hash power, so the odds are astronomical, but I enjoy the feeling of participation and increased connection to how the technology works.",27,0.87,10,https://www.reddit.com/r/Bitcoin/comments/1sit8jt/its_fun_trying_to_mine_a_block_that_includes_your/,Bitcoin,2026-04-11 19:58:45,1,REAL,reddit_Bitcoin
Bitcoin trading,so I don’t know much about bitcoin but I do know that trying to sign up for coinbase needs you to be above 18. how to get a btc address that can receive btc which can just stay in that account till I turn 18.,0,0.45,16,https://www.reddit.com/r/Bitcoin/comments/1sjkgex/bitcoin_trading/,Bitcoin,2026-04-12 17:17:08,0,FAKE,reddit_Bitcoin
My university's business school moved to a new building and we're now in the Satoshi floor. Is this a sign?,,261,0.98,19,https://www.reddit.com/gallery/1si9i7t,Bitcoin,2026-04-11 04:45:31,1,REAL,reddit_Bitcoin
Bitcoin Creed,"*HODL* in the name of *HODL*!           
Sats for your Stack of Sats!

Sell the fiat. Shun the ETF. Purge the shitcoin.

Cold storage protects.      
And thou shall protect what you *Hodl*, from hackers and roommates alike, for they will un-hodl your sats, and there is no greater sin than that.       

Should your private keys pass beyond your ken, despair not but rejoice, for your humble sats were granted the ultimate honor of joining the mighty coins of Satoshi in the noble realm of *Eternal Hodl*. 

May your DCA be daily and strong.",4,0.59,3,https://www.reddit.com/r/Bitcoin/comments/1sj0gh7/bitcoin_creed/,Bitcoin,2026-04-12 01:07:26,1,REAL,reddit_Bitcoin
"What resources, books, people, or other sources would be best to use to learn about Bitcoin, and how to obtain it as a regular human?","Hello,

   I am a newbie to bitcoin, and I want to learn more about it, how it actually works, and how to obtain it. I am though very nervous about what sources are true and just a google search will not give me the full story. Does one really need a doctorate in tech to be able to work with a mine bitcoin? I want to learn and be able to see what it is all about, and all advice is welcome. Thanks",7,0.74,13,https://www.reddit.com/r/Bitcoin/comments/1siz9aw/what_resources_books_people_or_other_sources/,Bitcoin,2026-04-12 00:10:34,1,REAL,reddit_Bitcoin
BIP-85 child seed with lightning wallet,"I wanted to use a BIP-85 child seed with a lightning wallet (which naturally also supports on-chain) and apparently it wasn't possible. I tried with Aqua and with Phoenix, but they both state that you can only restore a wallet with seeds generated from that same wallet... What's up with that? It kind of defeats the purpose of having only one seed to rule them all.

Is this a limitation on all lightning wallets? Does anyone know of a wallet where it is possible to do it?

Thanks in advance.",10,0.86,8,https://www.reddit.com/r/Bitcoin/comments/1sirz4s/bip85_child_seed_with_lightning_wallet/,Bitcoin,2026-04-11 19:10:21,1,REAL,reddit_Bitcoin
Is the 'Halving' becoming a self-fulfilling prophecy for the bots in 2026?,"Every cycle we talk about the supply shock, but I’m noticing that volatility is increasingly front-run by institutional algorithms months in advance.

Are we reaching a point where the Halving is fully priced in by the time it actually happens? As a developer, I’m seeing more ""smart money"" infrastructure being built around predicting bot behavior rather than actual supply changes. What’s your take? Is the halving still a factor, or just a scheduled volatility event for the algos?",16,0.8,7,https://www.reddit.com/r/Bitcoin/comments/1sijh99/is_the_halving_becoming_a_selffulfilling_prophecy/,Bitcoin,2026-04-11 13:43:39,1,REAL,reddit_Bitcoin
Why is the volume lower on weekends?,"The stock market is closed on weekend. Bitcoin is one of the few assets that can be traded on weekend. By my understanding, that would mean bitcoins volume should be higher on weekend than on weekdays because traders cant trade stocks, so trading focused on bitcoin.  But bitcoins volume on weekends is actually lower than on weekdays, despite weekend, by my logic, being the time frame where everyone would jump to bitcoin because the stock market is closed",26,0.84,33,https://www.reddit.com/r/Bitcoin/comments/1sifa3k/why_is_the_volume_lower_on_weekends/,Bitcoin,2026-04-11 10:18:03,1,REAL,reddit_Bitcoin
12 years ago I entered and exited BTC,I made around 100% in 3 weeks and was happy with that 🫡🫣,395,0.96,40,https://i.redd.it/pn42ekb7meug1.jpeg,Bitcoin,2026-04-10 18:12:36,1,REAL,reddit_Bitcoin
"Node Monitoring ""Mini"" Guide","Hey sysadmins and node runners,i made a little guide about Uptime Kuma, a open source tool for monitoring the services of computers.

[1-Install docker engine -  https:\/\/docs.docker.com\/engine\/install\/](https://preview.redd.it/pljqgzik2lug1.png?width=2400&amp;format=png&amp;auto=webp&amp;s=63905405ccc6c1e8cb1a249857989389216611f3)

[2-Run that command to deploy uptime kuma container - ](https://preview.redd.it/9vh2999pkjug1.png?width=1259&amp;format=png&amp;auto=webp&amp;s=f2fc93c08a1fda5ea4734363a8859b544b44b8de)

[3-Create login credentials and select database to use, in my case i used this one just for the test, i recommend sqlite for lightweight works and mariadb\/mysql for more complex works.](https://preview.redd.it/41sy4s4qkjug1.png?width=1263&amp;format=png&amp;auto=webp&amp;s=5ff8deeabfb49002cea8c7c64a7992c6f27a1428)

[4-Press on \\""add new monitor\\""](https://preview.redd.it/dwwb9n1dljug1.png?width=1263&amp;format=png&amp;auto=webp&amp;s=54589667ca7aedec17e14e6a00cd132e0",7,0.82,0,https://www.reddit.com/r/Bitcoin/comments/1simyeq/node_monitoring_mini_guide/,Bitcoin,2026-04-11 16:02:16,1,REAL,reddit_Bitcoin
"Daily Discussion, April 11, 2026","Please utilize this sticky thread for all general **Bitcoin** discussions! If you see posts on the front page or /r/Bitcoin/new which are better suited for this daily discussion thread, please help out by directing the OP to this thread instead. Thank you!

If you don't get an answer to your question, you can try phrasing it differently or commenting again tomorrow.

Please check the [previous discussion thread](https://www.reddit.com/r/Bitcoin/comments/1she8bw/daily_discussion_april_10_2026/) for unanswered questions.",28,0.92,17,https://www.reddit.com/r/Bitcoin/comments/1siazlr/daily_discussion_april_11_2026/,Bitcoin,2026-04-11 06:05:25,1,REAL,reddit_Bitcoin
Japan Moves To Classify Bitcoin And Shitcoins As Financial Instruments Under New Bill,,276,0.97,24,https://bitcoinmagazine.com/news/japan-moves-to-classify-bitcoin-and-crypto,Bitcoin,2026-04-10 17:15:21,1,REAL,reddit_Bitcoin
Why is everyone so obsessed with the unmasking?,"I’m just honestly perplexed why this really matters? For real, what difference is it going to make to finally unmask the real SN and how is that going to change the impact his held coins will make when they’re finally sold? Everyone is anonymous on the chain so why should they be any different? 

Sure, there’s the impact of data hungry machines and their environmental impact but sincerely that ship sailed a decade ago. But how is any of that going to change once we all know for sure who to blame? Is t it all the rest of us, constantly moving coins around that are to blame?

So curious to hear opinions on this article. ",99,0.85,109,https://www.nytimes.com/2026/04/09/podcasts/the-daily/satoshi-nakamoto-bitcoin-creator.html?unlocked_article_code=1.Z1A.Zc6v.htjM1l8I6VbV&amp;smid=nytcore-ios-share,Bitcoin,2026-04-10 22:57:45,1,REAL,reddit_Bitcoin
New avalon q miner,"Got it yesterday and it seems to be running smoothly. Not sure I'll ever hit a block but this was the last piece to a full setup. I have a bitcoin core full node running with inbound/outbound connections, and now I've got 90T helping secure the network, its not much but im doing my part to help decentralize and just maybe I'll hit a block! ",27,0.92,12,https://i.redd.it/sr7hz37jdgug1.jpeg,Bitcoin,2026-04-11 00:07:33,1,REAL,reddit_Bitcoin
this might be the dumbest bitcoin critcism i've ever heard...,"An economist named Steve Keen says Bitcoin will go to zero because it uses too much energy. It only took me ten minutes to break down why his ""critique"" makes no sense",50,0.74,42,https://youtu.be/t7Ca56-XxPM,Bitcoin,2026-04-10 20:20:22,1,REAL,reddit_Bitcoin
Genesis Block - Starter Kit : Posted By e[n1]gMa,"I Spent 13 Years Deciphering This...

I Will Give You A Starter Kit, Not The Solution, Which May Or May Not Include Satoshi Nakamoto's Identity Imbedded

Row 5 Reads: Forrest Fenn's 4D Treasure Hunt

https://preview.redd.it/dltji3mi1oug1.jpg?width=1342&amp;format=pjpg&amp;auto=webp&amp;s=a3f266b8edc9dde309266e1f7a77b1f7507ca241",0,0.33,7,https://www.reddit.com/r/Bitcoin/comments/1sj1ilf/genesis_block_starter_kit_posted_by_en1gma/,Bitcoin,2026-04-12 01:58:17,0,FAKE,reddit_Bitcoin
Blockchain.com explorer has been compromised or something,"It looks like the block explorer has been hacked on Blockchain.com. When you search for a wallet address it shows you bunch of specific addresses only.

For example for Satoshi address: [https://www.blockchain.com/en/explorer/addresses/btc/1A1zP1eP5QGefi2DMPTfTL5SLmv7DivfNa](https://www.blockchain.com/en/explorer/addresses/btc/1A1zP1eP5QGefi2DMPTfTL5SLmv7DivfNa), it shows me the following ones only:

1PyJph17b4nAKqp4UvbxUZXpoesDzvZkVL  
1PAZba3CAFRYm7gNBhrzH8Dz1FkYDCwJPs  
1PyJph17b4nAKqp4UvbxUZXpoesDzvZkVL  
1PbwAPq7aUepWrrToVh1snhv8mqy9wrGnk  
bc1qdmaslupuaetajnfzex8zw6jc93ww32ur6gj3we

Be aware guys. Also it will be great to report it to Blockchain, but their support system a bit hard to use. Hope they are reading r/Bitcoin sometimes.",59,0.88,33,https://www.reddit.com/r/Bitcoin/comments/1shs1s0/blockchaincom_explorer_has_been_compromised_or/,Bitcoin,2026-04-10 16:47:33,1,REAL,reddit_Bitcoin
Bitcoin and Quantum Computing — Research Series by NVK,,39,0.93,8,https://bitcoinquantum.space/,Bitcoin,2026-04-10 17:27:52,1,REAL,reddit_Bitcoin
Is Bitcoin set to skyrocket?,Is it actually going to go up?,293,0.79,239,https://www.reddit.com/r/Bitcoin/comments/1shbt4d/is_bitcoin_set_to_skyrocket/,Bitcoin,2026-04-10 03:57:10,1,REAL,reddit_Bitcoin
Exodus Rolls Out 'Exodus Pay' to Turn Bitcoin Wallet Into Spending App,,17,0.85,7,https://decrypt.co/363947/exodus-pay-bitcoin-wallet-spending-app,Bitcoin,2026-04-10 19:16:18,1,REAL,reddit_Bitcoin
BTC just reclaimed every major EMA with the strongest trend signal in months — and nobody believes it because Fear &amp; Greed is at 16.,"ADX hit 60.1 on the 4H. That's an absurdly strong trend reading. EMA ribbon flipped bullish. MACD is at +563. By every technical measure this is a confirmed uptrend.

Meanwhile Fear &amp; Greed is at 16. Extreme Fear. Retail is actually net short at 0.86 while smart money flipped long at 1.06.

Let that sink in — smart money is long, retail is short, technicals are screaming bullish, and sentiment is at the floor.

Ohhh and CPI drops in a few hours. If it comes in cool, this thing flies. If it comes in hot, we retest $69K and everyone says ""told you so.""

Best asymmetric setup in weeks and almost nobody is talking about it.",123,0.87,39,https://www.reddit.com/r/Bitcoin/comments/1shdb7e/btc_just_reclaimed_every_major_ema_with_the/,Bitcoin,2026-04-10 05:16:10,1,REAL,reddit_Bitcoin
Entering long,"If you’ve been hodling on Fiat thinking if it’s time, it’s about time for a good swing. Buy in!!",34,0.81,15,https://www.reddit.com/r/Bitcoin/comments/1shkbde/entering_long/,Bitcoin,2026-04-10 11:52:26,1,REAL,reddit_Bitcoin
"It’s 0.1 Bitcoin enough in 20-25 years to live in Germany or USA,Spain","What you think? It’s 0.1 Bitcoin enough to live a good life in Germany, USA or Spain? Or how much should have?",0,0.24,32,https://www.reddit.com/r/Bitcoin/comments/1sismyl/its_01_bitcoin_enough_in_2025_years_to_live_in/,Bitcoin,2026-04-11 19:35:43,0,FAKE,reddit_Bitcoin
"Hey, let me ask you something. . .",,312,0.95,38,https://i.redd.it/xu4bv1gkq8ug1.png,Bitcoin,2026-04-09 22:26:21,1,REAL,reddit_Bitcoin
Bitcoin is experiencing a double S curve technology cycle,"This is common in almost every technology growth cycle.

First there is the initial hype, then there is a period of innovation where the technology matures, then there is a secondary period of high growth and hype that reflects its built-out maturity, enhanced user experience, and mainstream integration.

These three stages look like this with bitcoin.

2009 - 2017: Initial hype (parabolic price action)

2018 - 2026: Innovation (price stagnation)

2027 - 2035: Maturity (parabolic price action)

After these three stages we will reach mass adoption, which would in theory equal a 26 year adoption cycle from whitepaper to mass adoption.

The last 8 or so years in bitcoin have felt boring, but thats just because the price action has been going nowhere. for example we are currently at the same prices seen in 2021 and only 3x the prices seen in 2017.

But this is exactly how the innovation stage works. It appears boring however there is a ton of building going on behind the scenes to make bit",65,0.82,31,https://www.reddit.com/r/Bitcoin/comments/1she673/bitcoin_is_experiencing_a_double_s_curve/,Bitcoin,2026-04-10 06:04:38,1,REAL,reddit_Bitcoin
I want to take payments using Bitcoin.,"I have a business and the margins are negative to breakeven. part of this is the rate people are scamming using services and chargebacks. It is small but it happens. 

Basically, you order custom, we make custom and you pick up. There is zero chance of you not getting the custom order. But we do not have zero chargebacks. 

I see maps of services much smaller than us even though we still are small potatoes in our industry, that accept bitcoin payments and all over the map these are square app enabled lightning network payments. no chargebacks and most importantly over that no interchange fees. How can I start taking bitcoin payments?  Is my business too big? Is it only service businesses being allowed since they do not charge sales tax? I would make all inclusive pricing if sales tax were the issue. Both interchange and chargebacks are drowning me. There is often no money to pay myself when these people steal this way. It took three months of working a second job to finally be back to ",26,0.81,31,https://www.reddit.com/r/Bitcoin/comments/1shio61/i_want_to_take_payments_using_bitcoin/,Bitcoin,2026-04-10 10:27:58,1,REAL,reddit_Bitcoin
Terrence Howard says Bitcoin is going to die. I the quality of Bitcoin’s critics makes me even more bullish,Man these bitcoin critics are embarrassing. they just make me want to buy more ,206,0.73,187,https://youtu.be/wJJYtiz0nqw,Bitcoin,2026-04-09 22:25:40,1,REAL,reddit_Bitcoin
Recovering old wallet,"# I bought BTC back in 2012-ish

G'day everyone,

I have leftover coins on an old, cracked screen phone. Short of replacing the guts of the phone, I have found only a wallet address in my records.

I can't remember which android app I used for the wallet, but what are the chances I can recover the wallet with the address? I can't remember if I set up a seed phrase, probably did.

It'd come in really handy right now, always worked hard and after injuries and the Dingo attack on Fraser while working as a Tour Guide (in THAT camp, PTSD type condition after that, actually rocked me) I'm currently in between careers and struggling so whatever I have left in that wallet would be of great use.

Cheers for your time,

To the mooooon. (I had no idea what BTC even was back then, one look at the darknet and I didn't know what I'd got myself into).",0,0.5,25,https://www.reddit.com/r/Bitcoin/comments/1si7fur/recovering_old_wallet/,Bitcoin,2026-04-11 03:01:54,1,REAL,reddit_Bitcoin
Nothing can stop BTC once the macro environment finally clears up.,,11,1.0,3,https://i.redd.it/u89f40wv7dug1.jpeg,Bitcoin,2026-04-10 13:33:55,1,REAL,reddit_Bitcoin
"Daily Discussion, April 10, 2026","Please utilize this sticky thread for all general **Bitcoin** discussions! If you see posts on the front page or /r/Bitcoin/new which are better suited for this daily discussion thread, please help out by directing the OP to this thread instead. Thank you!

If you don't get an answer to your question, you can try phrasing it differently or commenting again tomorrow.

Please check the [previous discussion thread](https://www.reddit.com/r/Bitcoin/comments/1sgil95/lightning_thursday_april_09_2026_explore_the/) for unanswered questions.",27,0.94,46,https://www.reddit.com/r/Bitcoin/comments/1she8bw/daily_discussion_april_10_2026/,Bitcoin,2026-04-10 06:07:54,1,REAL,reddit_Bitcoin
first time,just put $200 into btc was that a good idea orrr ,32,0.88,47,https://www.reddit.com/r/Bitcoin/comments/1shbww5/first_time/,Bitcoin,2026-04-10 04:02:10,1,REAL,reddit_Bitcoin
Hormuz Strait Just Made Bitcoin 10x Easier to Understand 😱 (281 BTC Ever...,,41,0.72,22,https://youtube.com/watch?v=NjRVFsW7i3M&amp;si=UZ7ghMVt2ApStuNA,Bitcoin,2026-04-10 02:10:04,1,REAL,reddit_Bitcoin
How it started How it’s Going,,93,0.94,6,https://www.reddit.com/gallery/1sh2kx0,Bitcoin,2026-04-09 21:15:15,1,REAL,reddit_Bitcoin
Bitcoin Optech Newsletter #400,"Bitcoin Optech newsletter #400 is here:

\- recaps the ""Testing Bitcoin Core 31.0 Release Candidates"" PR Review Club meeting  
\- Optech Newsletter #400 Podcast  
[https://bitcoinops.org/en/newsletters/2026/04/10/](https://bitcoinops.org/en/newsletters/2026/04/10/)

'Testing Bitcoin Core 31.0 Release Candidates' was a review club meeting that did not review a particular PR, but rather was a group testing effort. Before each major Bitcoin Core release, extensive testing by the community is considered essential. For this reason, a volunteer writes a testing guide for a release candidate so that as many people as possible can productively test without having to independently ascertain what’s new or changed in the release, and reinvent the various setup steps to test these features or changes...  
[https://bitcoinops.org/en/newsletters/2026/04/10/#bitcoin-core-pr-review-club](https://bitcoinops.org/en/newsletters/2026/04/10/#bitcoin-core-pr-review-club)

Bitcoin Optech will host an audio r",9,0.8,0,https://bitcoinops.org/en/newsletters/2026/04/10/,Bitcoin,2026-04-10 10:33:26,1,REAL,reddit_Bitcoin
Do you guys set limit orders or market?,"I noticed the spread is really wide on Bitcoin, so do you prefer to set limit orders or market buy?",21,0.84,29,https://www.reddit.com/r/Bitcoin/comments/1shcfix/do_you_guys_set_limit_orders_or_market/,Bitcoin,2026-04-10 04:29:04,1,REAL,reddit_Bitcoin
Robots Will Beat Humans At Being Human,,4,0.67,2,https://www.youtube.com/watch?v=YYaDTJeCxRg,Bitcoin,2026-04-10 11:16:19,1,REAL,reddit_Bitcoin
I put Bitcoin on a paper wallet and can't find it now,"Now this was a while ago so my memory is a bit fuzzy but this was when hodlhodl was pretty new. I lost the login to my hodlhodl account so I can't find the txid anymore. Here's what I remember:

1.  I made a 12 word seed wallet in Electrum on tails os (Offline/Air gapped)
2. I wrote the seed on a sticky note
3. I got Bitcoin sent from a p2p exchange (Confirmed on chain at the time of trade)

Now I tried restoring the seed in Electrum on my regular linux desktop but **the word ""Emplow"" isn't being recognized.** I tried employ but that won't work either. I've also tried switching between Bip-39, Electrum and slip39

  
Any thoughts? Is my Bitcoin lost?",14,0.69,39,https://www.reddit.com/r/Bitcoin/comments/1shb624/i_put_bitcoin_on_a_paper_wallet_and_cant_find_it/,Bitcoin,2026-04-10 03:25:29,1,REAL,reddit_Bitcoin
Joby Weeks (bitclub network scam) in Tommy Robinson interview.,"Just watched an interview featuring British activist Tommy Robinson speaking with a former BitClub Network figure, and I honestly think he’s been seriously misled in this conversation.

The guest in the video claims BitClub Network was a huge success with “no victims” and that “everyone got rich.” That is not true based on public record.

BitClub Network has been the subject of a major fraud case brought by the U.S. Department of Justice, with allegations that it was a large-scale crypto investment scheme involving misrepresented mining profits and returns funded by new investor money rather than real trading or mining activity.

I say this as someone who personally invested in it and lost money. There absolutely were victims..... I was one of them.

I don’t think Tommy has done basic background research on this individual or the case before giving him a platform. At minimum, I hope he looks into the actual court filings and evidence, because the claims being presented in that intervie",8,0.71,3,https://www.youtube.com/watch?v=iScyvqrl59M,Bitcoin,2026-04-10 04:02:22,1,REAL,reddit_Bitcoin
Adam Back says he is not Bitcoin founder Satoshi Nakamoto,"On X, Adam Back addressed, external the New York Times' assertion that he was absent on Bitcoin forums at the time when Satoshi was most active and then came back once Satoshi had vanished - saying he actually ""did a lot of yakking"" on the forums at the time.

He said the rest of the New York Times evidence is ""a combination of coincidence and similar phrases from people with similar experience and interests"".",338,0.96,162,https://www.bbc.co.uk/news/articles/cgrl4l1y9yxo,Bitcoin,2026-04-09 07:32:10,1,REAL,reddit_Bitcoin
This Week 4 different Solo Miners Took Home $853K!,"It's been a wild week for solo miners. Four different miners hit blocks in the past 7 days across three different solo pools, taking home a combined \~12.47 BTC (\~$853,000 USD). The little guys keep winning.



🟠 \[Block 943,411\](https://mempool.space/block/00000000000000000000bef7f0870c24f2962cf83949e96c7288cf30f0d74bf0) (April 2)

Pool: Solo CK

Hashrate: \~240 TH/s

Reward: 3.07 BTC (\~$205,949 USD)

3,961 transactions | 1.4M sats in fees

Fee range: 0.00 to 477 sat/vB

312th solo block on CKPool. First in 33 days.

Odds: \~1 in 28,000 per day



🟠 \[Block 943,466\](https://mempool.space/block/943466) (April 3)

Pool: Public Pool (the pool's first ever solo block)

Devices: NerdOCTAXE (8.2 TH/s) + NerdQaxe+ (2.9 TH/s) + NerdQaxe++ (7.4 TH/s)

Total hashrate: 18.5 TH/s

Reward: 3.14 BTC (\~$209,597 USD)

2,359 transactions | 2.3M sats in fees

Fee range: 1.00 to 448 sat/vB

All open-source hardware. Zero pool fees.



🟠 \[Block 944,078\](https://mempool.space/block/944078) (April 7",95,0.96,20,https://www.reddit.com/r/Bitcoin/comments/1sgqk2j/this_week_4_different_solo_miners_took_home_853k/,Bitcoin,2026-04-09 14:04:29,1,REAL,reddit_Bitcoin
Is this you?,,1998,0.99,45,https://i.redd.it/7ypbcw0601ug1.jpeg,Bitcoin,2026-04-08 20:26:04,1,REAL,reddit_Bitcoin
How Africa can build the entire continent on bitcoin,,45,0.85,0,https://substack.com/home/post/p-193685747,Bitcoin,2026-04-09 15:49:49,1,REAL,reddit_Bitcoin
STRC.live website is fun to track. They bought 2668 bitcoin today alone.,,16,0.85,3,https://i.redd.it/rav0d0ge88ug1.jpeg,Bitcoin,2026-04-09 20:44:32,1,REAL,reddit_Bitcoin
Fear &amp; Greed dropped from 17 to 14 AFTER a $72.7K rally and $471M in ETF inflows. That's never happened before and nobody's asking why.,"Think about what just happened.

Iran ceasefire. Morgan Stanley launches a Bitcoin ETF. **$471M** pours into **BTC ETFs** in a single day. Price hits $72.7K. $280M in shorts get liquidated.

And sentiment got **WORSE**. Not better. Worse.

Fear &amp; Greed was **17** before the rally. Today it's **14**. The market saw the most bullish news combination in months and responded by getting more afraid.

I've been watching this index for a long time. A rally on major positive catalysts that DROPS sentiment instead of lifting it tells you one thing: the people with real money don't believe this move. **The $280M in liquidations means the pump was fueled by short squeezes, not by new buyers who want to hold.**

Halving anniversary is April 20. CPI drops tomorrow. The next two weeks will tell us if this was the start of something or just noise.

But that Fear &amp; Greed number should bother everyone who went long yesterday.",210,0.9,91,https://www.reddit.com/r/Bitcoin/comments/1sgi7pw/fear_greed_dropped_from_17_to_14_after_a_727k/,Bitcoin,2026-04-09 06:54:03,1,REAL,reddit_Bitcoin
"The 7 Levels of Bitcoin Security, from zero to maximum control and resilience.",,12,0.78,4,https://youtube.com/watch?v=YCEt288xwbE&amp;si=zI7FXJK9bss-8M6u,Bitcoin,2026-04-09 19:53:00,1,REAL,reddit_Bitcoin
Quick look at a simple self-custody setup with COLDCARD and Cove wallet,"A lot of people assume self-custody is too complicated, but with the right tools it's pretty simple.

Curious what setups others here are using?",25,0.78,7,https://v.redd.it/4rch0p7yb6ug1,Bitcoin,2026-04-09 14:23:47,1,REAL,reddit_Bitcoin
They hate this little trick,,498,0.97,24,https://v.redd.it/xrq1ez5ru0ug1,Bitcoin,2026-04-08 19:55:45,1,REAL,reddit_Bitcoin
What Is the Correct Investment Philosophy?,"What Does the Right Investment Philosophy Really Look Like? I’ve noticed that too many people jump into trading stocks, options, and cryptocurrencies without understanding the market at all. They treat investing like gambling

I used to be exactly the same. I’d see one piece of news and think this is going to moon, or hear someone say a coin would 10x, and immediately open an account, add leverage, and go all in. The result? Emotions took over. I traded frequently, couldn’t stick to stop losses, and definitely couldn’t take profits. In the end, I lost a lot of money. That wasn’t investing, it was just being a really bad gambler

Later, I switched everything to a long-term strategy, and it completely changed both my approach and my mindset. I stopped staring at candlestick charts every day, stopped getting anxious over daily price swings, and stopped trying to predict where the market would be next month

In my opinion, the right investment philosophy can actually be summarized in a few",8,0.73,10,https://www.reddit.com/r/Bitcoin/comments/1sgx6wh/what_is_the_correct_investment_philosophy/,Bitcoin,2026-04-09 18:01:07,1,REAL,reddit_Bitcoin
Bitcoin isn’t a sprint and most holders forget that,"Every pump makes people greedy, every dip makes them panic. The real BTC gains go to those who think long-term and don’t react to every candle.  
How do you train yourself to ignore the noise and stick to your plan?",19,0.85,10,https://www.reddit.com/r/Bitcoin/comments/1sgpzxr/bitcoin_isnt_a_sprint_and_most_holders_forget_that/,Bitcoin,2026-04-09 13:42:37,1,REAL,reddit_Bitcoin
What changed in your understanding of Bitcoin after running your own node?,"Not talking about the technical setup, more the mental model shift. Before running a node I understood Bitcoin conceptually. After, the trust model clicked in a different way. Curious what other people noticed changed in how they think about it.",16,0.81,18,https://www.reddit.com/r/Bitcoin/comments/1sgoy8j/what_changed_in_your_understanding_of_bitcoin/,Bitcoin,2026-04-09 13:00:30,1,REAL,reddit_Bitcoin
Online Bitcoin Meetup,"If anyone is interested, we have an online-only Bitcoin Meetup group where we have live video discussions on various Bitcoin topics with other Bitcoiners. No shitcoins allowed!

Our next event is April 16th.

[https://www.meetup.com/bitcoin-worldwide/events/313614294/?eventOrigin=group\_upcoming\_events](https://www.meetup.com/bitcoin-worldwide/events/313614294/?eventOrigin=group_upcoming_events)",7,0.77,7,https://www.reddit.com/r/Bitcoin/comments/1sgvd6b/online_bitcoin_meetup/,Bitcoin,2026-04-09 16:57:21,1,REAL,reddit_Bitcoin
If you had 10 BTC what would you do with that?,"If you had 10 BTC (\~$1M), what would you do? hold it, sell it for a specific life goal, or something else? Personally, I’d sell a portion to immigrate to a stable and safer country as soon as possible, start a small business, and hold the rest.. ",0,0.36,77,https://www.reddit.com/r/Bitcoin/comments/1shla93/if_you_had_10_btc_what_would_you_do_with_that/,Bitcoin,2026-04-10 12:35:45,0,FAKE,reddit_Bitcoin
Bitcoin core wallet Help,"I use the bitcoin core wallet on my PC, and I have an old wallet that I saved from another computer and I am trying to restore/get that wallet open. I have the .dat file and the entire wallet folder saved, but every time I try to load the wallet it says it’s not a recognized format.",4,0.64,16,https://www.reddit.com/r/Bitcoin/comments/1sgxhhk/bitcoin_core_wallet_help/,Bitcoin,2026-04-09 18:11:18,1,REAL,reddit_Bitcoin
Iran Wants Bitcoin Payments From Oil Ships Seeking Hormuz Passage: FT,,464,0.96,48,https://decrypt.co/363641/iran-bitcoin-payments-oil-ships-seeking-hormuz-passage,Bitcoin,2026-04-08 15:59:12,1,REAL,reddit_Bitcoin
"Bitcoin dip buyers gobbled up nearly 850,000 BTC between $60,000 and $70,000",,487,0.96,54,https://www.coindesk.com/markets/2026/04/08/bitcoin-buyers-gobbled-up-nearly-850-000-btc-between-usd60-000-and-usd70-000,Bitcoin,2026-04-08 13:56:48,1,REAL,reddit_Bitcoin
"Daily Discussion, April 09, 2026","Please utilize this sticky thread for all general **Bitcoin** discussions! If you see posts on the front page or /r/Bitcoin/new which are better suited for this daily discussion thread, please help out by directing the OP to this thread instead. Thank you!

If you don't get an answer to your question, you can try phrasing it differently or commenting again tomorrow.

Please check the [previous discussion thread](https://www.reddit.com/r/Bitcoin/comments/1sfkoj2/daily_discussion_april_08_2026/) for unanswered questions.",23,0.88,28,https://www.reddit.com/r/Bitcoin/comments/1sgheko/daily_discussion_april_09_2026/,Bitcoin,2026-04-09 06:07:15,1,REAL,reddit_Bitcoin
Iran Wants Bitcoin Payments From Oil Ships Seeking Hormuz Passage: FT,[https://decrypt.co/363641/iran-bitcoin-payments-oil-ships-seeking-hormuz-passage](https://decrypt.co/363641/iran-bitcoin-payments-oil-ships-seeking-hormuz-passage),47,0.92,5,https://www.reddit.com/r/Bitcoin/comments/1sgcekt/iran_wants_bitcoin_payments_from_oil_ships/,Bitcoin,2026-04-09 01:57:29,1,REAL,reddit_Bitcoin
Im going to start buying again!,Im so sorry guys! Im going to start buying in now meaning it’s going to crash! So for you regards out there that only buy when its high go ahead and make that purchase 😩,46,0.8,32,https://www.reddit.com/r/Bitcoin/comments/1sga8mv/im_going_to_start_buying_again/,Bitcoin,2026-04-09 00:19:28,1,REAL,reddit_Bitcoin
"⚡ Lightning Thursday! April 09, 2026: Explore the Lightning Network!⚡","The lightning network is a second-layer solution on top of the Bitcoin blockchain that enables quick, cheap and scalable Bitcoin payments.

Here is the place to discuss and learn more about lightning!

Ask your questions about lightning

Provide reviews, feedback, comparisons of LN apps, services, websites etc

Learn about new LN features, development, apps

Link to good quality resources (articles, wikis etc)

Resources:

* Here is an awesome list of resources compiled by Jameson Lopp: https://bitcoinfo.org/lightning.html

* Want to test out your lightning fire power? tip the Bitcoin devs! https://bitcoindevlist.com/

* Previous threads: [Search](https://www.reddit.com/r/Bitcoin/search?q=Lightning+Thursday&amp;restrict_sr=on&amp;include_over_18=on&amp;sort=new&amp;t=all)

* Lnbook getting closer towards being finished and can already be seen at: https://github.com/lnbook/lnbook

* Lightning Dedicated YouTube Channel: https://youtube.com/renepickhardt

* Also there is the playlist by c",13,0.85,3,https://www.reddit.com/r/Bitcoin/comments/1sgil95/lightning_thursday_april_09_2026_explore_the/,Bitcoin,2026-04-09 07:15:57,1,REAL,reddit_Bitcoin
Kraken Pro vs “regular”,"I want to make sure that I get this right: is it correct that paying for Pro is only worth it if you buy more than the Bitcoin equivalent of 500$ per month? if the fee for regular users is 1%, that would cost about 5$ for 500$, and the Pro subscription is worth a little less than 5$, so if you buy 500, you just about break even, right? Or do I miss something?

",0,0.47,24,https://www.reddit.com/r/Bitcoin/comments/1sh2gzg/kraken_pro_vs_regular/,Bitcoin,2026-04-09 21:11:09,0,FAKE,reddit_Bitcoin
Chat_164 - Skating To Where The Puck Will Be with Matt Hill,,8,0.79,0,https://www.youtube.com/watch?v=c7ueHTTdu-A,Bitcoin,2026-04-09 11:16:17,1,REAL,reddit_Bitcoin
Iran wants payment in Bitcoin to pass Strait of Hormuz!,https://www.yahoo.com/news/articles/weirdest-detail-iran-ceasefire-agreement-194337587.html,48,0.9,6,https://www.reddit.com/r/Bitcoin/comments/1sg8wxb/iran_wants_payment_in_bitcoin_to_pass_strait_of/,Bitcoin,2026-04-08 23:21:55,1,REAL,reddit_Bitcoin
Computers Without Intermediaries And Custodians,,3,0.64,0,https://www.youtube.com/watch?v=ZGDw5hHydmA,Bitcoin,2026-04-09 16:16:48,1,REAL,reddit_Bitcoin
Iran accepting Bitcoin as toll payment!,,104,0.98,4,https://i.redd.it/frc5ademc0ug1.jpeg,Bitcoin,2026-04-08 18:13:57,1,REAL,reddit_Bitcoin
Bitcoin day,Paid a local cafe in sats and got 25 bucks back from the btc day promotion 😁!,70,0.96,2,https://i.redd.it/hatv7fji01ug1.png,Bitcoin,2026-04-08 20:27:52,1,REAL,reddit_Bitcoin
"Bitcoin pumping, the war is over (probably, who knows) and one of the largest wealth managers in the world released its bitcoin ETF today. MS has 16,000 advisors managing $9.3 Trillion in assets for their clients"," Morgan Stanley's bitcoin ETF comes with a 0.14% annual fee, making it the lowest in the spot BTC ETF market and undercutting BlackRock's IBIT (0.25%)",201,0.82,51,https://www.reddit.com/r/Bitcoin/comments/1sfu4g0/bitcoin_pumping_the_war_is_over_probably_who/,Bitcoin,2026-04-08 14:16:06,1,REAL,reddit_Bitcoin
"""I am not aware of the ability to send Bitcoin without some intermediating service""","[https://www.reddit.com/r/askanything/comments/1s8mrgl/comment/oenq0i2/?utm\_source=share&amp;utm\_medium=web3x&amp;utm\_name=web3xcss&amp;utm\_term=1&amp;utm\_content=share\_button](https://www.reddit.com/r/askanything/comments/1s8mrgl/comment/oenq0i2/?utm_source=share&amp;utm_medium=web3x&amp;utm_name=web3xcss&amp;utm_term=1&amp;utm_content=share_button)

 I thought some of you might like to read this comment. I was debating this guy for a while until he finally spit this sentence out:

&gt;I didn't misrepresent anything. How is ""sending \[XYZ\] unlimited distance without a third party"" unique at all? How is this any different than a wire transfer? I guess there is banking intermediation, but I am not aware of the ability to send Bitcoin without some intermediating service, either.

This absolutely baffled me, as he was confidently debating me for quite a while, then accidentally admitted he thought bitcoin required an ""intermediating service"". I called him out and he has since not r",116,0.96,37,https://www.reddit.com/r/Bitcoin/comments/1sftxcl/i_am_not_aware_of_the_ability_to_send_bitcoin/,Bitcoin,2026-04-08 14:08:58,1,REAL,reddit_Bitcoin
0.075BTC at 18y old,"Shall i accumulate more?

Or wait and hodl.",166,0.89,100,https://www.reddit.com/r/Bitcoin/comments/1sfq9y9/0075btc_at_18y_old/,Bitcoin,2026-04-08 11:36:23,1,REAL,reddit_Bitcoin
Real Time USD Purchasing Power,,25,0.89,2,https://onedollar.today/,Bitcoin,2026-04-08 21:38:54,1,REAL,reddit_Bitcoin
Everyone right now,,1034,0.94,88,https://v.redd.it/nlm4h77b5vtg1,Bitcoin,2026-04-08 00:44:05,1,REAL,reddit_Bitcoin
"FORBES: ""Iran’s Bitcoin Toll Sparks $100K Price Prediction. Iran is telling oil tankers to pay Bitcoin if they want to cross the Strait of Hormuz"".",,21,0.97,4,https://www.forbes.com/sites/digital-assets/2026/04/08/will-be-destroyed-irans-bitcoin-toll-sparks-100k-price-prediction/,Bitcoin,2026-04-08 19:26:04,1,REAL,reddit_Bitcoin
Morgan Stanley's Bitcoin ETF set to launch on Wednesday,,145,1.0,10,https://www.tradingview.com/news/cointelegraph:7fd1c9c81094b:0-morgan-stanley-s-bitcoin-etf-set-to-launch-on-wednesday/,Bitcoin,2026-04-08 07:35:53,1,REAL,reddit_Bitcoin
Things I wish I understood earlier about Bitcoin:,"1. short-term thinking leads to bad decisions 

2. trying to time the market usually fails 

3. patience beats constant trading

**What did Bitcoin teach you?**",35,0.87,32,https://www.reddit.com/r/Bitcoin/comments/1sfuvu8/things_i_wish_i_understood_earlier_about_bitcoin/,Bitcoin,2026-04-08 14:43:35,1,REAL,reddit_Bitcoin
Slow block validation on Signet: BIP-54 demo stream (2nd &amp; 3rd run),There are three planned runs of mining slow-to-validate blocks on signet today. This is a stream of some of my monitoring for the 2nd and 3rd run. You can find more context on [https://delvingbitcoin.org/t/consensus-cleanup-demo-of-slow-blocks-on-signet/2367/](https://delvingbitcoin.org/t/consensus-cleanup-demo-of-slow-blocks-on-signet/2367/) ,8,0.75,0,https://youtube.com/live/gHnrAlVA35A,Bitcoin,2026-04-08 21:48:29,1,REAL,reddit_Bitcoin
Live stream of slow blocks demo (BIP 54 / Consensus Cleanup) - YouTube,Developer 0xb10c live streams the demo of slow(ish) blocks on Signet ran in the context of BIP 54 (Consensus Cleanup).,3,0.6,0,https://www.youtube.com/live/Zx20r7QAtEM,Bitcoin,2026-04-08 21:32:32,1,REAL,reddit_Bitcoin
"Bitcoin Pioneer Adam Back, Bernstein Say Quantum Threat to BTC Isn’t Existential",,3,0.81,1,https://decrypt.co/363680/bitcoin-pioneer-adam-back-bernstein-quantum-threat-not-existential,Bitcoin,2026-04-08 22:15:59,1,REAL,reddit_Bitcoin
Iran demands crypto fees for ships passing Hormuz during ceasefire,,14,0.8,5,https://www.ft.com/content/02aefac4-ea62-48db-9326-c0da373b11b8?syn-25a6b1a6=1,Bitcoin,2026-04-08 15:02:21,1,REAL,reddit_Bitcoin
"My favorite indicator is often opening the ""minds"" channel and spot where the masses are.","It's easy, just watch for those compulsive comments like ""SHORT SHORT SHORT"" and guess the overall sentiment. If everyone is bearish i look for long opportunities and vice versa.

These unprofitable retails will often scream buy or sell, completely unaware that the main trend is already exhausted: that's exactly when the large pockets step in to scale their positions. They will then get confused when BTC moves against them, and will never admit they were wrong, blaming it all on news. 

This works so many times, it's actually funny.

If you're one of them, my guy, you should know where you stand as a retail trader: at the bottom of the food chain.",3,0.6,4,https://www.reddit.com/r/Bitcoin/comments/1sg7br5/my_favorite_indicator_is_often_opening_the_minds/,Bitcoin,2026-04-08 22:15:22,1,REAL,reddit_Bitcoin
4 SOLO BTC Blocks In 1 Week?,,0,0.24,0,https://youtu.be/9uABMbqYeKc,Bitcoin,2026-04-09 15:02:29,0,FAKE,reddit_Bitcoin
Stop linking carnism to Bitcoin,"This is somehow a controversial topic, please jump into the conversation. 

I am really tired of how important figures in the ecosystem are linking Bitcoin to the carnivore diet. 

It's shocking to me to see how people like Saifedean and Jack Mallers are pushing the meat narrative along with Bitcoin when they could not be farther apart. 

In my personal view, Bitcoin goes so much better with the vegan narrative because it's more just, more efficient, more contemporary and can help to solve many issues at the same time. 

But let my vegan point aside. I don't actually need Bitcoin to  be linked to veganism. Just as much as Bitcoin doesn't need carnism!!!!

The fact that they try to link carnism to Bitcoin only makes me think that the rest of their opinions and analysis may also be biased or just wrong!

I am a hard Bitcoin promoter, but I will never support something as wrong, cruel and damaging as meat and animal exploitation. 

What are your thoughts?",0,0.41,93,https://www.reddit.com/r/Bitcoin/comments/1sgtg9o/stop_linking_carnism_to_bitcoin/,Bitcoin,2026-04-09 15:49:01,0,FAKE,reddit_Bitcoin
Immovable object (me) vs. unstoppable force (Bitcoin),"My “decision” process over the last few weeks went something like this:

65.5k → don’t invest yet, it will drop further

66.0k → dead cat bounce!

67.5k → fake out, sellers will win this fight

68.0k → too high, invest when it drops to 66.0k

71.5k → what the hell is going on?

Time in the market beats timing the market, I know.",162,0.89,57,https://www.reddit.com/r/Bitcoin/comments/1sfc42k/immovable_object_me_vs_unstoppable_force_bitcoin/,Bitcoin,2026-04-07 23:19:51,1,REAL,reddit_Bitcoin
Shake it out shake it out,"More dips, shake it out, shake it out the weak hands ",0,0.43,1,https://www.reddit.com/r/Bitcoin/comments/1sghzvf/shake_it_out_shake_it_out/,Bitcoin,2026-04-09 06:41:26,0,FAKE,reddit_Bitcoin
Live X Spaces on Bitcoin Circular Economies,,5,0.67,1,https://x.com/i/spaces/1DGLdvOBbkoGm?s=20,Bitcoin,2026-04-08 15:36:15,1,REAL,reddit_Bitcoin
Crypto Fear &amp; Greed Index,Just wondering: do you guys take this index into consideration at all (for buying decisions and such)?,16,0.76,34,https://www.reddit.com/r/Bitcoin/comments/1sfosgt/crypto_fear_greed_index/,Bitcoin,2026-04-08 10:18:20,1,REAL,reddit_Bitcoin
"Strategy Acquires 4,871 BTC and Now Holds 766,970 BTC","Strategy has acquired 4,871 BTC for ~$329.9 million at ~$67,718 per bitcoin. As of 4/5/2026, we hold 766,970 BTC acquired for ~$58.02 billion at ~$75,644 per bitcoin. ",241,0.97,23,https://www.strategy.com/press/strategy-acquires-4871-btc-and-now-holds-766970-btc_04-06-2026,Bitcoin,2026-04-07 19:16:21,1,REAL,reddit_Bitcoin
"bitcoin provides mathematical certainty in a world that is more fake and uncertain than ever. There will only be 21,000,000 bitcoin, forever",,412,0.91,63,https://v.redd.it/rhfiat7lhstg1,Bitcoin,2026-04-07 15:48:11,1,REAL,reddit_Bitcoin
"Daily Discussion, April 08, 2026","Please utilize this sticky thread for all general **Bitcoin** discussions! If you see posts on the front page or /r/Bitcoin/new which are better suited for this daily discussion thread, please help out by directing the OP to this thread instead. Thank you!

If you don't get an answer to your question, you can try phrasing it differently or commenting again tomorrow.

Please check the [previous discussion thread](https://www.reddit.com/r/Bitcoin/comments/1senrk6/daily_discussion_april_07_2026/) for unanswered questions.",25,0.95,33,https://www.reddit.com/r/Bitcoin/comments/1sfkoj2/daily_discussion_april_08_2026/,Bitcoin,2026-04-08 06:09:22,1,REAL,reddit_Bitcoin
Bitcoin Price,"So you can use prediction markets to predict the price of BTC. My question is, if you actually wanted to manipulate the market, what is the theoretical amount of coins you’d either have to buy or sell to have an impact on the market price. I know it’s gotta be large but I was wondering how big were talking. ",1,1.0,0,https://www.reddit.com/r/Bitcoin/comments/1sg7dtv/bitcoin_price/,Bitcoin,2026-04-08 22:17:40,1,REAL,reddit_Bitcoin
Need a little Help,How do I get into bitcoin? I’m 19 and have always been intrigued by the way bitcoin works since I could fully process what it was and always wanted to get into it but could never figure out where to start,8,0.65,48,https://www.reddit.com/r/Bitcoin/comments/1sfo0wa/need_a_little_help/,Bitcoin,2026-04-08 09:33:35,1,REAL,reddit_Bitcoin
BLOOMBERG: Morgan Stanley Bitcoin ETF will launch this week,Loading before launch ,207,0.95,34,https://www.reddit.com/r/Bitcoin/comments/1sexipw/bloomberg_morgan_stanley_bitcoin_etf_will_launch/,Bitcoin,2026-04-07 14:25:50,1,REAL,reddit_Bitcoin
A controversial take..,"BTC will be 99% institutionalized by the end of this century.

One bitcoin will be worth millions, if not billions of dollars, but.. 

Your bitcoin will not belong to your bloodline anymore and your great grandchildren will all be no-coiners, unless you plan for something else.

Do you disagree with this perspective? ",0,0.4,39,https://www.reddit.com/r/Bitcoin/comments/1sggzpv/a_controversial_take/,Bitcoin,2026-04-09 05:44:00,0,FAKE,reddit_Bitcoin
Ultimate Cheapest way to Buy Bitcoin?,"I'm looking for a cheap way to buy bitcoin, i'm getting a crazy rate on OKX which is all but okay.

In Singaporean dollar BTC on OKX is 88.7k but when I preview my purchase it’s 90.0k, i'm speechless.",53,0.87,49,https://www.reddit.com/r/Bitcoin/comments/1sf9oj9/ultimate_cheapest_way_to_buy_bitcoin/,Bitcoin,2026-04-07 21:42:24,1,REAL,reddit_Bitcoin
0.1,LETS GOOOO I HAVE 0.1 BTC,241,0.94,59,https://www.reddit.com/r/Bitcoin/comments/1seqhb6/01/,Bitcoin,2026-04-07 08:52:09,1,REAL,reddit_Bitcoin
"Wallet of Satoshi now lets you use a self-custodial wallet with seamless access to the Lightning Network, thanks to Spark the new high speed L2 solution!","There is a lot to talk about, but if you want to read more: [https://www.xverse.app/blog/what-is-spark-bitcoin-l2](https://www.xverse.app/blog/what-is-spark-bitcoin-l2)

quick TL;DR:

* Spark is a Bitcoin L2 designed for fast, cheap, and self-custodial transactions, leveraging statechain tech and atomic swaps.
* Spark supports the issuance and transfer of stablecoins and tokens on Bitcoin, enabling new financial use cases such as payments, trading, and earning stablecoin yield.
* Spark provides a scalable ecosystem for wallets, developers, and businesses to build financial apps interoperable with Lightning Network and Taproot Assets.

[Wallet of Satoshi](https://www.walletofsatoshi.com/) now integrates Spark, letting you create a self-custodial wallet, secure your 12 word seed, and seamlessly send/receive BTC on the Lightning Network while staying fully in control of your funds.

hope many other lightning wallets such as Strike, Blink, Speed, Coinos implement Spark

Welcome to the new ",48,0.9,7,https://www.reddit.com/r/Bitcoin/comments/1sf1qcr/wallet_of_satoshi_now_lets_you_use_a/,Bitcoin,2026-04-07 16:56:20,1,REAL,reddit_Bitcoin
Thoughts on Anthropic´s Mythos implications," Well, so yesterday, Anthropic published an article presenting the new capabilities of their new LLM model. 

I don’t want to go into details, but the actual capabilities are really scary. Setting aside a lot of possible implications of this model in society, they commented it already found several vulnerabilities in all major companies’ webpages/browsers/OS... software, to be more specific, and they decided they won’t publish this model in the near term (they are already collaborating with 19 big companies to help them be more cybersecure, before the model get published).

Of course, a lot of people will be skeptical about this information, but supposing all of this is true (which I really believe), how can this affect Bitcoin? I am not too technical on the technology, and I am not an expert in software, so I am not really sure what could be done.

One of the main arguments pro-Bitcoin usually is that its code has been secure for 17 years already; however, that is considering humans a",0,0.22,11,https://www.reddit.com/r/Bitcoin/comments/1sg7fix/thoughts_on_anthropics_mythos_implications/,Bitcoin,2026-04-08 22:19:39,0,FAKE,reddit_Bitcoin
The Real War Isn’t in Iran — It’s in the US Treasury Market | Luke Gromen &amp; Lyn Alden,,27,0.7,12,https://youtu.be/6tkKoMEiFDk?si=apOVGifqYreR3Pfm,Bitcoin,2026-04-07 17:07:58,1,REAL,reddit_Bitcoin
I think Satoshi Nakamoto is Alive,,51,0.75,38,https://i.redd.it/3g4tv5nurrtg1.jpeg,Bitcoin,2026-04-07 13:23:16,1,REAL,reddit_Bitcoin
Surge.Credit - Newsletter #2,,9,0.85,1,https://surgecredit.substack.com/p/surgecredit-newsletter-2,Bitcoin,2026-04-07 22:32:49,1,REAL,reddit_Bitcoin
It’s going to 🚀,,1510,0.99,75,https://v.redd.it/ey3im70goltg1,Bitcoin,2026-04-06 16:53:31,1,REAL,reddit_Bitcoin
"I have $100K but I am certain that once I buy BTC will begin to drop to $35,000",I just know it.  So I won't buy just so the rest of you can make some money.,668,0.86,374,https://www.reddit.com/r/Bitcoin/comments/1seaemq/i_have_100k_but_i_am_certain_that_once_i_buy_btc/,Bitcoin,2026-04-06 20:22:52,1,REAL,reddit_Bitcoin
You set up a hardware wallet and wrote down your seed phrase. Here’s what most guides don’t tell you.,"There’s a post near the top of this sub right now where someone sent Bitcoin to their Trezor and the wallet showed empty. They panicked. Turns out their Bitcoin wasn’t gone — it was in their passphrase wallet. They hadn’t known they created one.

That’s the most common failure pattern in hardware wallet support forums, and it almost never gets explained at setup. Here’s what’s actually happening and three other traps that catch people the same way.

**The passphrase trap**

When you set up a Trezor using Trezor Suite, the passphrase feature is on by default. A passphrase — sometimes called the 25th word — creates a completely separate wallet derived from your seed. Any input during setup creates one. An accidental keystroke creates one. If you set a passphrase and don’t write it down, that passphrase is gone forever — and so is everything in that wallet. Your seed phrase alone opens a different, empty wallet. No error message. Nothing to indicate anything is wrong. Trezor’s support for",310,0.92,60,https://www.reddit.com/r/Bitcoin/comments/1sec3fl/you_set_up_a_hardware_wallet_and_wrote_down_your/,Bitcoin,2026-04-06 21:24:46,1,REAL,reddit_Bitcoin
"Isogenies, SHRIMPS, payjoin, GSR - Bitcoin Optech Newsletter #399 Recap Podcast","Armin Sabouri, Pyth, Conduition, and Jonas Nick joined Optech to discuss Newsletter #399:

\- Wallet fingerprinting risks for payjoin privacy  
\- A draft BIP for a wallet backup metadata format  
\- Compact isogeny post-quantum cryptography  
\- The SHRIMPS post-quantum signature construction  
\- Great Script Restoration BIPs 440, 441  
\- And more

You can listen on our website:  
[https://bitcoinops.org/en/podcast/2026/04/07/](https://bitcoinops.org/en/podcast/2026/04/07/)

Spotify:  
[https://open.spotify.com/episode/3iVJWrMCGVQHziN3sUpxem](https://open.spotify.com/episode/3iVJWrMCGVQHziN3sUpxem)

Apple Podcasts:  
[https://podcasts.apple.com/us/podcast/bitcoin-optech-newsletter-399-recap/id1674626983?i=1000760106835](https://podcasts.apple.com/us/podcast/bitcoin-optech-newsletter-399-recap/id1674626983?i=1000760106835)",5,1.0,0,https://bitcoinops.org/en/podcast/2026/04/07/,Bitcoin,2026-04-07 19:35:36,1,REAL,reddit_Bitcoin
"Demonstration Of ""Attack Blocks"" On Bitcoin's Signet Test Network","In two days, on Wednesday April 8th, a handful of Bitcoin Core developers are going to be doing a demonstration of “attack blocks” designed to take an inordinate amount of time to verify on Signet.

The demonstration will take place at 10 AM EST (2 PM UTC). Anyone who wishes to participate can run Bitcoin Core node on Signet and watch the blocks be mined and processed by their node in real-time.

Instructions can be found here to spin up a node and follow along (including how to check your node’s logs to see the verification times for the attack blocks).

The demonstration is not going to show the worst case of the attack (the script and transaction structure required has not been publicly revealed to not give malicious actors even more information about the attack), but it will produce blocks that take orders of magnitude more time to verify than your average block.

The aim of the demonstration is to show users the severity of one of the four severe consensus vulnerabilities that the",55,0.96,11,https://bitcoinmagazine.com/news/demonstration-of-attack-blocks-on-bitcoins-signet-test-network,Bitcoin,2026-04-07 06:02:02,1,REAL,reddit_Bitcoin
Do you think blockchains will ever be taxed based on level of energy consumption?,I was thinking recently how regulators could tax blockchains separately based on level of energy consumption. not saying this is what I want but do you ever see this happening? I've read how much renewable energy is used for the bitcoin network but with so much push for carbon reduction I wonder if proof of work will be taxed higher than proof of stake,0,0.16,53,https://www.reddit.com/r/Bitcoin/comments/1sfwy1v/do_you_think_blockchains_will_ever_be_taxed_based/,Bitcoin,2026-04-08 15:57:36,0,FAKE,reddit_Bitcoin
Anyone else noticed different payouts between mining pools?,"Not trying to start anything — just genuinely curious.

I’ve been looking a bit closer at my setup lately, and it got me thinking…

Everyone talks about:

* hash rate
* power cost

…but I don’t see as many people comparing **actual pool payouts over time**.

  


For example:

Two pools might say:

* 1% fee vs 2% fee

But does that really translate to better returns?

Things like:

* luck
* stale shares
* payout method (FPPS vs PPLNS)

seem like they could make a bigger difference than the fee itself.

  


I haven’t done a super deep analysis yet, but I *feel like* I’ve seen small differences depending on the pool.

Could just be variance though.

  


Curious what others here have experienced:

* Have you ever tested multiple pools side-by-side?
* Did you notice any real difference in payouts?
* Do you stick with one pool or rotate?

  


Not saying anything is “wrong” with any pool — just trying to understand if I’m overthinking this or if there’s actually something here.",8,0.83,3,https://www.reddit.com/r/Bitcoin/comments/1sf0kfj/anyone_else_noticed_different_payouts_between/,Bitcoin,2026-04-07 16:15:11,1,REAL,reddit_Bitcoin
"Daily Discussion, April 07, 2026","Please utilize this sticky thread for all general **Bitcoin** discussions! If you see posts on the front page or /r/Bitcoin/new which are better suited for this daily discussion thread, please help out by directing the OP to this thread instead. Thank you!

If you don't get an answer to your question, you can try phrasing it differently or commenting again tomorrow.

Please check the [previous discussion thread](https://www.reddit.com/r/Bitcoin/comments/1sdrnqp/mentor_monday_april_06_2026_ask_all_your_bitcoin/) for unanswered questions.",28,0.95,41,https://www.reddit.com/r/Bitcoin/comments/1senrk6/daily_discussion_april_07_2026/,Bitcoin,2026-04-07 06:08:05,1,REAL,reddit_Bitcoin
Morgan Stanley's Bitcoin ETF is going live tomorrow,"They will be undercutting the competition with an ultra low 0.14% fee, so get ready for a flood of demand.",5,0.79,0,https://i.redd.it/a0lvckgoastg1.png,Bitcoin,2026-04-07 15:09:49,1,REAL,reddit_Bitcoin
How to lever up bitcoin safely,"Obviously bear markets have exposed the unwise. 

What are the safer, more legitimate ways to take on a very modest amount of leverage against my Bitcoin stake? I’d like to buy some more at these prices. 

Thank you",1,0.53,38,https://www.reddit.com/r/Bitcoin/comments/1sfckwn/how_to_lever_up_bitcoin_safely/,Bitcoin,2026-04-07 23:39:44,1,REAL,reddit_Bitcoin
Bitcoin from Zero — Day 1: What is Bitcoin and why does it exist?,"Gm r/Bitcoin. 🟠



Starting an educational series — simple, direct, no jargon, no promises. Just verifiable facts.



Day 1: What is Bitcoin?



Bitcoin is digital money with a fixed supply of 21 million units — hardcoded by Satoshi Nakamoto in 2009. No government, bank, or company can ever change that.



Verified data — April 2026:

\- Over 20 million BTC already mined (95%+ of total supply)

\- Less than 1 million remain — and will take 100+ years to mine

\- New block every \~10 minutes

\- Current reward: 3.125 BTC per block (after April 2024 halving)

\- Next halving: estimated April 2028



Why does this matter for someone who barely pays rent?



The money you keep in the bank loses value every year to inflation. Bitcoin has a fixed supply — nobody can ""print more."" For the first time in history, an ordinary person has access to a genuinely scarce asset.



Don't trust. Verify



Next week — Day 2: Why does money lose value?



\#Bitcoin #Education #BitcoinFromZero",37,0.71,22,https://www.reddit.com/r/Bitcoin/comments/1sei2b2/bitcoin_from_zero_day_1_what_is_bitcoin_and_why/,Bitcoin,2026-04-07 01:30:13,1,REAL,reddit_Bitcoin
Men only have two moods:,,354,0.98,10,https://i.redd.it/hm5ynxapoktg1.png,Bitcoin,2026-04-06 13:33:48,1,REAL,reddit_Bitcoin
Cakewallet misleading transactions,"I’ve been waiting over two hours for a transaction that when I set it my wallet was set to sat 3 priority yet upon actually looking at the transaction id on mempool it says it’s in the sat 2 block, meaning it is stuck behind everything else (like what I was led to believe would be my transaction!)

I find this to be a deceptive practice. Aitah for this?",0,0.17,2,https://www.reddit.com/r/Bitcoin/comments/1sfh9bg/cakewallet_misleading_transactions/,Bitcoin,2026-04-08 03:08:54,0,FAKE,reddit_Bitcoin
Transferring Bitcoin without actually moving it: explaining how Statechains work,,5,0.67,4,https://blog.bitbox.swiss/en/transferring-bitcoin-without-actually-moving-it-explaining-how-statechains-work/,Bitcoin,2026-04-07 10:56:39,1,REAL,reddit_Bitcoin
Wake me up when,Wake me up when Bitcoin finally,0,0.41,15,https://www.reddit.com/r/Bitcoin/comments/1sfh0e7/wake_me_up_when/,Bitcoin,2026-04-08 02:57:22,0,FAKE,reddit_Bitcoin
Saylor Corpus -- Search through every word Michael Saylor ever said (aka Saylor source finder),"[https://saylorcorpus.hopium.studio/](https://saylorcorpus.hopium.studio/)

I created a website to collect all appearances of Michael Saylor on video, and ability to search through the transcripts of all of them.

If you see a clip of Michael Saylor and want to know where the source is, you can type in a piece of the dialogue into the search bar, and then find the source that way. 

  
For example, 'it's going on up forever laura', 'all your models are destroyed', etc. 

  
Also useful if you just want to see a list of all of Saylor's appearances on video.",3,0.67,0,https://www.reddit.com/r/Bitcoin/comments/1sexfyd/saylor_corpus_search_through_every_word_michael/,Bitcoin,2026-04-07 14:23:00,1,REAL,reddit_Bitcoin
"The continued case for bitcoin. Despite the volatility, BTC is still in play.","Bitcoing is extremely volatile, having thoroughly tanked this year. And yet it is still your best long term store of value play.

[BTC value vs. Tradfi 2020-2026](https://preview.redd.it/oahff0jr6mtg1.png?width=2863&amp;format=png&amp;auto=webp&amp;s=0430f6004518d222040e7475601adf1cdfa21ee4)



Despite the 4-year peak trough cycles, BTC still MASSIVELY outperforms TradFi. And what does that mean to you? LONG TERM Store of Value:



[Median US home price 2020-2026](https://preview.redd.it/65taupy17mtg1.png?width=2865&amp;format=png&amp;auto=webp&amp;s=2ee2409af7f1e0fdd194cdc5f4fadf335f09ab32)

One day you'll buy a home with a fraction of your BTC. In fact, you'll easily collateralize your BTC to back the loan - no cap gains tax, lower rates.

BTC may not be ""money"" (currency) yet, but it is a store of value particularly against fiat currencies, as these two charts quickly demonstrate. What are you doing relative to BTC, running for the hills? I'm dollar cost averaging.",61,0.9,50,https://www.reddit.com/r/Bitcoin/comments/1se7hdp/the_continued_case_for_bitcoin_despite_the/,Bitcoin,2026-04-06 18:39:32,1,REAL,reddit_Bitcoin
Bitcoin: The Silent Revolution of Our Generation,"While the world continues to trust systems that fail time and time again, a new alternative has emerged silent, unstoppable, and incorruptible.



Bitcoin is not just technology.

It’s not just money.

It’s freedom.



For the first time in history, a generation has the opportunity to truly own its wealth without intermediaries, without permission, without manipulation.



We grew up watching crises unfold, inflation erode the value of our efforts, and rules change in the middle of the game.

But now… we have a choice.



Bitcoin is more than an asset, it’s a statement.

A rejection of centralized control.

A step toward individual sovereignty.



There may be volatility. There may be doubts.

But one thing is certain:



The world is changing and Bitcoin is leading that change.



Don’t trust, verify. 🧡",96,0.83,44,https://www.reddit.com/r/Bitcoin/comments/1se0qgj/bitcoin_the_silent_revolution_of_our_generation/,Bitcoin,2026-04-06 14:39:08,1,REAL,reddit_Bitcoin
Bitcoin is the best insurance policy I've ever had,"Sadly, most of the hard working people still have no idea how the printer keeps stealing their money.  ",139,0.95,12,https://v.redd.it/507frxdmdktg1,Bitcoin,2026-04-06 12:31:03,1,REAL,reddit_Bitcoin
How did you guys first discover Bitcoin?,Curious how it started for all of us. ,35,0.91,70,https://www.reddit.com/r/Bitcoin/comments/1se70y3/how_did_you_guys_first_discover_bitcoin/,Bitcoin,2026-04-06 18:23:24,1,REAL,reddit_Bitcoin
Bitcoin is a war stock.,Trace back the action.,0,0.24,11,https://www.reddit.com/r/Bitcoin/comments/1sfejza/bitcoin_is_a_war_stock/,Bitcoin,2026-04-08 01:06:10,0,FAKE,reddit_Bitcoin
Bitcoin. doesn't. follow. a. cycle.,"People keep calling it a “4-year cycle” like it’s some law. It’s not. Liquidity turns on BTC runs,  
Liquidity turns off everything stalls.",0,0.43,47,https://www.reddit.com/r/Bitcoin/comments/1sf6se2/bitcoin_doesnt_follow_a_cycle/,Bitcoin,2026-04-07 19:53:46,0,FAKE,reddit_Bitcoin
South Park X Every wealthy guy who FUDED BTC,Credit Kraken Exchange on X(formerly Twitter),22,0.82,0,https://v.redd.it/b4s42p6vqltg1,Bitcoin,2026-04-06 17:07:09,1,REAL,reddit_Bitcoin
Jack Dorsey predicts Bitcoin will hit $1 million by 2030,"Jack Dorsey thinks Bitcoin could hit $1M by 2030.

But I’m more curious about this:

**What actually needs to happen for Bitcoin to reach that level?**

From what I’ve seen over the years, it’s less about hype and more about:

* Loss of trust in traditional financial systems
* Institutional money treating Bitcoin like digital gold
* Long-term holding behavior increasing (less selling pressure)

Feels like price targets get all the attention, but the underlying drivers matter more.

Do you think $1M is realistic, or just another long-term narrative?",29,0.99,16,https://finance.yahoo.com/news/jack-dorsey-predicts-bitcoin-hit-182715304.html?guccounter=1&amp;guce_referrer=aHR0cHM6Ly93d3cuZ29vZ2xlLmNvbS8&amp;guce_referrer_sig=AQAAALeE1jkLtBLTjCqEgZmxX-DaTdOE1W6fAJAEse430Ei8dG18EF-30LqO_yK2k0KOeyfelK7v3hNlM9Zk5FtHKw4i1KJR3LOPU7fARzUX8_2miKtwpNHXNEN8uwW2apHfLbSXd3fF47p0zbFq56GxdxvBa40ahmo17VSue52hPXBa,Bitcoin,2026-04-06 14:48:44,1,REAL,reddit_Bitcoin
The Digital Enclosure,"# How Corporate Ledgers Will Swallow Your Money — And Why Bitcoin Is the Last Exit



They're not going to take your money. They're going to make you *want* to give it to them.

That's the part nobody talks about. Every conversation about CBDCs, digital dollars, programmable money — it always frames the threat as force. Government freezes your account. State shuts off your wallet. Authoritarian overreach.

That's not how it happens. Not here. Not in the West.

It happens through convenience.



# The Bridge You Don't Come Back From

Here's the play. Fiat is already going digital. That's not a prediction — it's a process. Cash use is collapsing. Every central bank on the planet is either piloting a CBDC or pretending they're not. The endgame is a fully programmable state currency. Trackable. Freezable. Expirable if they want it to be.

But the CBDC (Stable coins) isn't the final destination. It's the *adapter*.

Once your money is programmable and KYC'd at the protocol level, it talks t",15,0.78,6,https://www.reddit.com/r/Bitcoin/comments/1se2o90/the_digital_enclosure/,Bitcoin,2026-04-06 15:49:27,1,REAL,reddit_Bitcoin
i fixed my problem,"this is way to fix my problem

One thing that really worries me is this: what if something happens to me? I’m afraid my family might lose access to the money completely.

I’d really appreciate any tips or advice on how people securely store their seed phrases while also making sure their family could recover the funds if something happens.

Hello, peace be upon you.

How did I solve my problem in a safe way and make sure the control stays in my hands so I don't worry?

I have two wallets stored on two metal plates.

I made two new plates.

I wrote the first 12 words on the first plate and the other 12 words of the first wallet on the second plate. For the second wallet I did the opposite.

I explained this system to my wife and I will train her on it once every month. I also gave her a hard wallet because it is difficult to buy one in the third world.

After that I bought a steel safe it open with key and password only one i know it and explained to her that two plate is inside it, whi",6,0.71,18,https://www.reddit.com/r/Bitcoin/comments/1seb4vc/i_fixed_my_problem/,Bitcoin,2026-04-06 20:49:20,1,REAL,reddit_Bitcoin
Bitcoin price on applewatch SE1,I follow the price on pc ipad tv and now watch se gen1 :) but still same prices:(,0,0.36,2,https://i.redd.it/9yfc47ax6stg1.jpeg,Bitcoin,2026-04-07 14:47:49,0,FAKE,reddit_Bitcoin
He has risen…,,820,0.93,48,https://i.redd.it/4mcy23s65etg1.jpeg,Bitcoin,2026-04-05 15:33:07,1,REAL,reddit_Bitcoin
"Daily Discussion, April 06, 2026","Please utilize this sticky thread for all general **Bitcoin** discussions! If you see posts on the front page or /r/Bitcoin/new which are better suited for this daily discussion thread, please help out by directing the OP to this thread instead. Thank you!

If you don't get an answer to your question, you can try phrasing it differently or commenting again tomorrow.

Please check the [previous discussion thread](https://www.reddit.com/r/Bitcoin/comments/1scvx6u/daily_discussion_april_05_2026/) for unanswered questions.",55,0.98,26,https://www.reddit.com/r/Bitcoin/comments/1sdqlxv/daily_discussion_april_06_2026/,Bitcoin,2026-04-06 06:02:08,1,REAL,reddit_Bitcoin
Too late to invest in btc?,"I am sat on some savings which I do not use and they gain minimal interest, I have been toying with the idea of investing for a while and I am wondering if It is too late to invest in btc  or would now be an ideal time given the current dip?   
I was thinking about putting a chunk in now and then x amount every month indefinitely and somewhat forgetting about it, and hoping that in 30 years I will have accumulated a bit of profit from it to aid towards retirement.   
Would this be a wise idea, thinking long term?",135,0.77,189,https://www.reddit.com/r/Bitcoin/comments/1sdj8hg/too_late_to_invest_in_btc/,Bitcoin,2026-04-06 00:01:03,1,REAL,reddit_Bitcoin
Am I investing in mining… or just gambling? (be honest),"I’ve been seeing a lot of people (including myself at one point) jump into mining thinking it’s some kind of guaranteed money printer.



So I made a quick gut-check list. If most of these hit… you’re probably gambling.

  
You’re probably gambling if:

* you bought a miner because a calculator said it was profitable *today*
* you have no idea what your actual monthly power cost is
* you’re assuming the coin price won’t drop (or will magically go up)
* you don’t really understand what J/TH means, you just picked a machine
* you chose the coin because it’s “hot” right now
* you’re expecting ROI in a few months no matter what
* you haven’t thought about difficulty increasing at all
* downtime/repairs haven’t even crossed your mind
* you think this is passive income with zero headaches
* you didn’t compare multiple machines, just pulled the trigger
* you’d be stressed if profits dipped for a couple months
* you’re checking profitability every day like it’s a stock ticker

be honest — how ",8,0.64,21,https://www.reddit.com/r/Bitcoin/comments/1se2q09/am_i_investing_in_mining_or_just_gambling_be/,Bitcoin,2026-04-06 15:51:11,1,REAL,reddit_Bitcoin
Bitcoin Is Much BIGGER Than Most People Realize,"On my podcast ‘Bitcoin for Millennials’ I talked with Vijay Boyapati, the author of The Bullish Case for Bitcoin. On this 3rd part of my 3 part series with him, we discuss fiat debasement and the broken yardstick problem, Bitcoin as unit of account and honest money, debt versus equity and how incentives rewrite society, time preference and the shift from consuming to building, and gold versus Bitcoin in a multipolar world with capital controls.",6,1.0,0,https://youtu.be/7Q9piz9rgGc,Bitcoin,2026-04-06 16:49:19,1,REAL,reddit_Bitcoin
"I read 66 quantum computing papers to figure out if Bitcoin is actually screwed. 5,000 words...",,6,1.0,7,https://x.com/nvk/status/2041162989760590171,Bitcoin,2026-04-06 16:37:20,1,REAL,reddit_Bitcoin
Bitcoin Casio Mods,"These watches do not exist, I am pressure testing this concept. Would you buy one of these modded casio watches for $100-130.",50,0.69,63,https://www.reddit.com/gallery/1sdnhwc,Bitcoin,2026-04-06 03:16:36,1,REAL,reddit_Bitcoin
Besides Being Easter Sunday - Today is Also Satoshi Nakamoto's 51st Birthday - According To Satoshi's P2P Foundation Profile  - Happy Birthday Satoshi! 🥳,,608,0.98,39,https://i.redd.it/3dx268emgdtg1.jpeg,Bitcoin,2026-04-05 13:17:00,1,REAL,reddit_Bitcoin
Could it really be that simple?,,1796,0.9,313,https://v.redd.it/bv5k1t9gpbtg1,Bitcoin,2026-04-05 07:21:20,1,REAL,reddit_Bitcoin
Just bought 5btc,"i sold my house, and i dont think shares is best to put money in due to the iran war. so i bought 5 btc, hopefully we get to see 120k peak soon :)",683,0.86,288,https://www.reddit.com/r/Bitcoin/comments/1sd1471/just_bought_5btc/,Bitcoin,2026-04-05 11:21:36,1,REAL,reddit_Bitcoin
Educational: Recovering Bitcoin keys in HEX format (advanced tools &amp; techniques),"Hey everyone,

I recorded a video about Bitcoin key recovery using HEX format. In this case, the keys are represented as 64 hexadecimal characters.

The goal is to create more content in the future covering other key formats and wallet structures as well.

All the tools shown in the video are open source. That said, I strongly recommend running anything like this on a completely offline computer for safety.

Even though the video is fairly amateur in terms of production, I tried to include some of the most advanced tools and techniques currently available for this kind of work.

I’d really appreciate any feedback or thoughts from the community.",14,0.89,1,https://youtu.be/X1TDb9FAdY8?si=0q8_rbQ-E1kpGVal,Bitcoin,2026-04-06 08:01:11,1,REAL,reddit_Bitcoin
"Mentor Monday, April 06, 2026: Ask all your bitcoin questions!","Ask (and answer!) away! Here are the general rules:

* If you'd like to learn something, ask.
* If you'd like to share knowledge, answer.
* Any question about Bitcoin is fair game.

And don't forget to check out /r/BitcoinBeginners

You can sort by new to see the latest questions that may not be answered yet.",12,0.88,4,https://www.reddit.com/r/Bitcoin/comments/1sdrnqp/mentor_monday_april_06_2026_ask_all_your_bitcoin/,Bitcoin,2026-04-06 07:04:06,1,REAL,reddit_Bitcoin
"I need to buy more Bitcoins, can you guys dump the price again?","Hi everyone, I missed my chance to buy some bitcoins before the pump. Can you guys please dump it and bring it back down?",7,0.89,5,https://www.reddit.com/r/Bitcoin/comments/1sdtrbq/i_need_to_buy_more_bitcoins_can_you_guys_dump_the/,Bitcoin,2026-04-06 09:12:50,1,REAL,reddit_Bitcoin
Help me get started,Ok please explain bitcoin/crypto currency to me. This is my first time learning about it and I would like to invest my money in it. I don't know where to begin and how to start. If anyone can help guide me. Thank you!,0,0.38,27,https://www.reddit.com/r/Bitcoin/comments/1sen57z/help_me_get_started/,Bitcoin,2026-04-07 05:33:13,0,FAKE,reddit_Bitcoin
What is the total amount you have in CRYPTO related products -- AND what percent is it of your overall portfolio?,"I know it's not polite to talk numbers but this isn't polite society, this is the ghetto of all ghetto's and we got to keeps it reals.

The more I look at the market and overall macro pictures, the less interested I am in equity as opposed to bitcoin. I'm talking $700k into crypto related products which is a huge chunk of my swing portfolio. There's some beaten down stocks that have good entry points, but really, the risk reward of BTC while the govt keeps printing and there's talk of reducing the deficit but all budget proposals are wildly throwing money at the defense budget so we know it's not happening other than fraud (which is a good thing atleast).

  
The overall runup of SPY since COVID always has you thinking when it starts to dump, it can really go a long ways down. 

In my 30s.",0,0.27,23,https://www.reddit.com/r/Bitcoin/comments/1seq9w3/what_is_the_total_amount_you_have_in_crypto/,Bitcoin,2026-04-07 08:39:02,0,FAKE,reddit_Bitcoin
How to live on a bitcoin standard during a bear market,"[In an earlier post I explained](https://www.reddit.com/r/Bitcoin/comments/1sb4f02/how_to_buy_a_25_million_retirement_portfolio_for/) how the power law floor is an incredible tool for understanding bitcoin growth and volatility. 

**Definitions:**  
Power law: not linear, not exponential, power law is very high growth at the beginning and tapering off year by year but never to zero. Power laws are found in networks like the internet and cities. And networks are generally immortal. 

Volatility: the power law is a trend line and bitcoin oscillates around it between an upper and lower bound. We see 2 standard deviations down and more up, but it seems like the extreme euphoria of the earlier days are over. 

Floor: what I find the most interesting statistical observation is the that price never systemically dropped below -2 standard deviations. Price seems to be capped at the downside. This is the marginal network adoption doing its thing: significantly more buyers than sellers at this pr",77,0.88,39,https://www.reddit.com/r/Bitcoin/comments/1sdak69/how_to_live_on_a_bitcoin_standard_during_a_bear/,Bitcoin,2026-04-05 18:07:03,1,REAL,reddit_Bitcoin
is it a bad idea to use btc as a savings,like i put in a part of my pay check every time but I'll be using some of the money for a trip later this year. should i seperate the trip savings or put it all in btc. ,56,0.89,92,https://www.reddit.com/r/Bitcoin/comments/1sd5wmb/is_it_a_bad_idea_to_use_btc_as_a_savings/,Bitcoin,2026-04-05 15:04:24,1,REAL,reddit_Bitcoin
"Need uncanny knowledge in BTC,Gift cards transactions .Any guidance",Invite your guidance ,0,0.24,7,https://www.reddit.com/r/Bitcoin/comments/1seevpl/need_uncanny_knowledge_in_btcgift_cards/,Bitcoin,2026-04-06 23:14:08,0,FAKE,reddit_Bitcoin
I have found my old computer from my teenage years in my grandfather's attic after thinking he had disposed of it years ago. I need advice on gaining access to my wallet.,"To add to the title -

At some point in 2009-2012, I used to leave my computer on overnight and while I was at school, mining bitcoin. I can't remember how long for, it could've been for a couple of weeks or potentially months.  I only remember it was within this time period because it overlapped with me playing Runescape (lol), and I quit playing in 2012 for 10 years or more.

I have sort of moved away from computers although in those days I was interested in gaming and beginner hacking.  I was 15-17 and the hacking part is daft looking back at it.  But what I'm really trying to say is I used to be fairly computer literate and now, not so much.  I've been using macs for 12 years now.

So no matter whether it was a week or several months I left it mining overnight etc. for, there is likely a decent amount of bitcoin on the harddrive.

I don't have access to the email address I used in those years, I lost it about 5 years ago and seemingly can't recover it.  ChatGPT tells me this likely",287,0.88,149,https://www.reddit.com/r/Bitcoin/comments/1scst72/i_have_found_my_old_computer_from_my_teenage/,Bitcoin,2026-04-05 03:16:44,1,REAL,reddit_Bitcoin
Bitcoin can build generational wealth..,"But only if you make a good serious plan for it. 

If you're able to save 1 BTC for your descendants, then one method looks like this.

2056 \[ 4.5 hours \]. 

2. Generation shares 0.11 BTC. 

3. Generation shares 0.22 BTC. 

2086 \[ 576 hours \]. 

3. Generation shares 0.11 BTC. 

4. Generation shares 0.22 BTC. 

2116 \[ 150,000 hours \]. 

4. Generation shares 0.11 BTC. 

5. Generation shares 0.22 BTC.

This is the distribution order of one of the multi-sig interlocking methods. 

\[ hours \] indicate how long it will take all the worlds mining pools to create the same amount of BTC, that your grandchildren is gifted by your foresight, should the blockchain protocol continue uninterrupted. 

It's a guideline to the enormous potential of owning BTC into the next decade. 

Something very few of us will live to experience.. . 

But our grandchildren and their children will. ",0,0.47,34,http://www.thegreekchain.info,Bitcoin,2026-04-06 18:35:09,0,FAKE,reddit_Bitcoin
Can you retire with 0.5 BTC?,basically the title.,0,0.37,59,https://www.reddit.com/r/Bitcoin/comments/1sebc4v/can_you_retire_with_05_btc/,Bitcoin,2026-04-06 20:56:48,0,FAKE,reddit_Bitcoin
Self Custody 2026,"Just threw on some low budget movie - or what I thought was a movie.

Self Custody is a 30min propaganda commercial to scare people away from Self Custody.

There's no other reason for this pile of crap to exist.",137,0.97,30,https://i.redd.it/nylfq9r97btg1.jpeg,Bitcoin,2026-04-05 05:39:48,1,REAL,reddit_Bitcoin
"Well boys, looks like Bitcoin is going to zero....",,0,0.4,63,https://v.redd.it/id826a0bzmtg1,Bitcoin,2026-04-06 21:16:14,0,FAKE,reddit_Bitcoin
Whats the best wallet/cold wallet,"Hi so i store all my crypto in trustwallet, but people recomending me so many different places you can store your crypto. 

i wanna know Whats actually the number one, non KYC please to store crypto?",21,0.87,57,https://www.reddit.com/r/Bitcoin/comments/1sd614d/whats_the_best_walletcold_wallet/,Bitcoin,2026-04-05 15:09:26,1,REAL,reddit_Bitcoin
"Giovanni Santostasi and Stephen Perrenod propose Bitcoin follows a power law, behaving like a growing system rather than a stock, with long-term price expansion driven by network effects and adoption trends",,25,0.95,8,https://www.reddit.com/gallery/1scxojh,Bitcoin,2026-04-05 07:47:59,1,REAL,reddit_Bitcoin
understanding bitcoin system for the first time,"it might be weird to see something like this vague.  
anyways, I want to learn about the bitcoin and its system. how it work? why its such a big deal, especially in some bad stuffs? why it's the preferable choice over usd or any other currency? 

i'm just starting to learn about all these. so if anyone can just help me understand it briefly, something kind of starter before diving deep into this world.",10,0.75,21,https://www.reddit.com/r/Bitcoin/comments/1sd2cgu/understanding_bitcoin_system_for_the_first_time/,Bitcoin,2026-04-05 12:27:22,1,REAL,reddit_Bitcoin
"Daily Discussion, April 05, 2026","Please utilize this sticky thread for all general **Bitcoin** discussions! If you see posts on the front page or /r/Bitcoin/new which are better suited for this daily discussion thread, please help out by directing the OP to this thread instead. Thank you!

If you don't get an answer to your question, you can try phrasing it differently or commenting again tomorrow.

Please check the [previous discussion thread](https://www.reddit.com/r/Bitcoin/comments/1sc1gw5/daily_discussion_april_04_2026/) for unanswered questions.",33,1.0,31,https://www.reddit.com/r/Bitcoin/comments/1scvx6u/daily_discussion_april_05_2026/,Bitcoin,2026-04-05 06:02:30,1,REAL,reddit_Bitcoin
BTC adoption snapshot: 1.011 vs 2026-01-01 using 4 Glassnode BTC metrics only,"BTC adoption snapshot using 4 Glassnode BTC metrics only.

Current reading:

\- Adoption Index: 1.011

\- Active Entities: 163,944

\- Non-Zero Addresses: 56,154,672

\- Lightning Network Capacity: 4,971.03 BTC

\- L1 Change-Adjusted Volume: 92,074.70 BTC

Method:

\- exact Glassnode BTC metric pages only

\- no mixed-source composite

\- baselines fixed at 2025-01-01

\- index = geometric mean of 4 current/baseline ratios

Baselines:

\- Active Entities: 145,000

\- Non-Zero Addresses: 52,000,000

\- Lightning Network Capacity: 5,358 BTC

\- L1 Change-Adjusted Volume: 100,000 BTC

Ratios:

\- Active Entities: 1.131

\- Non-Zero Addresses: 1.080

\- Lightning Capacity: 0.928

\- L1 Change-Adjusted Volume: 0.921

Interpretation:

\- overall adoption snapshot is slightly above the 2025-01-01 baseline

\- breadth metrics are above baseline

\- Lightning capacity is below baseline

\- on-chain adjusted transfer volume is below baseline

\- the positive breadth signal slightly outweighs the",12,0.87,3,https://www.reddit.com/r/Bitcoin/comments/1scyfyu/btc_adoption_snapshot_1011_vs_20260101_using_4/,Bitcoin,2026-04-05 08:35:50,1,REAL,reddit_Bitcoin
Is it a good time now to buy bitcoin?,"Hi, Whats your perspective on this?",150,0.73,266,https://www.reddit.com/r/Bitcoin/comments/1scaokp/is_it_a_good_time_now_to_buy_bitcoin/,Bitcoin,2026-04-04 14:29:25,1,REAL,reddit_Bitcoin
Recent BitCoin Convert – Question about current state/future state?,"Hi all

I'm a recent convert to Bitcoin having followed it for sometime, but never been active investor (apart from small amounts here and there.) 

I recently read news about plans to return to Bitcoin to its original tech structure, which was less complex and easier to manage, with still high security and resilience from attacks/fraudulent behaviour. This gives it much more longevity and will likely pave the way for a strong price in future. 

  
On top of that, the use of AI to minimise energy loss/improve efficiency in mining, has been a big step forward and this will trend will continue the more AI is used. 

  
My question is the following: 

Many online news publications are saying Bitcoin has reached a 9 year low and will continue to slide, some even saying we're going into uncharted territory for the usefulness of Bitcoin itself, with AI and other having more prevalence in financial exchanges. 

Even with Bitcoin being such a low price (I'm sure it's dropped to lower prices be",2,0.63,4,https://www.reddit.com/r/Bitcoin/comments/1sd22da/recent_bitcoin_convert_question_about_current/,Bitcoin,2026-04-05 12:13:21,1,REAL,reddit_Bitcoin
NerdOctaxe Gamma Bitcoin Miner im Test,"Der ausführliche Test des NerdOctaxe Bitcoin Miner. Leistung, Effizienz, Funktionen.",17,0.95,1,https://renditecloud.com/2026/03/18/nerdoctaxe-gamma-bitcoin-miner-im-test/,Bitcoin,2026-04-04 18:18:35,1,REAL,reddit_Bitcoin
Is it possible to buy cryptocurrencies with a prepaid vanilla gift card? (No KYC preferred),"Hi,

I don't have a bank account and there isn't any ATMs around me I can use to buy cryptocurrencies. I bought a vanilla card online to buy crypto. How can I do so? Thank you.",39,0.84,21,https://www.reddit.com/r/Bitcoin/comments/1sc7zqr/is_it_possible_to_buy_cryptocurrencies_with_a/,Bitcoin,2026-04-04 12:29:10,1,REAL,reddit_Bitcoin
Deceased Father Phone Access/Lost Bitcoin Access,"Hi my father had an Android S20 FE and we cannot figure out his password to get in. We know he had bitcoin from early 2015, any ideas on how to get into it, brute force? ",105,0.9,45,https://www.reddit.com/r/Bitcoin/comments/1sc0x6y/deceased_father_phone_accesslost_bitcoin_access/,Bitcoin,2026-04-04 05:37:27,1,REAL,reddit_Bitcoin
Has anybody exchanged much of their VTSAX for bitcoin like FBTC instead?,"I'm thinking even if BTC drops to $52k this year, VTSAX would likely also be tanking, so I'd be exchanging near a low anyways.  Wondering if I should just do it now?  Thinking 30% into FBTC.  I really liked the post yesterday talking about the floor of BTC and how your portfolio can be a much greater multiple in BTC instead.",10,0.75,15,https://www.reddit.com/r/Bitcoin/comments/1scf4je/has_anybody_exchanged_much_of_their_vtsax_for/,Bitcoin,2026-04-04 17:25:03,1,REAL,reddit_Bitcoin
A Bitcoin Revolution!,"Bitcoin isn’t just about ""number go up""—it’s about changing the fundamental architecture of how we fund global conflict.

​For decades, the legacy financial system has allowed governments to engage in endless, ""forever"" wars through the hidden tax of inflation. When a government can print money at will to fund military expansion, the true cost of war is hidden from the public, devaluing our savings and our future in the process.

**BITCOIN FIXES THIS!**

By operating on a fixed supply of 21 million, Bitcoin removes the ""money printer"" as a primary funding source for war. In a hard-money world, governments have to be honest about their budgets. They can’t just dilute the currency to bankroll destruction; they have to ask the people for taxes, making the cost of conflict transparent and immediate.

It’s time to move toward a system that incentivizes production and peace over debt and destruction. Bitcoin is the separation of money and state, and it might be our best shot at ending the cy",117,0.95,9,https://i.redd.it/knjar64wm2tg1.png,Bitcoin,2026-04-04 00:50:57,1,REAL,reddit_Bitcoin
"Daily Discussion, April 04, 2026","Please utilize this sticky thread for all general **Bitcoin** discussions! If you see posts on the front page or /r/Bitcoin/new which are better suited for this daily discussion thread, please help out by directing the OP to this thread instead. Thank you!

If you don't get an answer to your question, you can try phrasing it differently or commenting again tomorrow.

Please check the [previous discussion thread](https://www.reddit.com/r/Bitcoin/comments/1sb5hia/daily_discussion_april_03_2026/) for unanswered questions.",40,0.95,25,https://www.reddit.com/r/Bitcoin/comments/1sc1gw5/daily_discussion_april_04_2026/,Bitcoin,2026-04-04 06:07:35,1,REAL,reddit_Bitcoin
Update on lost BTC wallet from 2013 - which way to proceed?,"Hey all, I will try to keep responding to replies on the original post, I got blocked from my own post because I was responding too quickly.

  
Here is the update, and we are wondering which way to go with this as we have the laptop working and the owner says she does remember that the wallet lived on the TOR browser. There are apparently two wallets that were available on TOR at that time: Electrum and Coinwallet. She believes it is Coinwallet.

That being said, we don't know much about TOR, but it makes sense to try and access TOR and hopefully Coinwallet on the original laptop, but we can't seem to connect, as it gets to 5% bootstrapping ""connecting to directory server"" in the log, and ""connecting to a relay directory"" under the Status bar.

Hoping someone could give us some guidance on how to proceed. We loaded TOR on her current laptop, and wasn't sure where to go from there. We also downloaded Coinwallet to her current laptop, running into the passphrase requirement. I believe t",27,0.85,28,https://www.reddit.com/r/Bitcoin/comments/1sc360e/update_on_lost_btc_wallet_from_2013_which_way_to/,Bitcoin,2026-04-04 07:47:22,1,REAL,reddit_Bitcoin
Bought large sum of bitcoin,At what point do I start running my own node? ,103,0.86,47,https://www.reddit.com/r/Bitcoin/comments/1sbua0u/bought_large_sum_of_bitcoin/,Bitcoin,2026-04-04 00:10:37,1,REAL,reddit_Bitcoin
My favorite part of the ride,,499,0.98,48,https://i.redd.it/t3lm4vpchzsg1.gif,Bitcoin,2026-04-03 14:14:32,1,REAL,reddit_Bitcoin
Iran says Crypto &amp; Yuan for Hormuz Straight passage. Petro Dollar not allowed.,,26,0.93,4,https://finance.yahoo.com/markets/crypto/articles/iran-reportedly-accepts-crypto-yuan-115038546.html,Bitcoin,2026-04-04 04:52:01,1,REAL,reddit_Bitcoin
"Remembered that I got BTC in 2014, can’t find the wallet (blockchain.info)","Hey guys,

I don’t know why but I just remembered that I bought BTC in late 2014. I was out drinking with friends and we talked about something clompletely different, it just hit me. Now the problem, which probably isn’t that rare: 

I created the wallet on blockchain.info and I know that I saved the keyphrase on an old phone which’s screen is probably smashed but still at home. But I have no idea what my wallet ID is.

The only thing I have left is login links (blockchain.info/wallet/long array of numbers and letters) to blockchain.info, which i used to create the wallet and buy BTC. But the website is down/leads to blockchain.com and the login link does nothing here, nor does my email seem to be registered anymore, since I don’t get a reset password mail.

I’m not into crypto at all but is there any chance that the coins are still there and I can find out my wallet ID somehow? I don’t know how many BTC would be in there, it’s probably not even a whole coin. But before I look through ",79,0.78,72,https://www.reddit.com/r/Bitcoin/comments/1sbpfa5/remembered_that_i_got_btc_in_2014_cant_find_the/,Bitcoin,2026-04-03 20:50:23,1,REAL,reddit_Bitcoin
"I have an old wallet JSON from 2013, from blockchain.info . How do I access it?","Note: not answering DMs or clicking links

  
I found an old json file while going through my old computer. Im wondering what steps can I take to repopulate this wallet",16,0.81,21,https://www.reddit.com/r/Bitcoin/comments/1sbzyyp/i_have_an_old_wallet_json_from_2013_from/,Bitcoin,2026-04-04 04:45:30,1,REAL,reddit_Bitcoin
"Solo miner nets ~$210k after finding Bitcoin block 943,411","An anonymous miner using CKPool’s solo service found block 943,411 earlier today.

They received 3.139 BTC in rewards and transaction fees... about $210,000 at current prices.

Solo wins like this have become pretty rare. Solo miners have only found around 20 blocks in the past year, even with network difficulty staying near all-time highs.

Anyone still running a solo setup these days, or is it mostly pools now?",45,0.93,12,https://www.reddit.com/r/Bitcoin/comments/1sbrr3a/solo_miner_nets_210k_after_finding_bitcoin_block/,Bitcoin,2026-04-03 22:22:29,1,REAL,reddit_Bitcoin
"We’re seeing that at the sovereign level,we’re seeing that across Wall Street and the retail investor outside the US continues to allocate.",,130,0.97,9,https://v.redd.it/inyl2ub7yzsg1,Bitcoin,2026-04-03 15:49:00,1,REAL,reddit_Bitcoin
Should i change the country of my wallets?,"Hi im from Denmark on a Whv 417, and im wondering if i need to change my Binance, Coinbase and Trustwallet to Australian? 

is there any benefit? From what i can read with chatgpt Denmark is less stricter for lets say a 10k usd withdrawal, where as Australia has a self reporting, so that when someone gets to that level it gets flagged? 

Sorry that might be incorrect - came from chatgpt. but is there any reason to switch? as far as i am concerned i dont need to switch as i will still only be taxed after Australian taxes even though my account location is Danish? 

so yeha any benefits or something im missing?",15,0.89,28,https://www.reddit.com/r/Bitcoin/comments/1sbyt1l/should_i_change_the_country_of_my_wallets/,Bitcoin,2026-04-04 03:45:12,1,REAL,reddit_Bitcoin
Bitcoin Sports,Bitcoin Sports℠ logos ,0,0.41,9,https://www.reddit.com/gallery/1scorlg,Bitcoin,2026-04-05 00:00:40,0,FAKE,reddit_Bitcoin
"How to Buy a $2.5 Million Retirement Portfolio for $335,000","Watching the price drop from $126K in October to the low $60s in February was both educational and frustrating. So I turned that energy into a research sprint: I built the Bitcoin Power Law Observatory, published 13 research papers, and created a suite of retirement planning tools.

The result? I think I found Bitcoin's version of the 4% rule. And the math is almost absurd.

**The logic chain**

People need to save for the future. The best savings technology is the hardest money. Bitcoin is the hardest money ever created. Therefore people will save in bitcoin. Not everyone knows this yet. Old habits die hard.

The power law (Santostasi, expanded by Krueger and Sigman in ""Bitcoin One Million"") is the best model for how this adoption unfolds. The core relationship: every time bitcoin ages 1.5x, the price goes roughly 10x. Not hype cycles. Compounding network adoption following the same laws we see in city growth, earthquake magnitude, and species evolution.

**The floor is the breakthrou",556,0.85,198,https://www.reddit.com/r/Bitcoin/comments/1sb3sks/how_to_buy_a_25_million_retirement_portfolio_for/,Bitcoin,2026-04-03 04:33:26,1,REAL,reddit_Bitcoin
bip54.org - Informational site for BIP54's “Consensus Cleanup” softfork proposal,"With an increasing number of discussions around the BIP54 “Consensus Cleanup” soft fork proposal, I helped put together an information site about BIP54.

“Bitcoin has four known vulnerabilities that have gone unfixed for 15 years. BIP54, ""Consensus Cleanup"", proposes four narrowly-scoped changes to address these issues in Bitcoin's consensus rules that date back to the original version of Bitcoin in 2009.”

[https://bip54.org/](https://bip54.org/)",75,0.94,26,https://bip54.org/,Bitcoin,2026-04-03 13:55:07,1,REAL,reddit_Bitcoin
New COLDCARD Mk5 Full Setup Guide,,18,0.77,4,https://youtu.be/KZD6BotYpR4,Bitcoin,2026-04-03 21:41:46,1,REAL,reddit_Bitcoin
Bitcoin in Sports Update,"Hello everyone,

As part of my promise to the community, I intend to be as transparent as possible regarding our developments or lack thereof without compromising sources or methods. This update is the definition of good and bad. I have split this into good news and bad news, followed by my final thoughts at the end.

Good news: I have some very positive news to report. We have continued to network with key stakeholders across the American sports industry, and we are being received incredibly well. We are engaging with executives who have no clue what Bitcoin is, yet they are still interested in working with us.

More importantly, we are finally providing the warning that the sporting world needs: a Bitcoin-only philosophy is the only way to safely market this space. Every other digital asset is a direct threat to existing sponsorship categories. Sports organizations have spent decades building relationships with banks and insurance companies. You cannot, in good faith, advertise crypt",11,0.8,10,https://www.reddit.com/r/Bitcoin/comments/1sbt49i/bitcoin_in_sports_update/,Bitcoin,2026-04-03 23:20:35,1,REAL,reddit_Bitcoin
Bitcoin in oil crisis?,"how will an oil crisis affect Bitcoin?

Bitcoin Data Centers or miners need Energy right? can Simeone eli5?",3,1.0,4,https://www.reddit.com/r/Bitcoin/comments/1sc1dcl/bitcoin_in_oil_crisis/,Bitcoin,2026-04-04 06:02:16,1,REAL,reddit_Bitcoin
Square enables Bitcoin merchant payments,,44,0.96,4,https://youtu.be/42vHnf3cikE,Bitcoin,2026-04-03 14:31:47,1,REAL,reddit_Bitcoin
3 months of improvements to my free read-only Bitcoin tracker,"Three months ago I shared Spectator here and got great feedback. Since then I've rebuilt most of the app, so figured it's worth another post.

Simple idea: paste a public Bitcoin address, see what your stack is worth. No private keys, no exchange logins, no account. Just a read-only view of the blockchain.

Three months ago I shared Spectator here and got great feedback. Since then I've rebuilt most of the app, so figured it's worth another post.

Simple idea: paste a public Bitcoin address, see what your stack is worth. No private keys, no exchange logins, no account. Just a read-only view of the blockchain.

What's new since last time:

* Three home screen widget styles (wallet balance, detail view, BTC price)
* Pending mempool transaction tracking
* Historical USD value for every transaction
* Drag to reorder wallets
* A bunch of UI polish

What hasn't changed:

* Still completely free
* Still no ads
* Still no data collection

If you hold Bitcoin in cold storage or a hardware walle",12,0.87,10,https://i.redd.it/hjkel8quq1tg1.png,Bitcoin,2026-04-03 21:52:14,1,REAL,reddit_Bitcoin
Buying Crypto without KYC in Germany in Person (Offenburg),I live in Offenburg Germany at the french boarder. I want to buy Crypto wihout KYC in Person with Cash in France or Germany but around my City. Any Ideas?,19,0.89,12,https://www.reddit.com/r/Bitcoin/comments/1sbmfg9/buying_crypto_without_kyc_in_germany_in_person/,Bitcoin,2026-04-03 18:58:02,1,REAL,reddit_Bitcoin
"My BTC as soon as the government mentions ""unrealized gains tax""",,41,1.0,2,https://i.redd.it/vt00pzrcjzsg1.jpeg,Bitcoin,2026-04-03 14:25:52,1,REAL,reddit_Bitcoin
Built a platform that stacks sats on autopilot — guaranteed daily Bitcoin earnings!,"Been building HashVault for anyone who wants to accumulate Bitcoin without the complexity.

No mining rigs. No market timing. No crypto expertise required.

You set it up once and it stacks sats every single day. Guaranteed daily earnings — not speculation, not trading.

Plans start at $9.99/mo. 

Here's the site if you're curious: 

https://hashvault-zrs6.polsia.app

Happy to answer any questions on how it works.",0,0.35,20,https://www.reddit.com/r/Bitcoin/comments/1scioxx/built_a_platform_that_stacks_sats_on_autopilot/,Bitcoin,2026-04-04 19:44:23,0,FAKE,reddit_Bitcoin
Is Bitcoin still reacting more to liquidity than to crypto news?,What do you think?,12,0.74,20,https://www.reddit.com/r/Bitcoin/comments/1sbj982/is_bitcoin_still_reacting_more_to_liquidity_than/,Bitcoin,2026-04-03 17:02:11,1,REAL,reddit_Bitcoin
"A 160 watt open-source desktop miner just found a Bitcoin block. Block #943,466.","https://preview.redd.it/piaorr3rszsg1.jpg?width=928&amp;format=pjpg&amp;auto=webp&amp;s=da1bdfd2c8c0ec1b708bd9a2a6bb7606052fbc21

https://preview.redd.it/0xd58r3rszsg1.png?width=467&amp;format=png&amp;auto=webp&amp;s=cc6ac980f56d57edcb619ec23781a9fca44cf0a9

A NerdOctaxe hashing at 9.6 TH/s against 996 EH/s of network hashrate just found Block #943,466 on Public Pool. That is 0.00000096% of the network.

[https://mempool.space/block/943466](https://mempool.space/block/943466)

This is the first block ever found by a NerdOctaxe and the first block ever mined on Public Pool. Two firsts.

3.125 BTC plus 0.023 BTC in fees. Over $211,000 sitting on a desk somewhere right now.

Open-source home mining hardware has now produced six documented solo block finds since July 2024. A Bitaxe Supra at 500 GH/s found one. A single Bitaxe Ultra at 0.48 TH/s found one. The intervals between finds keep shrinking as more devices come online worldwide.

None of these miners are profitable in the traditiona",12,1.0,2,https://www.reddit.com/r/Bitcoin/comments/1sbggle/a_160_watt_opensource_desktop_miner_just_found_a/,Bitcoin,2026-04-03 15:19:01,1,REAL,reddit_Bitcoin
Slow blocks and a reorg on Signet on Wednesday (BIP 54 / Consensus Cleanup),"A group of Bitcoin developers will do a demo of some slow blocks on the Signet test network on Wednesday. Anyone running a Signet node can participate. Come and see for yourself how long it took for your own hardware to hear about the slow block and validate them!

If you don't run a Signet node already, syncing one should be pretty straightforward. It should use about 30GiB of storage, and you can run \`-prune\` if even that is too much.

More details about this demo are available on [the Delving Bitcoin thread](https://delvingbitcoin.org/t/consensus-cleanup-demo-of-slow-blocks-on-signet/2367).

If you have questions about this, feel free to shoot in the comments. I'm the one crafting the blocks, and i'll be monitoring this thread till Wednesday to help people participate in the demo.",10,0.81,1,https://www.reddit.com/r/Bitcoin/comments/1sbj1at/slow_blocks_and_a_reorg_on_signet_on_wednesday/,Bitcoin,2026-04-03 16:54:22,1,REAL,reddit_Bitcoin
This is what a proper Bitcoin business should look like,,22,0.83,1,https://youtu.be/MWz1jUU5HOw?si=LCio8gsCvoW52OwN,Bitcoin,2026-04-03 12:00:24,1,REAL,reddit_Bitcoin
Update: I made a second book cipher book — this time for adults. Here's what changed based on your feedback.,"Some of you might remember [my post from about a month ago](https://www.reddit.com/r/Bitcoin/comments/1rdplwo/) where I shared a children's book I made that contains all 2,048 BIP39 words — the idea being that you can use the Book Cipher method to encode your seed phrase as page-line-word references and store those numbers separately from the book. The post blew up way more than I expected (400+ upvotes), and I got a ton of valuable feedback.

The most upvoted criticism: **""This is just security through obscurity.""** Almost 400 upvotes on that comment alone. Other common concerns: ""Now everyone knows the book"", ""A children's book is weird if you don't have kids"", and ""Amazon knows who bought it.""

I took all of that seriously. Here's what I did about it.

# What changed



**1. A second book — for adults this time.**

Several people pointed out that a children's book is a hard sell if you don't have kids sitting on your shelf. Fair point. So I created ""777 Wisdoms for Every Day"" — a co",7,0.82,8,https://www.reddit.com/r/Bitcoin/comments/1sbmpqq/update_i_made_a_second_book_cipher_book_this_time/,Bitcoin,2026-04-03 19:08:25,1,REAL,reddit_Bitcoin
Why are we still copy-pasting 40-character wallet addresses in 2026?,"Why are we still copy-pasting 40-character wallet addresses in 2026?

Idea: you do a small test transfer once → both wallets get a shared avatar/character. Next time you send, you just recognize the person visually instead of relying on the address.

Kind of like “pairing” wallets.

Would this actually reduce mistakes or scams, or is this unnecessary given things like ENS?",5,0.54,20,https://www.reddit.com/r/Bitcoin/comments/1sbnej1/why_are_we_still_copypasting_40character_wallet/,Bitcoin,2026-04-03 19:33:55,1,REAL,reddit_Bitcoin
"Daily Discussion, April 03, 2026","Please utilize this sticky thread for all general **Bitcoin** discussions! If you see posts on the front page or /r/Bitcoin/new which are better suited for this daily discussion thread, please help out by directing the OP to this thread instead. Thank you!

If you don't get an answer to your question, you can try phrasing it differently or commenting again tomorrow.

Please check the [previous discussion thread](https://www.reddit.com/r/Bitcoin/comments/1saad75/lightning_thursday_april_02_2026_explore_the/) for unanswered questions.",38,0.97,21,https://www.reddit.com/r/Bitcoin/comments/1sb5hia/daily_discussion_april_03_2026/,Bitcoin,2026-04-03 06:06:25,1,REAL,reddit_Bitcoin
740 days until the next Bitcoin halving,,262,0.98,20,https://i.redd.it/ad555294xtsg1.jpeg,Bitcoin,2026-04-02 19:32:20,1,REAL,reddit_Bitcoin
"""May You Live in Interesting Times"" - Fourth Turning Vibes Around The US Dollar",,10,0.57,10,https://v.redd.it/ngbr9zzmhzsg1,Bitcoin,2026-04-03 14:17:02,1,REAL,reddit_Bitcoin
What’s one thing you wish existed for Bitcoiners in your city? Honest answers only.,\#BitcoinInMyCity #bitcoin #btc,5,1.0,2,https://i.redd.it/d76j9i0nbzsg1.png,Bitcoin,2026-04-03 13:43:09,1,REAL,reddit_Bitcoin
Weekly bitcoin buys - am I doing this right?,"Been putting $180 into bitcoin through coinbase every week on fridays for a while now. 

  
As someone who's still learning about all this crypto stuff but wants to get involved somehow, does this approach make sense? 

  
I know I'm not smart enough to figure out when to buy the dips or whatever, so I just stick to the same amount each week instead of trying to time anything.

  
Anyone else doing something similar? Just wondering if I'm on the right track here.",54,0.95,39,https://www.reddit.com/r/Bitcoin/comments/1sazgzd/weekly_bitcoin_buys_am_i_doing_this_right/,Bitcoin,2026-04-03 01:06:11,1,REAL,reddit_Bitcoin
How to track crypto income properly?,"Hi so i made a recent post talking about how i dont want to get fucked by the ATO. ive never reported (crypto gains/converts) to the government and especially not familiar how it is with the ATO since im from Denmark. 

i asked Chatgpt ""where can i track my crypto and then report and send everything in one go?"". it said a service like Koinly or Cointraciking. 

Right now im receiving on coinbase. but i do plan on switching to Receiving on ""COCA"" only as it gives nice cashback bonus of 6%. Quick side note: is there a better place to store crypto, bonus wise etc?  

but Yeah im confused. i could technically just look at the crypto i sold, but how will i be able to know how much it rose with from the date of purchase? man i cant see how that gonna be possible",12,0.78,42,https://www.reddit.com/r/Bitcoin/comments/1sb7tqq/how_to_track_crypto_income_properly/,Bitcoin,2026-04-03 08:27:49,1,REAL,reddit_Bitcoin
Escrow Payment,"I’m trying to find a crypto escrow payment service that people actually trust, and honestly this has been way more annoying than it should be.

I’m looking for something pretty simple in theory: an escrow service where both parties can use it for a transaction, the funds get held securely, and then once the conditions are met, the payment gets released. Basic escrow logic. But somehow, when you actually start searching for this in crypto, everything starts looking sketchy as hell within like 10 minutes.

Every time I find a platform, it’s either one of these random websites that looks like it was built in 2017 and never updated, or it has almost no real user reviews, or the reviews look fake, botted, or suspiciously generic. Some of them claim they’re “trusted by thousands” or “used for high-value deals,” but then you go looking for actual proof, community feedback, Reddit threads, or any kind of real reputation, and there’s basically nothing solid. That’s the part that’s making this h",2,0.63,14,https://www.reddit.com/r/Bitcoin/comments/1sbkub6/escrow_payment/,Bitcoin,2026-04-03 17:59:50,1,REAL,reddit_Bitcoin
Jade classic and SafePal Cypher from The Crypto Merchant,I have been procrastinating with getting a cold hardware wallet because unfortunately that is what I do. But today I decided to take some initiative and get one and decided on Jade classic and SafePal Cypher for a tight budget from The Crypto Merchant? What are you alls thoughts or concerns?,6,0.8,11,https://www.reddit.com/r/Bitcoin/comments/1sbe56h/jade_classic_and_safepal_cypher_from_the_crypto/,Bitcoin,2026-04-03 13:49:32,1,REAL,reddit_Bitcoin
Mining 25 bitcoins every 10 minutes….,,331,0.96,38,https://youtu.be/yFE2FV9ia1s,Bitcoin,2026-04-02 11:13:52,1,REAL,reddit_Bitcoin
What was the first self custody lesson that really hit you with Bitcoin?,"When I first bought Bitcoin, buying felt easy. The part that actually made me slow down was self custody.

At the start I thought it was simple, just buy BTC, send it to a wallet, done. But after reading more, I understood how easy it is to mess up one small thing and regret it forever. Wrong address, bad backup, keeping seed phrase in dumb places, rushing a transfer, all that stuff started feeling way more serious than I expected.

That was probably the moment Bitcoin felt different to me. Not just something to buy, but something you actually have to learn how to protect.

For me, doing a small test transaction first changed everything. Sounds basic, but it made me less careless.

What was the first self custody lesson that really hit you?  
A mistake you almost made?  
Something you wish you understood earlier?

I feel like this part of Bitcoin doesnt get talked about enough by beginners.",4,0.83,4,https://www.reddit.com/r/Bitcoin/comments/1sbcla0/what_was_the_first_self_custody_lesson_that/,Bitcoin,2026-04-03 12:44:42,1,REAL,reddit_Bitcoin
"Payjoin, Changing Consensus - Bitcoin Optech Newsletter #399","Bitcoin Optech newsletter #399 is here:

\- describes how wallet fingerprinting can damage payjoin privacy  
\- summarizes a proposal for a wallet backup metadata format  
\- links to post-quantum research using Isogenies  
\- points to the recently assigned BIPs for GSR  
\- examines SHRIMPS post-quantum signatures  
\- Optech Newsletter #399 Podcast  
[https://bitcoinops.org/en/newsletters/2026/04/03/](https://bitcoinops.org/en/newsletters/2026/04/03/)

Armin Sabouri posted to Delving Bitcoin about how differences in payjoin implementations make it possible to fingerprint payjoin transactions and can damage payjoin’s privacy...  
[https://bitcoinops.org/en/newsletters/2026/04/03/#wallet-fingerprinting-risks-for-payjoin-privacy](https://bitcoinops.org/en/newsletters/2026/04/03/#wallet-fingerprinting-risks-for-payjoin-privacy)

Pythcoiner posted to the Bitcoin-Dev mailing list about a new proposal for a common structure for wallet backup metadata...  
[https://bitcoinops.org/en/newslet",4,0.76,0,https://bitcoinops.org/en/newsletters/2026/04/03/,Bitcoin,2026-04-03 10:54:23,1,REAL,reddit_Bitcoin
So many DCA strategies in the sub recently. Here's mine,,196,0.95,13,https://v.redd.it/u9fbgs9k1ssg1,Bitcoin,2026-04-02 13:13:34,1,REAL,reddit_Bitcoin
Setting up new trezor safe 7 from initial trezor,"Would you send the btc to a new address generated on trezor 7, or just set up the new trezor using seed words from original trezor? Any difference in security down the road that way? 

I think my btc is currently separated on my original trezor as segwit and legacy or something like that.",19,0.88,8,https://www.reddit.com/r/Bitcoin/comments/1sb0asg/setting_up_new_trezor_safe_7_from_initial_trezor/,Bitcoin,2026-04-03 01:44:13,1,REAL,reddit_Bitcoin
I lost my seed phrase few years ago,Is there a way I can recover the balance without the seed phrase? I’m sure I had at least a decent amount in there above $10K+ ,0,0.43,48,https://www.reddit.com/r/Bitcoin/comments/1sbundb/i_lost_my_seed_phrase_few_years_ago/,Bitcoin,2026-04-04 00:27:19,0,FAKE,reddit_Bitcoin
A bit of clarity about Quantum resistance,Very informative and interesting.,3,0.81,1,https://youtu.be/_MoRcYLN-7U?is=uQHq66R7amC6v5iZ,Bitcoin,2026-04-03 07:24:26,1,REAL,reddit_Bitcoin
I lost the PIN for my BTC ledger wallet,"Hello. I bought a wallet for some BTC I bought a long time ago (2017), but I have lost the password. I have been trying to recover it but couldn't.

I don't know exactly how much is in it, but I spent 50.000€ and bought myself the wallet. I think it's called Trezor One.

¿Does anyone have any tips for me?",0,0.38,32,https://www.reddit.com/r/Bitcoin/comments/1sbst45/i_lost_the_pin_for_my_btc_ledger_wallet/,Bitcoin,2026-04-03 23:07:15,0,FAKE,reddit_Bitcoin
COLDCARD Spending Policy,"I was playing around with COLDCARD's spending policy and its pretty awesome. You can add rules like spend limits, velocity controls, address whitelists, and even 2FA. Seems like a solid way to add some extra security without making things too complex. 

Anyone else played around with spending limits on their COLDCARD?",41,0.89,11,https://v.redd.it/cgafxgkgmssg1,Bitcoin,2026-04-02 15:12:20,1,REAL,reddit_Bitcoin
Started buying at 128k now sitting at 93k average,"Who else is pumped right now! Part of me wants another big dip so I can keep adding to my stack with DCA and grab even more sats

  
Real talk tho - if youre in this for the long haul like 10+ years why does anyone get upset when the price drops? Makes no sense to me if you actually believe in where this is headed",295,0.89,140,https://www.reddit.com/r/Bitcoin/comments/1sa6krz/started_buying_at_128k_now_sitting_at_93k_average/,Bitcoin,2026-04-02 03:40:10,1,REAL,reddit_Bitcoin
Buying BTC in Canada,"Hello, can you recommend a platform for me to buy bitcoins? 

Thank you.",29,0.94,43,https://www.reddit.com/r/Bitcoin/comments/1saljyf/buying_btc_in_canada/,Bitcoin,2026-04-02 16:05:12,1,REAL,reddit_Bitcoin
Will Bitcoin reach 1M by 2030?,Just curious ,0,0.4,54,https://www.reddit.com/r/Bitcoin/comments/1sbnmza/will_bitcoin_reach_1m_by_2030/,Bitcoin,2026-04-03 19:42:55,0,FAKE,reddit_Bitcoin
Dump as an Opportunity,"A friend of mine has been buying Bitcoin since 2023, $50 every day. From the time the price is below $70k, he is buying double ($100 each day).

He believes that one day BTC will go to $1M+, and then he'll decide whether to sell or keep holding.",179,0.87,60,https://www.reddit.com/r/Bitcoin/comments/1sa7odp/dump_as_an_opportunity/,Bitcoin,2026-04-02 04:35:24,1,REAL,reddit_Bitcoin
Here's How Banks Make Money Off Your Cash (in Plain English),,36,0.92,2,https://www.fool.com/money/banks/articles/heres-how-banks-make-money-off-your-cash-in-plain-english/,Bitcoin,2026-04-02 12:58:55,1,REAL,reddit_Bitcoin
Bitcoin Policy Institute says Taiwan Should Reconsider Bitcoin Reserves,"Taiwanese lawmaker Ko Ju-Chun said last year that the country’s Ministry of Justice holds 210 Bitcoins, worth $14 million, confiscated during criminal investigations.

Taiwan should reconsider adopting Bitcoin as a reserve asset to hedge against global turmoil and the risk of war, according to a research fellow at the Bitcoin Policy Institute.

In a report on Tuesday, Jacob Langenkamp said that should China pursue reunification with Taiwan by military force, either through a blockade or full invasion, Bitcoin would be the only reserve asset that would remain fully accessible and spendable.

“Uniquely for Taiwan, Bitcoin provides geopolitical resilience: in a PRC blockade or invasion, gold is stranded or seized and USD reserves face potential restrictions, but Bitcoin remains fully accessible without physical transport,” he added.

Nation-states have begun to explore the idea of launching strategic Bitcoin reserves, seen as a bullish signal for Bitcoin.

Last year, Taiwan’s central bank",90,0.93,6,https://cointelegraph.com/news/taiwan-bitcoin-reserve-geopolitical-hedge,Bitcoin,2026-04-02 07:26:11,1,REAL,reddit_Bitcoin
"Energy, war, and Bitcoin — is the system quietly shifting?","Bitcoin, energy, and geopolitics — is “value” changing?

With rising global tensions, energy prices surging, and markets acting unpredictably, it feels like something is shifting.

Traditionally, value was tied to economic output.

Now, it seems increasingly linked to:

\- energy

\- geopolitical stability

\- control over resources

In that context, Bitcoin looks different — not exactly a safe haven, but a neutral, energy-linked system outside state control.

There’s an interesting breakdown connecting energy, war, and Bitcoin’s role in all this: 

https://www.cointribune.com/en/bitcoin-energy-and-geopolitics-how-do-wars-redefine-global-value/

What do you think?

Is Bitcoin becoming a geopolitical asset ? 

or still just a risk asset reacting to macro?",9,0.71,16,https://www.reddit.com/r/Bitcoin/comments/1saqo3a/energy_war_and_bitcoin_is_the_system_quietly/,Bitcoin,2026-04-02 19:10:07,1,REAL,reddit_Bitcoin
Blackberry and Satoshi Nakamoto,"Am I the only one who noticed the BlackBerry ad in the Satoshi mail to Liberty Standar,  Sirius emails from 2009–2011?",4,0.7,2,https://i.redd.it/gmxlwjv25vsg1.jpeg,Bitcoin,2026-04-02 23:38:38,1,REAL,reddit_Bitcoin
Government &amp; taxes,How does the government know if i own bitcoin if i store it cold? I could have lost my keys? Or gambled it away on memecoins. I know they can see the purchases on centralised exhanges but what i am doing or losing next are they going to find out?,10,0.69,19,https://www.reddit.com/r/Bitcoin/comments/1sambw3/government_taxes/,Bitcoin,2026-04-02 16:33:10,1,REAL,reddit_Bitcoin
Roundtable_019 - Bitcoin's In-House Stress Test,,2,1.0,0,https://www.youtube.com/watch?v=zmD0OgbaKgM,Bitcoin,2026-04-03 01:16:19,1,REAL,reddit_Bitcoin
Liquidate a large amount of Bitcoin,"Has anybody here ever liquidated (sold) a large amount of bitcoin,  let‘s say 50k US$ or more? How did that go?

If not, how do you expect this would work if someone wanted to buy an apartment or house, e. g. sell bitcoin for several hundred thousand dollars? Could you easily do it in one transaction, for example in Kraken?",38,0.78,60,https://www.reddit.com/r/Bitcoin/comments/1sabswc/liquidate_a_large_amount_of_bitcoin/,Bitcoin,2026-04-02 08:40:04,1,REAL,reddit_Bitcoin
"Remember the Golden Rule. Whoever has the gold, makes the rules! The same adage will apply to bitcoin. He he owns the scarce assets, the hard money will dictate the future.",,12,0.94,1,https://v.redd.it/yt884w8mhssg1,Bitcoin,2026-04-02 14:44:54,1,REAL,reddit_Bitcoin
"I built a CLI tool for Bitcoin cold wallets &amp; offline transaction signing — fully open source, no network access","* GitHub: [https://github.com/Drincann/bitcold](https://github.com/Drincann/bitcold)
* Website: [https://bitcold.dev](https://bitcold.dev)
* npm: [https://www.npmjs.com/package/bitcold](https://www.npmjs.com/package/bitcold)
* License: WTFPL

**Try it without installing:** visit [bitcold.dev](https://bitcold.dev) and click the terminal — it connects you to a sandboxed Linux shell with bitcold pre-installed.

As a developer who holds Bitcoin, I spent a lot of time looking for a lightweight, auditable tool for cold storage that I could run on an air-gapped machine. GUI wallets felt opaque, hardware wallets require trusting vendor firmware, and other CLI tools were either abandoned or didn't follow modern BIP standards. So I built my own.

**bitcold** is an open-source CLI for generating BIP39 mnemonics, deriving BIP84 native SegWit addresses, and signing transactions — all completely offline. No network requests, no external APIs, no telemetry. Just your keys on your air-gapped machine.
",13,0.94,4,https://www.reddit.com/r/Bitcoin/comments/1saij13/i_built_a_cli_tool_for_bitcoin_cold_wallets/,Bitcoin,2026-04-02 14:12:57,1,REAL,reddit_Bitcoin
This is not a Game,Buy and HOLD until someone is willing to pay what you want.  Very simple. Patience = Freedom,81,0.83,45,https://www.reddit.com/r/Bitcoin/comments/1sa6dz2/this_is_not_a_game/,Bitcoin,2026-04-02 03:30:40,1,REAL,reddit_Bitcoin
The Whales,,9,0.92,2,https://i.redd.it/6f6crzrz6ssg1.png,Bitcoin,2026-04-02 13:44:01,1,REAL,reddit_Bitcoin
Perfect time to load up on sats while everyone's panicking,"Yeah the markets are taking a beating right now and everyone's losing their minds, but this is exactly what we've been waiting for. These dips don't last forever and when things turn around you'll be glad you didn't sit on the sidelines

  
Can't time the exact bottom obviously but every time it drops another level I'm grabbing more. Been doing this for a few years now and the pattern always repeats itself. People get scared, price drops, smart money accumulates, then we're back to new highs

  
Don't go crazy and blow your whole budget at once though. Space it out, buy the dips, and stay patient. Future you will appreciate it",95,0.89,38,https://www.reddit.com/r/Bitcoin/comments/1sa2zm9/perfect_time_to_load_up_on_sats_while_everyones/,Bitcoin,2026-04-02 00:55:53,1,REAL,reddit_Bitcoin
Why Big Blockers Argue Conspiracy And The Technical Truth,,11,0.82,1,https://www.youtube.com/watch?v=IGlbWoUIx7s,Bitcoin,2026-04-02 12:16:20,1,REAL,reddit_Bitcoin
"Daily Discussion, April 02, 2026","Please utilize this sticky thread for all general **Bitcoin** discussions! If you see posts on the front page or /r/Bitcoin/new which are better suited for this daily discussion thread, please help out by directing the OP to this thread instead. Thank you!

If you don't get an answer to your question, you can try phrasing it differently or commenting again tomorrow.

Please check the [previous discussion thread](https://www.reddit.com/r/Bitcoin/comments/1s9c7c4/daily_discussion_april_01_2026/) for unanswered questions.",23,0.94,19,https://www.reddit.com/r/Bitcoin/comments/1sa99us/daily_discussion_april_02_2026/,Bitcoin,2026-04-02 06:03:42,1,REAL,reddit_Bitcoin
"OC: I've created an app to help me track BTC price action, cycle regime, network health, and macro structure in one place","Hello hodlers,

Out of frustration, I've created a free website/app (no cookies, no trackers, no ads) that puts together a lot of the classic indicators along with a couple original features (like the Cycle Analog). It is intended to help me gauge where we are in the BTC cycle/regime. The indicators are grouped in 4 categories (price action, cycle regime, network, macro). I'm using exclusively free tier access to get the data. I do pay for OpenAI API access to help with sentiment analysis (currently broken, I'll fix it when I get some time in the next days).

  
Most of the metrics are live (API) and will show the source last update, but some are unavailable in the free tier so they are scraped, derived or approximated, while others are modeled locally. This is clearly indicated in the indicator cards.  I do have Glassnode support built-in, but the API access costs too much, so I am using proxies/approximations for now.

This is still work in progress. What do you think? Any thoughts o",2,1.0,0,https://btc-dashboard-gray.vercel.app,Bitcoin,2026-04-02 19:42:59,1,REAL,reddit_Bitcoin
Buying $300k in BTC next few months. Which broker?,"I plan to buy around 4-5 BTC over the next few months. Maybe do it in 3 chunks. Its a long-term HODL. Main goal is low fees and future access to products like borrowing against my BTC or even using it as collateral for a mortgage 2-3 years down the . Maybe want a little bit of margin. 

Leaning towards Kraken but want any and all recommendations! Also, I have a Ledger USB already",239,0.85,220,https://www.reddit.com/r/Bitcoin/comments/1s9qj8w/buying_300k_in_btc_next_few_months_which_broker/,Bitcoin,2026-04-01 17:04:30,1,REAL,reddit_Bitcoin
Is 0.01 a good target to aim for with BTC?,"I started accumulating BTC at the end of last year. I live in Brazil and buy 200 to 500 BRL (40 to 95 USD) worth of BTC per month.

My initial goal is to reach 0.01 BTC, which I believe is a good goal and I intend to achieve it by the end of the year.",135,0.85,98,https://www.reddit.com/r/Bitcoin/comments/1s9ulam/is_001_a_good_target_to_aim_for_with_btc/,Bitcoin,2026-04-01 19:23:48,1,REAL,reddit_Bitcoin
How can I check my recovery phrases?,"I have found a load of recovery phrases, passwords and pin numbers from years ago. There is probably nothing on them, as i cashed out of bitcoin for a few years (although have been purchasing more, the last couple of years). I tend to use coinbase but cant find anything on there to enter recovery phrases.

ive tried logging in to blockchain.info but xant seem to get on it. 

How do I check this pile of recovery phrases etc. 😅

I appreciate that this post is likely to lead to a lot of spam, hence the throwaway account on here. Dont worry, I wont be getting involved with any private messages, emails etc. 🙂",4,0.64,18,https://www.reddit.com/r/Bitcoin/comments/1samh6h/how_can_i_check_my_recovery_phrases/,Bitcoin,2026-04-02 16:38:42,1,REAL,reddit_Bitcoin
the pros and cons of the new bitcoin backed mortgage product,,75,0.92,9,https://v.redd.it/2avddohv2nsg1,Bitcoin,2026-04-01 20:32:11,1,REAL,reddit_Bitcoin
the bitcoin ETFs just posted their first monthly net inflows since October,"$1.32B in net inflows after four straight months of outflows totaling $6.3B  
  
",140,0.99,22,https://www.reddit.com/r/Bitcoin/comments/1s9np40/the_bitcoin_etfs_just_posted_their_first_monthly/,Bitcoin,2026-04-01 15:24:53,1,REAL,reddit_Bitcoin
"⚡ Lightning Thursday! April 02, 2026: Explore the Lightning Network!⚡","The lightning network is a second-layer solution on top of the Bitcoin blockchain that enables quick, cheap and scalable Bitcoin payments.

Here is the place to discuss and learn more about lightning!

Ask your questions about lightning

Provide reviews, feedback, comparisons of LN apps, services, websites etc

Learn about new LN features, development, apps

Link to good quality resources (articles, wikis etc)

Resources:

* Here is an awesome list of resources compiled by Jameson Lopp: https://bitcoinfo.org/lightning.html

* Want to test out your lightning fire power? tip the Bitcoin devs! https://bitcoindevlist.com/

* Previous threads: [Search](https://www.reddit.com/r/Bitcoin/search?q=Lightning+Thursday&amp;restrict_sr=on&amp;include_over_18=on&amp;sort=new&amp;t=all)

* Lnbook getting closer towards being finished and can already be seen at: https://github.com/lnbook/lnbook

* Lightning Dedicated YouTube Channel: https://youtube.com/renepickhardt

* Also there is the playlist by c",9,0.91,1,https://www.reddit.com/r/Bitcoin/comments/1saad75/lightning_thursday_april_02_2026_explore_the/,Bitcoin,2026-04-02 07:09:42,1,REAL,reddit_Bitcoin
Which Bitcoin exchange are you actually using in 2026?,"I’ve been trying out a few exchanges recently, and it’s interesting how different they feel depending on your goal—whether it’s just buying and holding BTC or actively trading.

Some things I’ve noticed:

* Platforms with deep liquidity are great for bigger trades but can feel cluttered if you’re new.
* Beginner-friendly exchanges make buying BTC easier but often charge higher fees.
* Derivatives platforms are completely different from spot-focused ones, especially for execution speed and margin options.

Curious to hear from others here:

* What matters most to you right now—fees, liquidity, or ease of use?
* Have you switched exchanges recently? What made you move?
* Any surprises or frustrations with execution, spreads, or verification processes?

Looking to get a sense of what people are actually using in 2026.",3,1.0,9,https://www.reddit.com/r/Bitcoin/comments/1saemw1/which_bitcoin_exchange_are_you_actually_using_in/,Bitcoin,2026-04-02 11:22:00,1,REAL,reddit_Bitcoin
People steal bitcoin from criminals 💥🔴,"People doesn't hack into criminals' bitcoin accounts and collect those because it's also considered stealing or because they don't know how to hack into bitcoin wallets?

If anyone knows how to hack into accounts. What could be a ""police won't show up at your door step"" kind of steal from bad people's accounts?

Do you know any addresses, that anyone can freely collect bitcoins by hacking, provided they know how to hack into any address?

I'm not afraid of any criminals, just want to not to break the legal system already built by a country to keep the good environment. But I would definitely destroy criminals if I could, provided I also get a benefit from destroying.

Would it be considered illegal if anyone hack into bitcoin wallet of a scammer etc. That's like scamming a scammer for a financial gain 💥

Does any police in your country has something like, ""we want to gain access to this criminal's wallet, we'd give you 10% of it, if you help us"" kind of offers? I would help them.",0,0.21,32,https://www.reddit.com/r/Bitcoin/comments/1sb651x/people_steal_bitcoin_from_criminals/,Bitcoin,2026-04-03 06:44:54,0,FAKE,reddit_Bitcoin
What is Bitcoin Mining?,"Millions of computers run around the clock to keep Bitcoin alive — and nobody's sending them a paycheck. Turns out there's a puzzle, a lottery, and a jackpot that pays out every ten minutes. I broke down how it actually works — including what happens when the rewards run out in 2140. No jargon. No hype.",0,0.22,1,https://youtu.be/iiOXiW5vV2g,Bitcoin,2026-04-03 01:22:57,0,FAKE,reddit_Bitcoin
Gulf of eden,"&amp;#x200B;

With everything going on in the region lately, I’ve been thinking more about the Gulf of Aden and how critical it is for global shipping routes. Do you guys think there’s a real possibility that it could be closed or heavily restricted, especially with rising geopolitical tensions around Yemen? If something like that were to happen, what kind of impact would you expect on global trade, oil prices, and even crypto markets?

I’m particularly curious about second-order effects likke supply chain disruptions, inflation spikes, or shifts in investor sentiment. Would thi push more people toward decentralized assets like Bitcoin as a hedge, or cause a broader risk-off scenario where everything drops?

Interested to hear your thoughts and any historical comparisons that might help put this into perspective.",3,0.64,3,https://www.reddit.com/r/Bitcoin/comments/1sadrsf/gulf_of_eden/,Bitcoin,2026-04-02 10:36:27,1,REAL,reddit_Bitcoin
DCA strategy on Binance while staying in the higher Earn tier — anyone else doing this?,"I've been buying sats monthly on Binance with a strategy I wanted to share in case it's useful or someone has a better approach.

**The core idea:**

Binance's **Earn Simple – Flexible** product pays daily interest on your BTC balance, but it has two tiers:

* Balance **0 to 0.01 BTC** → **0.28% APR**
* Balance **above 0.01 BTC** → **0.03% APR**

That's a massive drop. Going over 0.01 BTC cuts your yield by nearly 90%.

**My plan:**

1. Buy sats every month, keeping the balance **below 0.01 BTC** to always stay in the 0.28% tier.
2. Every day, a few extra sats get added through the daily interest payout.
3. After 1 year — **or earlier if the balance gets close to the 0.01 BTC limit** — I sweep everything to a **cold wallet** and restart the cycle from zero.

The 1-year window isn't a hard deadline, it's the maximum I plan to keep funds on the exchange. If BTC's price rises and my monthly buys push the balance toward the threshold sooner, I just move everything to cold storage earlier a",0,0.44,10,https://www.reddit.com/r/Bitcoin/comments/1sajups/dca_strategy_on_binance_while_staying_in_the/,Bitcoin,2026-04-02 15:02:51,0,FAKE,reddit_Bitcoin
what is bitcoin?,In my mind this is bitcoin. ,3,1.0,0,https://i.redd.it/pdiqlc9cnqsg1.jpeg,Bitcoin,2026-04-02 08:32:05,1,REAL,reddit_Bitcoin
New Hampshire Plans $100M Bitcoin-Backed Bonds — What Citizens Need To Know,"Bitcoin is edging closer to Wall Street—and now, to municipal finance.

New Hampshire is preparing to launch what could be the first Bitcoin-backed municipal bond in the U.S., a $100 million deal that uses bitcoin as collateral instead of taxpayer backing.

The structure blends traditional public finance with digital assets to attract capital without putting state funds at risk.

The plan, approved in late 2025 and moving toward final sign-off in 2026, signals a new phase for Bitcoin: not just an investment, but collateral inside regulated financial markets.",95,0.98,1,https://finance.yahoo.com/markets/crypto/articles/hampshire-plans-100m-bitcoin-backed-083438443.html,Bitcoin,2026-04-01 12:14:08,1,REAL,reddit_Bitcoin
Finally became a whole coiner,"I have started accumulating btc since 2021, not going out with boys ,even cancelling the trip to Thailand and missing on that thai massage just to accumulate btc, and today finally i have one btc 😭",506,0.93,82,https://www.reddit.com/r/Bitcoin/comments/1s972bv/finally_became_a_whole_coiner/,Bitcoin,2026-04-01 01:51:52,1,REAL,reddit_Bitcoin
When do you think Bitcoin will recover?,Are we in a winter or just a period of consolidation?,1,1.0,3,https://www.reddit.com/r/Bitcoin/comments/1saerlc/when_do_you_think_bitcoin_will_recover/,Bitcoin,2026-04-02 11:28:48,1,REAL,reddit_Bitcoin
why are so many important people speaking good about bitcoin in 2026(seems fishy),I'm just curious 👀 ,0,0.46,41,https://www.reddit.com/r/Bitcoin/comments/1sarrx4/why_are_so_many_important_people_speaking_good/,Bitcoin,2026-04-02 19:51:35,0,FAKE,reddit_Bitcoin
Bitcoin is acting weird right now.. Big move coming?,I don't know if it's just me who is thinking that... But Bitcoin feels very strange right now. ,179,0.77,171,https://www.reddit.com/r/Bitcoin/comments/1s9cxvy/bitcoin_is_acting_weird_right_now_big_move_coming/,Bitcoin,2026-04-01 06:48:05,1,REAL,reddit_Bitcoin
Bitcoin,,62,0.92,5,https://i.redd.it/jldp6b6hiksg1.jpeg,Bitcoin,2026-04-01 11:54:17,1,REAL,reddit_Bitcoin
Great Bitcoin Tax Attorney,"Long story, so here's the TLDR:
I had a self-directed Roth IRA that held bitcoin as an asset.
I took self-custody of the bitcoin (NYKNYC), and that opened a whole can of worms concerning the IRA, the custodian, the exchange, taxes, and the IRS.

My accountant couldn't help me, so he referred me to another accountant who couldn't help me, who referred me to a lawyer, who...couldn't help me.
So I asked my Estate attorney for a referral. He referred me to a lawyer who also couldn't help me, but that one referred me to attorney Ari Good in Miami.

Ari Good is a superstar when it comes to crypto, taxes, and retirement accounts.
He has a deep working knowledge of crypto and all of its nuances, unlike most attorneys.
Ari worked tirelessly to unravel the mess I caused, and the end result was exactly what I'd hoped it would be.
Everything came out to my advantage.

I highly recommend Mr Good if anyone needs an attorney regarding cryptocurrencies.
In additon, his fees were more than reasonable, ",6,0.6,9,https://www.reddit.com/r/Bitcoin/comments/1sa26ip/great_bitcoin_tax_attorney/,Bitcoin,2026-04-02 00:19:43,1,REAL,reddit_Bitcoin
Moody’s Assigns Ba2 Rating to New Hampshire’s Bitcoin-Backed Bonds,"This looks like an early attempt to integrate Bitcoin into traditional public financing rather than just holding it on balance sheet. A US state issuing bonds backed by Bitcoin collateral, with a formal credit rating attached, starts to frame crypto within existing capital market structures instead of outside them. The Ba2 rating signals that institutions still see meaningful risk, but not something entirely uninvestable. ",31,0.93,3,https://www.sandmark.com/news/top-news/moodys-assigns-ba2-rating-new-hampshires-bitcoin-backed-bonds,Bitcoin,2026-04-01 13:14:59,1,REAL,reddit_Bitcoin
Scientology has lasted for 70 years. Millions of believers on 4 continents. 20m+ sales of Dianetics. Some of the greatest actors of our generation belong. When will you admit you were wrong about the historicity of Xenu?,,1136,0.97,292,https://i.redd.it/zp2vt35ddsqc1.jpeg,Buttcoin,2024-03-27 02:22:06,0,FAKE,reddit_Buttcoin
A message to crypto bros who might be reading here,"**Yes, you have to work.**

**No, there are no shortcuts**, no alternatives, no get-rich-quick schemes that actually work. I'm sorry. Crypto won't save you. It was a good story for a while, but unless you were there 17 years ago when it just started, then it won't. 

**Trust me, most of us don't like to get up early in the morning**, commute to some dreary fluorescent-lit office, sit in front of a monitor all day etc. But we don't try to delude ourselves. There are no other options. If you were born into a working class family, your best chance of success is to work, live below your means, save and invest for retirement (in safe, slow-growing mutual funds, that represent real companies with products and growth).

**You won't get rich overnight** this way, but you'd definitely move forward in life. 

**Go plug some numbers** into any compounding interest calculator you can find on Google right now. $500 saved a month, in a conservative investment (i.e. an ETF that tracks S&amp;P 500), w",226,0.86,290,https://www.reddit.com/r/Buttcoin/comments/1s30r3z/a_message_to_crypto_bros_who_might_be_reading_here/,Buttcoin,2026-03-25 04:19:47,0,FAKE,reddit_Buttcoin
Exactly 1B buy and we are back to hodl from hold in the ponzi. Things look great folks!,"I mean this is by far the best ponzi that I have seen in my life.

With almost $60B in purchase price, the book cost of the ponzi is about to surpass the market value of Madoff's ponzi. 

This is a very impressive performance. 

Let's see how far he will be able to take his house of cards before it comes crashing down in flames.

His previous announcement was hold, now he is back to hodl. It is all sunshine for now!",118,0.89,43,https://i.redd.it/1wgewwih8zug1.png,Buttcoin,2026-04-13 15:33:07,0,FAKE,reddit_Buttcoin
Kraken Data Breach,"So no client funds were put at risk, but client names and addresses were disclosed. 

If your name is on that list, you need a bodyguard. Like, immediately. We all know what happens when the mob finds out you are holding BTC and where you live.

Ah, the future of finance!",23,0.87,7,https://bitcoinmagazine.com/news/crypto-exchange-kraken-extortion-attempt,Buttcoin,2026-04-13 20:40:10,0,FAKE,reddit_Buttcoin
Can someone ELI5 how it is possible for MSTR to survive with 2 percent annual BTC price growth?,"&amp;#x200B;

I still cannot get my head around it, how would it be possible to cover the dividends with 2 percent annual growth? 

The software business is dying.

There are no other sources of income.

Can Saylor dilute the shareholder to infinity and get financing for his ponzi forever?

I don't get it. ",89,0.99,30,https://finance.yahoo.com/markets/crypto/articles/michael-saylor-says-just-2-192500481.html,Buttcoin,2026-04-13 10:33:24,0,FAKE,reddit_Buttcoin
Why are they happy that Saylor and Blackrock are buying up the supply?,"I thought buttcoin was this magical currency that couldn't be controlled by any government, bank or corporation, but now it's a good thing that the same rich people are constantly buying the dip?

I guess if you want to create fake hype and try to keep the value stable, then yeah it's a good thing they're buying it over and over but eventually that money runs out.. or if they ever decide to sell, wouldn't that just bankrupt all the fools ""holding on for life"" ",57,0.94,55,https://www.reddit.com/r/Buttcoin/comments/1sk5ezc/why_are_they_happy_that_saylor_and_blackrock_are/,Buttcoin,2026-04-13 09:06:16,0,FAKE,reddit_Buttcoin
"Just take a few drags of a cigarette, then you can decide if smoking is right for you. It's cool and exciting!",,11,0.92,5,https://finance.yahoo.com/personal-finance/investing/article/how-to-invest-in-crypto-with-100-155125790.html,Buttcoin,2026-04-13 16:18:51,0,FAKE,reddit_Buttcoin
$420.000 down the drain,,532,0.97,133,https://i.redd.it/gp7loekpwsug1.png,Buttcoin,2026-04-12 18:16:52,0,FAKE,reddit_Buttcoin
‘Disbelief and disappointment’: how Javier Milei’s bribery scandal may have derailed Argentina’s crypto investment | Argentina | The Guardian,"Shockingly, he was paid by the promoter of the Libra scam and didn't just happen to hear about it.",55,1.0,9,https://www.theguardian.com/world/2026/apr/12/crypto-javier-milei-bribery-argentina,Buttcoin,2026-04-13 06:07:42,0,FAKE,reddit_Buttcoin
Crypto and libertarianism,"A general theme among crypto promoters was the notion that you cannot trust the government and that it also cannot be fixed and their conclusion was ""let's just bitcoin instead"" (or whichever of the millions of other schemes they prefer). 

Crypto promoters often claim ""crypto will bank the bank the unbanked"" but if a government actually tries to do it for real with Central Bank Digital Currency they are all against that since they view the government as bad (or just don't want any alternatives to shitty crypto coins) and will make up dystopian fantasies about what the government is going to do after CBDC has been implemented (most/all of which could be done without CBDC already). 

The reality is that there is no avoiding trusting a government. We rely on our government to not only abstain from actively going after us but we also need the government to combat crime, handle critical infrastructure, preserving your private property, defense, etc. 

If you buy a house you trust the gover",20,0.95,15,https://www.reddit.com/r/Buttcoin/comments/1sk4wzk/crypto_and_libertarianism/,Buttcoin,2026-04-13 08:36:45,0,FAKE,reddit_Buttcoin
Buttcoin per share is a meaningless metric..,"I feel sorry for the MSTR holders who are now happy with their investment losing money because they have acquired more bitcoin per share.

Imagine stumbling upon a village completely isolated from civilization who have no idea what butt coin is but are extremely smart and use rare shells as currency.

How would you explain to them that what butt coin is without referencing the rare shells? Gold, silver and dirty fiat would be relatively easy to explain because they are just different versions of rare shells.  But buttcoin has ""independent value"". So you wouldn't need to reference their currency to explain it...

Then imagine the village learns all about modern civilization but they still can't grasp why buttcoin per share is different then rare shells (fiat) per share.

And one of the smartest villagers points out that the only way to buy food you didn't make is to give someone a shell in exchange for it. But no one in their village would be dumb enough to accept buttcoin per share in ",3,0.67,11,https://www.reddit.com/r/Buttcoin/comments/1skjk0z/buttcoin_per_share_is_a_meaningless_metric/,Buttcoin,2026-04-13 18:30:38,0,FAKE,reddit_Buttcoin
It's SABOTAGE!: Justin Sun Says Trump's World Liberty Financial Built a Secret Backdoor to Steal Investor Tokens,,107,0.97,26,https://www.reddit.com/gallery/1sjkc8z,Buttcoin,2026-04-12 17:12:56,0,FAKE,reddit_Buttcoin
Traits of a mark (butters take note),"Pretend you're Mr Ponzi looking for marks. What traits would you look for? 

 - greed 

Not just people who want to make money. People who want to make money so badly they will suspend rational thought long enough to accept something obviously too good to be true

 - arrogance 

One moment of bad judgement is not enough to make a mark. You need people who won't entertain thoughts like ""what if I made a mistake?"" or ""maybe i would hear out the naysayers"". Or who will be too prideful to admit fault. 

Or even the basic question ""why ME? Why is Mr Ponzi sharing this with ME?""

Bonus points if the marks get defensive when confronted with inconvenient facts

 - loneliness

If you don't have a sense of belonging, and you suddenly get one from hodling, letting go of the ""investment"" means letting go of your community.

For specific scams, you might look for additional specific things, but this seems like the big three. 

If you're doing a goldbug scam, you also want to look for paranoia, anti",22,0.96,8,https://www.reddit.com/r/Buttcoin/comments/1sjnje2/traits_of_a_mark_butters_take_note/,Buttcoin,2026-04-12 19:11:03,0,FAKE,reddit_Buttcoin
Some copium from the bitcult sub.,,25,0.91,12,https://www.reddit.com/gallery/1sjink4,Buttcoin,2026-04-12 16:10:13,0,FAKE,reddit_Buttcoin
New track by Little Sis Nora - Bitcoin,"AronChupa and his sister Nora put out a track in 2014 called ‘I’m an Albatross’ that made it to the top 10 of many European charts and has 1.5 billion views on YouTube.

Two days ago she released a track called Bitcoin. I submit this as evidence that we are no longer early, and suggest you check it out on your platform of choice as it’s a banger.

‘Where the hell did all the money go? Why why why is she walking out the door? Blame it on the Bitcoin’.",1,0.54,1,https://www.reddit.com/r/Buttcoin/comments/1sk0hdu/new_track_by_little_sis_nora_bitcoin/,Buttcoin,2026-04-13 04:24:13,0,FAKE,reddit_Buttcoin
LOL,,135,0.82,108,https://i.redd.it/r8g7dfq2joug1.png,Buttcoin,2026-04-12 03:32:58,0,FAKE,reddit_Buttcoin
'Millions Of Boomers Could Be Homeless Or Living In RVs': Robert Kiyosaki Issues Warning,,0,0.13,4,https://www.ibtimes.co.uk/robert-kiyosaki-economic-crisis-warning-1791451,Buttcoin,2026-04-13 17:26:32,0,FAKE,reddit_Buttcoin
Thus just was amusing to me at 1:19 AM,,1003,0.98,30,https://i.redd.it/k930xslbxhug1.jpeg,Buttcoin,2026-04-11 05:20:15,0,FAKE,reddit_Buttcoin
No doubt the tip of the iceberg.,,23,0.9,13,https://i.redd.it/hi0wlspzskug1.jpeg,Buttcoin,2026-04-11 15:03:23,0,FAKE,reddit_Buttcoin
"What if Iran war is a Secret Trick to Send Gold to $7,000+","52 years since Nixon closed the gold window  US gold has sat at $42.22/oz the whole time while the petrodollar ran the show. 

Now petrodollar is dying. Hormuz chaos spikes gold. 

What if this is the moment? Section 9 of the Bitcoin Act 2025 revalues America’s 8,133 tonnes at market price. At $7k/oz it creates a huge windfall for the Bitcoin Reserve and makes China’s \~2,300-2,850 tonnes look tiny. 

Hormuz supplies the perfect fear premium to push gold high enough to make the revaluation truly game-changing. 

Is this the planned end of the petrodollar era and the reset? 

Full breakdown here if anyone wants to read:

https://thecliodesign.substack.com/p/iran-war-is-trumps-miscalculation 

Curious what you guys think? ",0,0.27,17,https://www.reddit.com/r/Buttcoin/comments/1sjpjig/what_if_iran_war_is_a_secret_trick_to_send_gold/,Buttcoin,2026-04-12 20:25:09,0,FAKE,reddit_Buttcoin
Trump aped the apes,,207,0.99,20,https://i.redd.it/tvlt5pgq1hug1.jpeg,Buttcoin,2026-04-11 02:24:42,0,FAKE,reddit_Buttcoin
"""nobody controls bitcoin""","Something i have seen with crypto in general is that it may give the appearance of not being controlled by anybody but in practice that's not actually how it works. It's common for crypto to get forked and i remember seeing one coin that i was thinking about investing into (had in the past only to sell) get forked to what to me seemed like overall worse. 

With altcoins in particular there is often a group or single individual clearly in charge and the rest of the community/cult will simply go along with and support basically everything they do. 

In the case of bitcoin they had some difficulties getting segwit implemented but eventually the establishment there won. 

The establishment also won in the case of etherium where the developers decided that ""code is law"" suddenly didn't apply anymore after one of their pet projects imploded badly due to incompetent coding. 

In both those cases an alt was created with predictable result due to most of the community/cult following the establi",23,0.96,14,https://www.reddit.com/r/Buttcoin/comments/1sib5iu/nobody_controls_bitcoin/,Buttcoin,2026-04-11 06:14:49,0,FAKE,reddit_Buttcoin
INTRINSIC VALUE OF BUTT FLUFF ?,"Wanting to give the scarce 'farts in a jar' community every benefit of the doubt, I thought it was about time someone had a real attempt at intrinsic value. So for fun here is a quick attempt , without spending any more than 20 minutes and about 7 braincells on the piece of dog shit-

Methodology, in lieu of zero cash flow, 0 coupons or 0 dividends, to build out some kind of valuation model, here are the 2 approaches at value;

1. Advertising reach/ Brand reach of that orange ""B"" logo. Thinking about it as a social networking piece of finance device.
2. Forward looking Total addressable market possible- An estimation of the low IQ, low net worth populace on the planet dumb enough to buy the piece of junk with the assumption that they would spend $600 to hodl it for 2 years.

Okay the first one approach. Using Meta as an example of social networking value of each user on the network, bear in mind that Bitcoin has no advertising return built into its model, but will run with the idea tha",3,0.6,45,https://www.reddit.com/r/Buttcoin/comments/1sikviw/intrinsic_value_of_butt_fluff/,Buttcoin,2026-04-11 14:41:14,0,FAKE,reddit_Buttcoin
"""You're still early""","When they say this, it genuinely makes me laugh, like we all saw bitcoin go from 50 cents to 125k and now it's down to 70k but somehow we're still early LOL, like 99% of the internet world knows about buttcoin by now, if they didn't care a few years ago, why would they suddenly care now?

It's also amazing how they all believe that in 5-10 years buttcoin will reach 1 million or even higher and they'll all be able to retire instantly, no other outcome is possible, it's simply we all become rich in 5+ years and nothing else. ",80,0.88,72,https://www.reddit.com/r/Buttcoin/comments/1shtyew/youre_still_early/,Buttcoin,2026-04-10 17:54:28,0,FAKE,reddit_Buttcoin
It was supposed to be against system. What are we supposed to celebrate exactly?,"I mean it was supposed to be the future of finance, the alternative to banks and payment systems. Ponzi king is telling us to celebrate the monetization of the gold rush by the banks.  Banks couldn't care less about Bitcoin. All they care about is the fees that they can extract from their clients 

Capital flows are really stupid to invest in an ""asset"" that doesn't yield anything. On the contrary, it consumes vast resources to mine and transact with no real valuable and tangible output. All this is for an online casino while there are much better alternatives such as derivatives market and  the prediction markets - both of which are gambling and filled with corruption and manipulation but they serve their purpose better than Bitcoin.

I am really curious to see how this circus will end.",144,0.95,66,https://i.redd.it/y51yxnx8y9ug1.png,Buttcoin,2026-04-10 02:31:11,0,FAKE,reddit_Buttcoin
"My 2c on the ""who's Satoshi"" debate: doesn't matter, they're all weird people","I read the NYTimes article by John Carreyrou that supposedly proved, using styleometry and subtle language analysis, that cryptographer Adam Back is Satoshi Nakamoto,  the inventor of Bitcoin. 

And I read a few twitter discussions that theorised that no, it's actually Nick Szabo, or Hal Finney, or Dave Kleiman, Wei Dai or Lee Sassaman, or any other participant of those cryptography mailing lists that are agreed to be the place where Bitcoin was born.

I'd like to argue that it doesn't matter if it was one of them, a group of them or none of them. **They're all smart, but a bit paranoid and crazy.** The ideology behind this invention is questionable, to say the least. 

Some of the suspects are hardcore libertarians, who think that governments are out to get them and actively spy on them. I find it very much exaggerated - most of the time, **your government barely knows or cares that you even exist**. If you're not doing anything illegal, you have no reason to be so paranoid about the ",64,0.87,30,https://www.reddit.com/r/Buttcoin/comments/1sh9cf7/my_2c_on_the_whos_satoshi_debate_doesnt_matter/,Buttcoin,2026-04-10 02:01:45,0,FAKE,reddit_Buttcoin
The lone wolf has been identified,https://finance.yahoo.com/markets/crypto/articles/jpmorgan-identifies-lone-buyer-saving-235827551.html,24,0.85,11,https://www.reddit.com/r/Buttcoin/comments/1shawyf/the_lone_wolf_has_been_identified/,Buttcoin,2026-04-10 03:13:29,0,FAKE,reddit_Buttcoin
"So let’s pretend I’m Satoshi in 2008: ""My nickname is Satoshi, nobody knows who I am and care about me. Nobody knows about Bitcoin and at best this will be a niche. Nobody will ever treat me as a celebrity ever but anyway I will email myself ( my real name to Satoshi) as a cover up"" ????",How stupid does it all sound? ,0,0.25,2,https://www.reddit.com/r/Buttcoin/comments/1sie1u1/so_lets_pretend_im_satoshi_in_2008_my_nickname_is/,Buttcoin,2026-04-11 09:04:46,0,FAKE,reddit_Buttcoin
There are only 21 million Jurassic Park VHS tapes while USA dollars have no limit,"There are only 21 million Jurassic Park VHS Tapes

Each tape is protected by an olographic seal and anti tamper protections embedded in the tape to prevent duplication.

Most Jurassic Park VHS Tapes are lost and inaccessible

Production of Jurassic Park VHS Tapes is almost zero and will keep decreasing as VHS recorders, virgin VHS tapes and original VHS disappear

You can trade Jurassic Park VHS Tapes, it's not a taxable event and the government is none the wiser and cannot prevent it

Meanwhile, USA dollars have no limit and supply is increasing just as the world productivity is increasing

There are 60 millionares in the world, and just 21 million Jurassic Park VHS Tapes. If every millionare wanted one tape, they couldn't get one, placing the price floor well above 1 000 000 $ / VHS Tape.

Currently a single Jurassic Park VHS Tape trades at around 140 $, less than 1/10000 of it's Ape value.

Even further, the whole economy could be retooled to work around trading Jurassic Park VHS Ta",599,0.98,63,https://i.redd.it/79aem0nzo4ug1.jpeg,Buttcoin,2026-04-09 08:57:52,0,FAKE,reddit_Buttcoin
Is it so wrong to dream?,"I just want to start of this discussion with the following disclosure, I am a Bitcoiner seeking honest conversation.

Now I get the argument that Bitcoin is not a productive asset, because its not.

I get the argument that as of now there are very limited options as to where to use Bitcoin in your daily life.

However,
We KNOW that life is getting more expensive for the average person due to inflation. We KNOW that central banks are printing money. We KNOW that this newly printed money benefits the people closest to the printing press i.e. People who are rich and can afford lots of leverage. Essentially inflation is worse the further downstream you get because rich people get to buy assets with borrowed money before the inflation hits. Regular people do not.

Now,
There is a POSSIBILITY, however unlikely, that BTC may be able to upend this situation. Is that not good? Is putting ""sound"" money, here I mean accountable money, back in control not good so we can finally take the economy ba",0,0.18,107,https://www.reddit.com/r/Buttcoin/comments/1si8d10/is_it_so_wrong_to_dream/,Buttcoin,2026-04-11 03:47:10,0,FAKE,reddit_Buttcoin
Plausible?,"Senior NYT journalist, who first reported in Homes Theronos scam, is confident he has identified Satoshi.

https://youtu.be/7RlaC9ZJNtA?si=8RNkB9Vgz0hWbuqB",11,0.66,29,https://www.reddit.com/r/Buttcoin/comments/1sgsyb3/plausible/,Buttcoin,2026-04-09 15:31:13,0,FAKE,reddit_Buttcoin
New Evidence Links Argentinean President Milei to $LIBRA Fraud,,127,0.98,7,https://www.telesurenglish.net/new-evidence-argentina-milei-libra-fraud/,Buttcoin,2026-04-08 22:14:41,0,FAKE,reddit_Buttcoin
Straight of Homuz,"As Iran accept bitcoin they have to cash it out , now cashing it out in the US and moving the money is going to add some launder.

They could cash it out at their own exchange, but if it suddenly drops they are paying themselves with their own money.

Now with all this complicated horse trading, and oil staying high, and business frozen is say we have the correct ingredients for a recession , which in turn will lower bitcoin price .

the good thing is that the Americans can take the focus off AI and make it about oil and energy, which impacts AI as well 

Bitcoin has a use case, war never changes ",0,0.18,25,https://www.reddit.com/r/Buttcoin/comments/1shnpoc/straight_of_homuz/,Buttcoin,2026-04-10 14:12:36,0,FAKE,reddit_Buttcoin
Buttcoiners unironically celebrate how Iran's choice of crypto for strait passage extortion finally proves a use case for bitcoin,"""Their home country might not want them spending millions of dollars to a regressive terrorist state? Well now with bitcoin that's possible! What a technological achievement!""",228,0.93,66,https://i.redd.it/snd0y814tztg1.png,Buttcoin,2026-04-08 16:26:30,0,FAKE,reddit_Buttcoin
Iran demands crypto fees for ships passing Hormuz during ceasefire,,153,0.97,45,https://www.ft.com/content/02aefac4-ea62-48db-9326-c0da373b11b8?syn-25a6b1a6=1,Buttcoin,2026-04-08 13:47:31,0,FAKE,reddit_Buttcoin
Trump’s WLFI borrowed its own stablecoin from its own lending pool and locked depositors out,"WLFI used its own governance token as collateral, on a platform tied to its own leadership, to borrow its own stablecoin from a pool funded by outside depositors.

That then exhausted liquidity and left depositors unable to withdraw. The proceeds then moved through institutional custody channels.

The system working as designed.

https://open.substack.com/pub/wlfireside/p/borrower-of-last-resort",59,0.97,8,https://www.reddit.com/r/Buttcoin/comments/1sg1nqa/trumps_wlfi_borrowed_its_own_stablecoin_from_its/,Buttcoin,2026-04-08 18:44:32,0,FAKE,reddit_Buttcoin
2 years long investigation by NYT's John Carreyrou concludes that Adam back is Satoshi,,326,0.91,190,https://archive.is/iRBng,Buttcoin,2026-04-08 08:38:18,0,FAKE,reddit_Buttcoin
Crypto Fraud Losses Top $11bn in 2025: FBI Report,"At this point it’s hard to ignore that crypto isn’t just adjacent to these scams, it’s becoming the preferred rail for them. The combination of irreversible transactions and pseudonymity makes it structurally attractive once victims are convinced to move funds. [Crypto Fraud Losses Top $11bn in 2025: FBI Report](https://www.sandmark.com/news/top-news/crypto-fraud-losses-top-11bn-2025-fbi-report?utm_medium=referral&amp;utm_source=redbot&amp;utm_campaign=redbot-ww-en-brand) Crypto-related fraud in the US reached $11.4bn in 2025, with most losses coming from investment scams using digital assets. These often involve long-running schemes where victims are guided into fake platforms before being drained. Despite enforcement efforts, crypto’s structure makes funds harder to trace and recover.

What stands out is how repeatable the model has become. These aren’t edge cases, but scalable systems targeting specific demographics over time. Enforcement actions look large in absolute terms, but st",41,1.0,6,https://www.reddit.com/r/Buttcoin/comments/1sft5w2/crypto_fraud_losses_top_11bn_in_2025_fbi_report/,Buttcoin,2026-04-08 13:40:13,0,FAKE,reddit_Buttcoin
"Today's r-bitcoin front page c0pe: Bitcoin provides ""mathematical certainty"" in a fake, uncertain world!",,33,0.9,118,https://i.redd.it/oiletonxuytg1.png,Buttcoin,2026-04-08 13:13:52,0,FAKE,reddit_Buttcoin
Is my understanding of MSTR’s BTC strategy correct?,"The core strategy of Strategy is : buying BTC and price appreciation.

A) By buying BTC, it creates scarcity, which theoretically pushes the BTC price up.

B) When the BTC price goes up, MSTR’s share price also rises.

C) When MSTR’s share price increases, the company sells shares through “at-the-market” (ATM) equity offerings (which dilutes existing shareholders) to raise cash. This cash is then used to pay dividends for STRC, STRD, STRK, and STRF.

D) Cash from issuing STRC, STRD, STRK, and STRF is used to purchase more BTC.

E) Repeat from Step A as much as possible. **In theory :** BTC price will skyrocket and we will get dividends continuously



Am I right? But wouldn’t MSTR shareholders be concerned about share dilution?",39,0.93,21,https://www.reddit.com/r/Buttcoin/comments/1sfmcet/is_my_understanding_of_mstrs_btc_strategy_correct/,Buttcoin,2026-04-08 07:50:49,0,FAKE,reddit_Buttcoin
Zondacrypto scam,,3,0.57,10,https://i.redd.it/ovij376nw0ug1.jpeg,Buttcoin,2026-04-08 20:07:03,0,FAKE,reddit_Buttcoin
How crypto ix a hybrid between ponzi and MLM,"I remember missing out on big price increases of various scammy crypto coins i considered buying so i had to ask myself what i was missing and the answer was obvious. I underestimated the potential various crypto projects had as a giant ponzi-like scheme with MLM elements. 

The people who are already invested into some crypto project often collectively benefit from having more people join and this creates a pressure to recruit even if the individual benefit isn't that significant. Furthermore people might recruit their friends/family into it thinking it's some great opportunity for them (when it's often the exact opposite of that). 

The underlying technology only needs to be good enough to allow payments at enough scale to maintain the scheme. There is no actual need for it to be practical as an actual replacement for government money, it's enough that people think it will be practical for that (well some people at least). 

While initially many pushers of crypto were libertarians wh",9,0.91,10,https://www.reddit.com/r/Buttcoin/comments/1sfnz7r/how_crypto_ix_a_hybrid_between_ponzi_and_mlm/,Buttcoin,2026-04-08 09:30:48,0,FAKE,reddit_Buttcoin
bitcoin minors?,,0,0.23,8,https://i.redd.it/0e0ndycq82ug1.jpeg,Buttcoin,2026-04-09 00:35:49,0,FAKE,reddit_Buttcoin
"This sub is not smart enough to understand the ""strategy"" of butt (coin) Lord Saylor","Point 1.) Every investment but MSTR loses purchasing power to inflation. Fiat in MSTR grows in value the more that fiat is less valuable.

Point 2.) Fiat will go to zero and BTC will go to infinity. When dollars are essentially worthless MSTR will be worth an insane amount of worthless dollars.

Point 3.) Scarcity and value are the same thing. The Vaquita is the rarest animal on earth and farts through its blow hole. If those farts could be harvested and stored as an investment they would be the rarest/ most valuable thing on the planet.

Point 4.) Saylor knows if your are HODL or have been disloyal. Currently the person with the most money to invest in buttcoin has that money from buying buttcoin puts. But if that person tries to put their dirty fiat in MSTR Saylor will find them and devalue their shares.

Point 5.) Return rates from the last 15 years apply to debt issued today. Buttcoin went up so much that gains from the last decade will easily pay for interest on any and all debt e",48,0.91,32,https://www.reddit.com/r/Buttcoin/comments/1sercte/this_sub_is_not_smart_enough_to_understand_the/,Buttcoin,2026-04-07 09:45:12,0,FAKE,reddit_Buttcoin
Buttcorn will save the world,"There are already millions of people that use butts, any day now...

I mean apart from illicit activities, there are whole cities that use butts only, like that tiny buttcorn city in south america that sell overpriced items to american tourists, and then immediately convert butts back to fiat because butts are completely useless to them, wait, nevermind, bad example,

Still there are billions of usecases for buttcoin, i read it on the bitcoin sub, I just can't seem to find a single person on earth that uses it yet, any day now though!",22,0.89,8,https://www.reddit.com/r/Buttcoin/comments/1seuvxe/buttcorn_will_save_the_world/,Buttcoin,2026-04-07 12:43:00,0,FAKE,reddit_Buttcoin
"Be your own bank, few.",,120,0.96,63,https://i.redd.it/0q6miwuaqntg1.jpeg,Buttcoin,2026-04-06 23:47:31,0,FAKE,reddit_Buttcoin
Canada Pension Plan invests in Microstrategy.,"I feel sorry for all the ""No-COINERs"" here....

In 2040, when Bitcoin reaches 40 million per coin, you will still be claim ...""It's Tulips, a scam, a ponzi"".

All the BiG Banks, Hedge Funds, now Pension Funds, and soon to be Sovereign Wealth Funds, will be seeking ""Yield"" in instruments outside the U.S Treasury Markets....

We are talking 400-500 Trillion  dollars in Cash that will be looking for ""Yield"".

One of the largest Public  Pension  Plans in the World invested in Microstrategy, in October of 2025. The fund is worth 142 Billion...

These are professional money managers with decades of experience, and they KNOW, that it's more dangerous NOT to own  Bitcoin, then to Own it.

https://cryptorank.io/news/feed/93778-cppib-opens-a-new-strategy-position",0,0.13,9,https://www.reddit.com/r/Buttcoin/comments/1sfrw8q/canada_pension_plan_invests_in_microstrategy/,Buttcoin,2026-04-08 12:49:16,0,FAKE,reddit_Buttcoin
"Almost there, diluting shareholder value to 800,000 BTC.","Just dilute a bit more, and MSTR will reach 800,000 BTCs.

What is the end point again?

It is not like growth or dividend stocks where either the price goes up or investors receive dividends. BTC is the most unproductive ""investment"" in the market now.

Will Saylor lend his Bitcoin out to degen gamblers for derivatives trading? ",128,0.96,71,https://i.redd.it/hqxisaxpfktg1.png,Buttcoin,2026-04-06 12:42:48,0,FAKE,reddit_Buttcoin
Someone at buttcoin just sold their house...,"to fund their purchase of 5 btc in hopes of it rising to 120k... and the comments are praising them for making a good decision. I mean who needs a roof over their head when you can rent and watch a digital currency flop instead.

",158,0.95,48,https://www.reddit.com/r/Buttcoin/comments/1sdrnv9/someone_at_buttcoin_just_sold_their_house/,Buttcoin,2026-04-06 07:04:19,0,FAKE,reddit_Buttcoin
The fact that people read Fortune and Finance Magazine is hilarious,"The vast majority of public facing financial media content is pure advertisement.  Here is a fun example.  Fortune magazine's most innovative company from 1996 to 2001 was Enron.  It was the most innovative company in the world up until the moment it declared bankruptcy.  Anyway, I am sure they are doing great reporting on crypto.  i am gonna go not worry about my s&amp;p 500 index fund now.   ",34,0.95,30,https://www.reddit.com/r/Buttcoin/comments/1se1nji/the_fact_that_people_read_fortune_and_finance/,Buttcoin,2026-04-06 15:12:39,0,FAKE,reddit_Buttcoin
Its not a ponzy,"The Ponzi label doesn't really fit here. A Ponzi scheme relies on a central leader faking returns and hiding the books. Bitcoin is the opposite—it's open-source, decentralized, and every single transaction is public. Calling it a 'greater fool' play ignores the actual utility: it’s the first time in history we’ve had a global, permissionless payment rail with a hard-capped supply. If you think that has zero value, you’re basically saying censorship-resistance and digital scarcity aren't 'use cases,' which is a pretty narrow view of finance. By that logic, is Gold a Ponzi too? Gold's industrial use is tiny compared to its market cap. Most of its value comes from the collective agreement that it’s a good place to store wealth because it’s scarce and durable. Bitcoin is just the digital version of that. It’s easier to send, harder to seize, and even scarcer than gold. It’s not about 'finding a bigger fool,' it’s about people opting out of inflationary fiat currencies into a system governe",0,0.15,69,https://www.reddit.com/r/Buttcoin/comments/1sfbn7p/its_not_a_ponzy/,Buttcoin,2026-04-07 23:00:48,0,FAKE,reddit_Buttcoin
The future of fucking finance! lmao,"""not your keys not your coins! unless you mess up somehow. then not your coins! supply crunch for the rest of us!""",112,0.94,31,https://www.reddit.com/gallery/1sdls2k,Buttcoin,2026-04-06 01:56:55,0,FAKE,reddit_Buttcoin
Back to work: destroying shareholder value,"Strategy's average purchase price is \~$76K.     IF Strategy had just systematically (uniformly and evenly)  purchased bitcoin over this time period (Aug 11, 2020 to April 4, 2026), the average purchase price would have been \~$36K.  

In other words, if Saylor had not tried to market time (which he is really bad at) and just DCA's,  Strategy would be sitting on a large MTM gain.  Instead, they are sitting on a large multibillion MTM loss.

Please send this guy another $42 billion, so he can get back to work and destroy more shareholder value.

",216,0.96,54,https://i.redd.it/3ha1dsyg4ftg1.png,Buttcoin,2026-04-05 18:57:50,0,FAKE,reddit_Buttcoin
Why would it be the best buy opportunity if there is no interest to buy your worthless bags?,"No matter what happens, it is always a good time to stack sats.

The price of Bitcoin drops, keep stacking sats, it is a buying opportunity

The price goes up, we are going to the moon, keep stacking sats.

Nobody is interested in becoming the bag holder, buying opportunity. Keep stacking sats.

I am wondering when would it be a bad time to keep stacking sats?",79,0.93,18,https://i.redd.it/ebyx8lvyhdtg1.png,Buttcoin,2026-04-05 13:22:56,0,FAKE,reddit_Buttcoin
Get your Bitcoin Recruiting kit today! Only 5.99 at an NFT store near you,,94,0.97,16,https://i.redd.it/uhf3tgd3abtg1.png,Buttcoin,2026-04-05 05:56:35,0,FAKE,reddit_Buttcoin
Bitcoin is a type of insurance,,47,0.91,46,https://i.redd.it/4x2297zgd9tg1.png,Buttcoin,2026-04-04 23:31:52,0,FAKE,reddit_Buttcoin
"Today's front page r-bitcoin c0pe: ""Is it a good time to buy Bitcoin?""",,24,0.91,12,https://i.redd.it/bcplowm4datg1.png,Buttcoin,2026-04-05 02:51:22,0,FAKE,reddit_Buttcoin
What is the end goal for Mr glow eyes buttcoin lord?,"So the brilliant strategy is: borrow money to buy more buttcoins. Then what? surely for this to be feasible number must go up. 

but what about when it doesn't? 5 years is a not insignificant timescale, and coinbutt hasn't done shit for 5 years, in fact it's basically under inflation. Microshitergy's average purchase price is above buttcoins alleged ""value"". 

so what is the plan? everyone keeps giving mr glow eyes more money for some reason to infinity, and he just keeps buying butts to do nothing. 

ummmm... something doesn't quite add up. I guess I'm not one of the few who understand.",32,0.9,47,https://www.reddit.com/r/Buttcoin/comments/1scodud/what_is_the_end_goal_for_mr_glow_eyes_buttcoin/,Buttcoin,2026-04-04 23:43:14,0,FAKE,reddit_Buttcoin
TIL the Proof-of-Eyeball-Coin guy's sister is suing him for sexually abusing her from 1997-2006,,300,0.92,104,https://www.independent.co.uk/bulletin/news/sam-altman-lawsuit-abuse-sexual-assault-sister-annie-b2950929.html,Buttcoin,2026-04-04 05:00:12,0,FAKE,reddit_Buttcoin
"If USA had adopted the bitcoin by now, they would be unable to fund the war against Iran.",also they could turn it back into energy to fix the oil crisis that's going on. has anyone thought about why the USA hasn't done this by now?,53,0.82,37,https://www.reddit.com/r/Buttcoin/comments/1sc8rfj/if_usa_had_adopted_the_bitcoin_by_now_they_would/,Buttcoin,2026-04-04 13:05:30,0,FAKE,reddit_Buttcoin
I bet Neil and Buzz never had to deal with this,,85,0.95,6,https://i.redd.it/92nzqhuw53tg1.png,Buttcoin,2026-04-04 02:38:47,0,FAKE,reddit_Buttcoin
Universal Orlando chose a great name for their new resort. Think they will invite Do Kwon?,,4,0.61,2,https://www.universalorlando.com/web/en/us/places-to-stay/universal-terra-luna-resort,Buttcoin,2026-04-04 01:48:56,0,FAKE,reddit_Buttcoin
An alternative approach to widening the rainbow,Just cramp years closer together,56,0.84,27,https://i.redd.it/ojz353cm2zsg1.jpeg,Buttcoin,2026-04-03 12:51:58,0,FAKE,reddit_Buttcoin
"""The most you could lose is 100% of your money""",Is that it? Sounds good. 😆😂🤣😄,381,0.99,92,https://i.redd.it/y1e1sta4fusg1.png,Buttcoin,2026-04-02 21:15:06,0,FAKE,reddit_Buttcoin
wins,"2020 -2026 Bitcoin +812% 

2020 -2026 S&amp;P 500 +125%  

Ayyy lmaooo ",0,0.12,20,https://www.reddit.com/r/Buttcoin/comments/1scl146/wins/,Buttcoin,2026-04-04 21:17:58,0,FAKE,reddit_Buttcoin
From my favorite channel I found a work that is worth next year Nobel Price in economics,"the reading is entertaining , but if you don't want to read it all all give you a summary: Bitcoin floor price never get breached and increases 30% a year , so as long as you spend less then a fraction of the floor you'll be a millionaire.

my apologies for misspelling the title but I can't fix it :-(",25,0.86,12,https://www.reddit.com/gallery/1sb5a8k,Buttcoin,2026-04-03 05:55:01,0,FAKE,reddit_Buttcoin
"Adjusts income for inflation, leaves rent in nominal dollars. Non-stop content machine for buttcoin",,93,0.81,59,https://i.redd.it/r8g21he7uusg1.png,Buttcoin,2026-04-02 22:37:44,0,FAKE,reddit_Buttcoin
Question for bitcoiners: what does bitcoin buy you the right to?,"Some things have intrinsic value. If I have a house, I have a house.

Other things buy you a right that you can exercise. Physical cash gives you the right to clear your tax bill so that the government won't imprison you for not paying it. The same goes for money electronically stored in bank accounts. Additionally of course it is accepted by most retailers in return for goods and services.

Stocks give you rights to a share in the control of a business and generally rights to a dividend if one is declared.

A bond issued by a government or company gives you a right to a certain income stream for a certain period of time.

But what does bitcoin buy you the right to? Who can you approach and say ""You must do X for me, in return for my bitcoin""?",9,0.68,53,https://www.reddit.com/r/Buttcoin/comments/1sb94th/question_for_bitcoiners_what_does_bitcoin_buy_you/,Buttcoin,2026-04-03 09:47:09,0,FAKE,reddit_Buttcoin
"Mislead investors how, Michael?","Super misleading post by saylor moon.

1. Notice that MSTR  is not on this list as it has a negative sharpe ratio (roughly -0.7)

2. This is a very apple's to oranges comparison.   STRC is engineered to trade close to par ( meaning it has little or less volatility, which is the denominator of the sharpe ratio)  , while the return is the 11.5% dividend yield (which is the numerator)

  
3. By way of comparison, super safe  vbil and sgov ( 1 to 3 month US  treasuries) have a sharpe ratio of roughly 0.3)



  
",108,0.97,33,https://i.redd.it/oeb7hzzvdtsg1.jpeg,Buttcoin,2026-04-02 17:51:43,0,FAKE,reddit_Buttcoin
$285 Million Drained From Solana's Biggest DEX. The Team Had to Clarify It Was Not an April Fools Joke,,177,0.99,20,https://dailycoinpost.com/drift-protocol-285-million-solana-april-fools-2026/,Buttcoin,2026-04-02 09:24:35,0,FAKE,reddit_Buttcoin
Butthurt Buttcoin Mod’s Quantum Cope,I tried posting about Google’s quantum computer memo. They cant handle reality. Im proud. ,80,0.92,42,https://i.redd.it/huozujp2irsg1.jpeg,Buttcoin,2026-04-02 11:24:20,0,FAKE,reddit_Buttcoin
False flag insider trading has become lucrative — for traders and crypto prediction market exchanges.,,30,0.98,3,https://www.theverge.com/business/905466/polymarket-kalshi-sponsored-content-insider-trading-x-influencers?view_token=eyJhbGciOiJIUzI1NiJ9.eyJpZCI6IkhwaVpuTlV4RzUiLCJwIjoiL2J1c2luZXNzLzkwNTQ2Ni9wb2x5bWFya2V0LWthbHNoaS1zcG9uc29yZWQtY29udGVudC1pbnNpZGVyLXRyYWRpbmcteC1pbmZsdWVuY2VycyIsImV4cCI6MTc3NTU2Mzg2NSwiaWF0IjoxNzc1MTMxODY1fQ.cA-6cysl7eJrWuwG4peqyn7JlqV_WSMkkN_MTqztVSg&amp;utm_medium=gift-link,Buttcoin,2026-04-02 14:02:42,0,FAKE,reddit_Buttcoin
A question from a dirty Buttcoiner,"I know. I know it’s fun to trash each other sometimes. I come in peace. 

I am interested in what a future financial system could look like. Normally, this is code for “I want control”, but I do mean it in what I hope is an altruistic way. I am excited by the thought of a system that allows for global cooperation. 

I’m fairly sure, after a lot of work in the area, that bitcoin and its technology is the way forward. I know you have a lot of prepared info for why this probably isn’t the case. It’s just based on my experience and my work. 

My question is about the current financial system. It’s too simplistic to ask someone whether they think it is “good” or “bad”. It’s more a question of whether preserving the current system, even acknowledging all of its faults, is preferable to a system based on bitcoin. 

Of course, adopting an unknown system comes with a lot of risks, and there will be a lot of painful transition, but this is true of any innovation. 

Normally, an economy only unde",0,0.14,71,https://www.reddit.com/r/Buttcoin/comments/1sbkjp5/a_question_from_a_dirty_buttcoiner/,Buttcoin,2026-04-03 17:48:59,0,FAKE,reddit_Buttcoin
MSTR did not buy any bitcoin last week,"For the first time in 13 weeks, Strategy / Saylor did NOT buy any bitcoin.

Big cash dividend payable on 3/31..

It would appear they are low on cash as they are trying to raise $42 Billion.

  
Investors? Possibly You!",85,0.96,24,https://www.reddit.com/gallery/1sa5iav,Buttcoin,2026-04-02 02:48:59,0,FAKE,reddit_Buttcoin
"Today's front page r-bitcoin c0pe: ""While everyone else is panicking, would you mind giving me money? Future you will appreciate it.""",,29,0.97,11,https://i.redd.it/98cmoxc5spsg1.png,Buttcoin,2026-04-02 05:39:36,0,FAKE,reddit_Buttcoin
Crypto Bros use beloved tortoise to attempt con. This is good for crypto.,"https://www.yahoo.com/news/articles/worlds-oldest-known-land-animal-200627628.html

Fake vet account on Twitter was asking for donations.",21,0.97,1,https://www.reddit.com/r/Buttcoin/comments/1sa4e1o/crypto_bros_use_beloved_tortoise_to_attempt_con/,Buttcoin,2026-04-02 01:58:49,0,FAKE,reddit_Buttcoin
Google Says a Quantum Computer Could Crack Bitcoin in 9 Minutes. Here Is What That Number Actually Means,,154,0.92,37,https://dailycoinpost.com/google-quantum-bitcoin-crack-9-minutes-2026/,Buttcoin,2026-04-01 13:31:27,0,FAKE,reddit_Buttcoin
I’ve decided to full port Bitcoin,"I listened to Mr. Saylors advice and studied Bitcoin without respite for many moons. I get it now and thank god, I’m still early. I don’t even think Triple Maxies are going far enough. I’ve been selling off non essential organs and plasma to buy more BTC.  I used to be active in the sub, but learned the error in my ways once I understood the fundamentals of this asset.

April fools",52,0.91,14,https://www.reddit.com/r/Buttcoin/comments/1s9q532/ive_decided_to_full_port_bitcoin/,Buttcoin,2026-04-01 16:51:00,0,FAKE,reddit_Buttcoin
Today's r-bitcoin front page c0pe: Bitcoin solves the Strait of Hormuz problem!,,78,0.98,38,https://i.redd.it/g6ecsg72alsg1.png,Buttcoin,2026-04-01 14:29:18,0,FAKE,reddit_Buttcoin
Price of Eggs by Carsie Blanton and The Burning Hell,Wait for it.. ,9,0.85,0,https://www.youtube.com/watch?v=ZhCi_AssQMg,Buttcoin,2026-04-01 21:51:58,0,FAKE,reddit_Buttcoin
A modest proposal: solving the energy crisis by wasting more of it on Bitcoin,"If Bitcoin is ""stored energy,"" then clearly the rational response to an energy shortage is to store more of it by burning it faster. 

It is a melancholy thing to observe power plants producing electricity that is merely used for heating homes, running hospitals, or other such low yield activities, rather than being safely sequestered inside cryptographic hashes.

This misallocation has become intolerable. At a time when global energy markets are under strain, we continue to consume energy for direct human benefit instead of converting it into its highest and most refined form, a string of numbers that proves someone, somewhere, burned a great deal of electricity.

Advocates of Bitcoin have argued that it is not merely money, but stored energy. If this is true, then the present crisis is not one of scarcity, but of under storage.

I therefore propose that we increase global energy security by doubling, or preferably tripling, the amount of energy wasted on proof of work mining.

This w",25,0.94,9,https://www.reddit.com/r/Buttcoin/comments/1s9phq1/a_modest_proposal_solving_the_energy_crisis_by/,Buttcoin,2026-04-01 16:28:08,0,FAKE,reddit_Buttcoin
I love this episode,,213,0.95,34,https://i.redd.it/4us56f76shsg1.jpeg,Buttcoin,2026-04-01 02:43:09,0,FAKE,reddit_Buttcoin
Google is basically saying: “We’ve cut the quantum resources needed to break Bitcoin’s encryption by 20x. We can now break it. We can prove it. We’re just not going to tell you how.,,289,0.89,96,https://www.reddit.com/gallery/1s95lje,Buttcoin,2026-04-01 00:47:01,0,FAKE,reddit_Buttcoin
How bad are you when this guy calls for your arrest?,,644,0.98,31,https://i.redd.it/oa9xt0nt5esg1.png,Buttcoin,2026-03-31 14:33:55,0,FAKE,reddit_Buttcoin
My face when I'm lying,Semi-sober Saylor is boring me. He was a lot funnier when he did all of his interviews completely geeked up. ,128,0.95,51,https://v.redd.it/gzx9t681xfsg1,Buttcoin,2026-03-31 20:29:04,0,FAKE,reddit_Buttcoin
r\Kindergarten: Bitcoinsaurus is preparing for Upril!,"https://preview.redd.it/o90x1zy9jisg1.png?width=829&amp;format=png&amp;auto=webp&amp;s=54256b70d2e7be2433fdf9d33f986bf8492770be

",12,0.78,7,https://www.reddit.com/r/Buttcoin/comments/1s9bd5k/rkindergarten_bitcoinsaurus_is_preparing_for_upril/,Buttcoin,2026-04-01 05:17:02,0,FAKE,reddit_Buttcoin
"Tether's ""gold-backed"" infinite money glitch.",,127,0.98,38,https://i.redd.it/uckmrvbuxesg1.png,Buttcoin,2026-03-31 17:10:19,0,FAKE,reddit_Buttcoin
"Remember when ""It's Happening"" was a meme made to mock people who thought Ron Paul would win the Presidency? Butter Clickbait Champion Billy Bambrough remembers.",,44,0.96,14,https://i.redd.it/snii9g16cesg1.png,Buttcoin,2026-03-31 15:10:51,0,FAKE,reddit_Buttcoin
"Today's r-bitcoin front page c0pe: Remember kids, drops are ""buying opportunities!""",,25,0.84,13,https://i.redd.it/v9eewjq6cesg1.png,Buttcoin,2026-03-31 15:08:58,0,FAKE,reddit_Buttcoin
"Pay dividends how, Michael?","bitcoin only needs to go up 2% a year... and STRC can pay 11.5% dividends per year.

Forever.

If a company earns a 2% annual return on its capital but pays out a fixed 11.5% dividend every year, it is liquidating itself.

The company can sustain the full 11.5% dividend for 9 years. By the 10th year, the remaining capital will no longer be sufficient to cover the full payment.",107,0.96,36,https://m.youtube.com/watch?v=cxIoduh4_eU&amp;t=131s,Buttcoin,2026-03-31 06:39:13,0,FAKE,reddit_Buttcoin
MSTR getting more aggressive with campaigns - you can live a comfy life funded by other ponzi participants.,"I mean why not?

This 11.5 percent is coming from very very productive business lines anyways such as raising money and paying dividends. RIGHT? RIGHT?

There is nothing to worry about as this looks very UNsustainable.

 

What can go wrong as long as the money flows is enough to cover what is going out. 

What if though it can't? Is it worth going all in with the life savings into this ponzi?",214,0.97,66,https://v.redd.it/d2fbwu4ql9sg1,Buttcoin,2026-03-30 23:12:44,0,FAKE,reddit_Buttcoin
"DAVID BAILEY'S ""NAKAMOTO"" DAT REPORTS $20M BTC SALE AT $70,422, BELOW $118,171 AVG COST: FILING",,17,0.84,6,https://x.com/AggrNews/status/2038743832179651022?s=20,Buttcoin,2026-03-31 12:35:32,0,FAKE,reddit_Buttcoin
Why is Google Quantum defending crypto?,They seem to want to give crypto time to adjust before quantum becomes mainstream. Why don’t they just hack Satoshi’s wallet and be done with it? ,20,0.83,20,https://research.google/blog/safeguarding-cryptocurrency-by-disclosing-quantum-vulnerabilities-responsibly/,Buttcoin,2026-03-31 11:52:04,0,FAKE,reddit_Buttcoin
David MacWilliam's on Bitcoin,"If you have some time, worth a listen if you have a drive, dinner on site, or need to fill some time.

[Why Did Bitcoin Crash Again? The Scam That’s Been Around Since Dante](https://podcasts.apple.com/au/podcast/why-did-bitcoin-crash-again-the-scam-thats-been/id1462649946?i=1000748937226)",5,0.86,10,https://www.reddit.com/r/Buttcoin/comments/1s8vqgv/david_macwilliams_on_bitcoin/,Buttcoin,2026-03-31 18:28:40,0,FAKE,reddit_Buttcoin
Great news: You can now retire safely by investing in a ponzi scheme. No need for social security anymore.,"Wow. 

Instead of patiently investing in the stock market by buying ownership of companies that produce actual goods and services, we can just invest in Saylor's ponzi to have much more income. STRC does not generate any cash flows and income except diluting the shares more and more. There are no real products and services and everything is based on the decentralized spreadsheet speculative mania continuing forever. What could go wrong? Where will the money come from in the long run?

What a brilliant idea to tie Gen Z's future into this. Gen Z is so lucky to have Saylor. The guy is running a ponzi greater than Madoff, at least in terms of financial engineering and creativity and he is doing it wild in the open.  He also has a great track record of cooking books. 

We will see how this plays out.",80,0.93,20,https://i.redd.it/spdq7xotp7sg1.png,Buttcoin,2026-03-30 16:52:09,0,FAKE,reddit_Buttcoin
Bitcoin (BTC) is a scam based on the greater fool theory,"Bitcoin is practically useless; it relies purely on the next person buying in. Many people and influencers have been hired and paid to shill the dream to young or financially desperate people with the misleading message that they can become millionaires in a very short amount of time. It encourages them to skip hard work and avoid investing in valuable assets with real intrinsic value or purpose.

The fact is, these young and desperate people are very easy to manipulate given their lack of knowledge and experience, or their desperation to pull themselves out of poverty. Yes, I’ll admit some people made a lot of money from Bitcoin, but without those ""success stories,"" it wouldn't be possible for Bitcoin to continue existing or selling the dream to others today. What I’m saying is that it’s been perfectly orchestrated over time; now, Bitcoin will probably just remain a dream-selling asset that only benefits those who have already made their millions.",169,0.93,93,https://www.reddit.com/r/Buttcoin/comments/1s7j8li/bitcoin_btc_is_a_scam_based_on_the_greater_fool/,Buttcoin,2026-03-30 06:50:55,0,FAKE,reddit_Buttcoin
Today's r-bitcoin front page c0pe: A Double Feature False Dichotomy Stacker + Bitcoin Fixes Wage Slavery!,,28,0.94,14,https://i.redd.it/0o722bv2d7sg1.png,Buttcoin,2026-03-30 15:41:58,0,FAKE,reddit_Buttcoin
So what is the depeg Threshold?,"USDT looking kind of sus. Especially 2 days after they agreed to the first audit, lol. When is officially a depeg?",9,0.91,5,https://www.reddit.com/r/Buttcoin/comments/1s84ik2/so_what_is_the_depeg_threshold/,Buttcoin,2026-03-30 21:49:51,0,FAKE,reddit_Buttcoin
My take on cryptocurrency and why it will fail,"Greetings folks. I’m new to this sub. Looks like the algorithms may have picked up on my dislike of crypto and recommended this sub. So here is my take on why I believe crypto will fail from perhaps a different perspective.

The Bank Secrecy Act saw many changes following the attacks of September 11 and by 2002 most financial institutions were required to have an adequate AML (Anti Money Laundering) program in place. It was discovered that these operations were wholly funded using laundered money.

It took a devastating terrorist attack to reshape how financial institutions collect information and do business. Know Your Client became mandatory across the board. While financial institutions put up proper guard rails to protect themselves from money laundering, this had an indirect impact on cash. Suddenly it was harder to move cash around without prompting a series of questions about the origin of those funds.  Nevertheless, cash is cash and will never really go away.

This is where I t",21,0.75,29,https://www.reddit.com/r/Buttcoin/comments/1s7woy5/my_take_on_cryptocurrency_and_why_it_will_fail/,Buttcoin,2026-03-30 17:10:15,0,FAKE,reddit_Buttcoin
What’s stopping AI and Quantum Computing from cracking private keys,"At the rate AI and Supercomputers are growing, I feel like it’s safe to say private keys won’t be enough to protect your crypto/Bitcoin 100-200 years from now

This doesn’t seem like long term tech ",0,0.31,25,https://www.reddit.com/r/Buttcoin/comments/1s8ugjd/whats_stopping_ai_and_quantum_computing_from/,Buttcoin,2026-03-31 17:44:01,0,FAKE,reddit_Buttcoin
"19,000 MSTR shares til 2029","I’ve been following the MSTR sub for a long time now and could never quite figure out why everyone there was so bullish on MSTR.

Then I came across this post today and it all finally made sense. Now I fully get why some people are bullish on MSTR.

They are bad at math.",38,0.97,10,https://www.reddit.com/r/Buttcoin/comments/1s7p7b9/19000_mstr_shares_til_2029/,Buttcoin,2026-03-30 12:30:41,0,FAKE,reddit_Buttcoin
Down vote me to oblivion...,"I find this sub amusing. Thanks for the laughs everyone. With that said, we can all agree BTC is MAYBE as useful as a pet rock...but even that's a stretch. But what's the general consensus ​on Monero? I feel like people do need some sort of option for the digital future to circumvent government overreach. I think Monero is intriguing for that use case. It is also a currency that is actually used. Sure maybe more so by criminals for now, but criminals do usually front run good technology to stay ahead of the law (telephone, automobiles, etc.) Thoughts? Bueller? ...Bueller?",0,0.14,34,https://www.reddit.com/r/Buttcoin/comments/1s98tz1/down_vote_me_to_oblivion/,Buttcoin,2026-04-01 03:10:23,0,FAKE,reddit_Buttcoin
Does anyone think Crypto Betting App Polymarket being used by insiders to cash in on an Iran invasion is a good thing?,,112,1.0,37,https://i.redd.it/ml3g34svi3sg1.jpeg,Buttcoin,2026-03-30 02:49:35,0,FAKE,reddit_Buttcoin
Losing 60% of investment better than working multiple jobs to save money bro,,72,0.98,31,https://i.redd.it/gjrhggc2i3sg1.jpeg,Buttcoin,2026-03-30 02:41:32,0,FAKE,reddit_Buttcoin
The Bitcoin rainbow chart has been updated.,,645,0.98,27,https://i.redd.it/zqt2p5fepzrg1.jpeg,Buttcoin,2026-03-29 13:56:53,0,FAKE,reddit_Buttcoin
Bitcoin miners are becoming AI companies and selling their BTC to fund the transition,"&gt;*The average public miner spent $79,995 to produce one bitcoin last quarter. Bitcoin is trading at $70,000. The math doesn't work, so the industry is pivoting to AI, taking on $70 billion in contracts, and liquidating bitcoin treasuries to finance the shift.*

&gt;The bitcoin mining industry is undergoing the most fundamental transformation in its history, and the clearest sign isn't the hashrate or the difficulty adjustments. It's the balance sheets.

&gt;CoinShares' Q1 2026 mining report, published this week, reveals that the weighted average cash cost to produce one bitcoin among publicly listed miners rose to approximately $79,995 in Q4 2025.

&gt;Bitcoin has traded in the $68,000 to $70,000 band, with a CoinDesk report last week estimating losses of **$19,000 per BTC mined**.

&gt;These numbers aren't sustainable, and the industry knows it. The response has been a wholesale pivot toward artificial intelligence infrastructure that is reshaping what these companies actually are.",130,0.97,28,https://www.reddit.com/r/Buttcoin/comments/1s764cc/bitcoin_miners_are_becoming_ai_companies_and/,Buttcoin,2026-03-29 20:32:02,0,FAKE,reddit_Buttcoin
1.5 Million Binance Users’ Data Is for Sale. This Is the Third Time in Three Months,,71,1.0,4,https://dailycoinpost.com/binance-data-leak-1-5-million-users-march-2026/,Buttcoin,2026-03-29 20:15:40,0,FAKE,reddit_Buttcoin
The new hit show “Buttcoin - a coin about nothing” starring Satoshi Seinfeld,,81,0.84,21,https://i.redd.it/2wcoieava1sg1.jpeg,Buttcoin,2026-03-29 19:17:39,0,FAKE,reddit_Buttcoin
Sam Bankman-Fried’s helicopter parents crash into federal court,,305,0.97,51,https://www.citationneeded.news/sam-bankman-frieds-helicopter-parents/,Buttcoin,2026-03-29 00:29:55,0,FAKE,reddit_Buttcoin
This is the video of the top post in the other sub. They are finally accepting that it is all about degen gambling.,"This is the video of the hottest topic there.

The video is funny in one sense and it is true. If you are lucky and bet all on black, there is a slim chance that you can make it. However, there is a survivorship bias. Options is like a lottery ticket in one sense for degen gamblers but options in unregulated exchanges are really dumb. Just like options trading in the stock market, it is very risky.

I am curious though. What happened to the future of finance, hedge against inflation, digital gold narratives? Are we now moving on to the online casino get rich quick scheme?",146,0.95,32,https://v.redd.it/q7hkfnrlfwrg1,Buttcoin,2026-03-29 02:55:16,0,FAKE,reddit_Buttcoin
The energy required for mining one bitcoin in 2025 could power an average home for 59.6 years,,272,0.96,122,https://i.redd.it/y3r5414bbvrg1.jpeg,Buttcoin,2026-03-28 23:09:25,0,FAKE,reddit_Buttcoin
You are stupid if you think bitcoin won’t take you places,,91,0.9,11,https://i.redd.it/marjcbqaqwrg1.jpeg,Buttcoin,2026-03-29 03:55:12,0,FAKE,reddit_Buttcoin
Crypto shills can’t figure out why people hate crypto,Vanity Fair put out an article explaining that there are people who still care about crypto for some strange reason. I stumbled across this video where these geniuses can’t seem to understand why anyone doesn’t like crypto. It’s the future of finance? It’s private? It’s disintermediated? What’s not to like? 20 minutes and I found it somewhat amusing. Enjoy.,27,0.87,4,https://youtu.be/_yBcqVFH9dU?si=_CmxCifBf9yNQJpR,Buttcoin,2026-03-29 08:46:06,0,FAKE,reddit_Buttcoin
idea...,"this is just to vent out an idea i got, its not  promotion as such

but:

Build a clone of storj but rip out the crypto payment part and pay storage nodes in fiat money instead of storj tokens

who would rent out their surplus harddrive space as a storage node ?",0,0.3,23,https://www.reddit.com/r/Buttcoin/comments/1s7kyt6/idea/,Buttcoin,2026-03-30 08:39:54,0,FAKE,reddit_Buttcoin
Finally a use case?,,73,0.95,38,https://i.redd.it/gf5efq0h1trg1.jpeg,Buttcoin,2026-03-28 15:30:43,0,FAKE,reddit_Buttcoin
Past performance guarantees future returns (just always find greater fools),"No sane investor would look at past returns of a single stock and extrapolate that to the future. But somehow Buttcoin investors believe, that these outsized returns will be going on forever!",45,0.95,9,https://i.redd.it/dr9tgfobstrg1.png,Buttcoin,2026-03-28 18:03:04,0,FAKE,reddit_Buttcoin
Finally a use case that makes sense,,1346,0.99,31,https://i.redd.it/9gsxlpzp8nrg1.jpeg,Buttcoin,2026-03-27 20:00:39,0,FAKE,reddit_Buttcoin
Have fun staying poor.,,1125,0.95,228,https://i.redd.it/pz4f4v2n5nrg1.jpeg,Buttcoin,2026-03-27 19:43:23,0,FAKE,reddit_Buttcoin
The answer is that there are other things to invest in other than shitcoin and meme stocks.,,30,0.97,62,https://i.redd.it/2s1v1kn6zsrg1.png,Buttcoin,2026-03-28 15:20:22,0,FAKE,reddit_Buttcoin
"As the price of BTC plummets, Coinbase users hear ""Hotel California"" in their heads...",,191,0.97,113,https://i.redd.it/6kl9fp3uumrg1.png,Buttcoin,2026-03-27 18:43:33,0,FAKE,reddit_Buttcoin
"It’s gambling, greater fool theory, propped up by hype trains.","**-Greater fool theory,** 

how degens don’t understand this I don’t know. Price doesn’t move unless someone buys or sells, its price is only dictated by simple supply and demand economics. Without buyers, its price can plummet, potentially falling to zero.

**-Has some of the worst people in the space,**

Elons a Nazi, gates is in the Epstein files, bezos is a Dr. Evil rip off, Zuckerberg sells your personal information to the lowest bidder. Google and apple creating monopolies locking users into environments to sell their data.

Oh you thought I was talking about bitcoin? Silly degens, this is about everything.

**- “But I invest safely in the s&amp;p 500”**

The magnificent 7 accounts for 30% of the s&amp;p, again you’re investing in these scum companies run by their scum CEOs hoping they don’t bring the system down, you’re not investing, you’re gambling on these people

**- “bitcoin doesn’t produce anything like my stock does”**

Unless it gives dividends, stocks don’t produce any ",0,0.21,50,https://www.reddit.com/r/Buttcoin/comments/1s6u2ss/its_gambling_greater_fool_theory_propped_up_by/,Buttcoin,2026-03-29 12:42:39,0,FAKE,reddit_Buttcoin
Elizabeth Warren Requests Information From MrBeast About Crypto and Children,,74,0.97,9,https://www.nytimes.com/2026/03/23/business/mrbeast-warren-crypto-children.html,Buttcoin,2026-03-27 18:12:31,0,FAKE,reddit_Buttcoin
Questions swirl around US plans for record $15B Prince Group crypto seizure - ICIJ,The US DOJ has been rejecting crypto scam victim claims left and right.,15,1.0,0,https://www.icij.org/investigations/coin-laundry/questions-swirl-around-us-plans-for-record-15b-prince-group-crypto-seizure/,Buttcoin,2026-03-28 00:52:16,0,FAKE,reddit_Buttcoin
Funged,"sorry and delete if its a repost, taken from a fb group. Thought you might enjoy it.",1105,0.99,118,https://i.redd.it/nn35fk3u5hrg1.jpeg,Buttcoin,2026-03-26 23:33:48,0,FAKE,reddit_Buttcoin
"Today's r-bitcoin front page c0pe: BTC crashing is a ""gift!""",,50,0.91,59,https://i.redd.it/myx7plixhlrg1.png,Buttcoin,2026-03-27 14:09:30,0,FAKE,reddit_Buttcoin
I zoomed out again. Up 19% in 5 years. 3.5% p.a.,"https://preview.redd.it/h99bghubmkrg1.png?width=720&amp;format=png&amp;auto=webp&amp;s=475305b7415647c298d820650a2c2368e57b582d

",55,0.82,64,https://www.reddit.com/r/Buttcoin/comments/1s514ee/i_zoomed_out_again_up_19_in_5_years_35_pa/,Buttcoin,2026-03-27 11:12:48,0,FAKE,reddit_Buttcoin
What piece of information/news turned you into a Buttcoiner?,,0,0.36,33,https://www.reddit.com/r/Buttcoin/comments/1s6ac5m/what_piece_of_informationnews_turned_you_into_a/,Buttcoin,2026-03-28 19:58:57,0,FAKE,reddit_Buttcoin
ICE Commits Fresh $600mn to Polymarket in Prediction Market Push,"No surprise to see Intercontinental Exchange putting more money into prediction markets through Polymarket. It looks like traditional exchanges are starting to treat betting on real-world events as a new kind of trading, mainly because it can drive constant activity. But once you break it down, this isn’t really new, just event-based bets now running on crypto rails. As these platforms grow, the usual issues show up, like insider information and fairness, which is why rules are already tightening. It makes you wonder if this is actually something new, or just old financial ideas being repackaged with more risk and less oversight. [ICE Commits Fresh $600mn to Polymarket in Prediction Market Push](https://www.sandmark.com/news/top-news/ice-commits-fresh-600mn-polymarket-prediction-market-push)",21,0.92,8,https://www.reddit.com/r/Buttcoin/comments/1s56h2j/ice_commits_fresh_600mn_to_polymarket_in/,Buttcoin,2026-03-27 14:57:13,0,FAKE,reddit_Buttcoin
"Coinbase smells that sweet, sweet war burning in the middle east and gets total 2007 nostalgia: starts trading subprime home loans ""backed"" by crypto",,130,0.98,20,https://www.reuters.com/technology/crypto-home-coinbase-brings-token-backed-down-payments-housing-market-2026-03-26/,Buttcoin,2026-03-27 04:15:27,0,FAKE,reddit_Buttcoin
Satoshi Would Have Shut Down Bitcoin by Now,,139,0.89,37,https://dailycoinpost.com/satoshi-would-have-shut-down-bitcoin-by-now/,Buttcoin,2026-03-26 21:11:40,0,FAKE,reddit_Buttcoin
This diva,,513,0.98,19,https://i.redd.it/2ar9v3i46erg1.jpeg,Buttcoin,2026-03-26 13:32:10,0,FAKE,reddit_Buttcoin
Casual Finance - Bitcoin Is a Brilliant Scam and I Can Prove It (Again),,100,0.94,23,https://www.youtube.com/watch?v=dPoDyl9Ys38,Buttcoin,2026-03-26 15:01:58,0,FAKE,reddit_Buttcoin
Cagr,Bitcoin 5yr Cagr is a whopping 4.4%. HODL my ass,60,0.87,33,https://i.redd.it/vo0n2a043erg1.jpeg,Buttcoin,2026-03-26 13:13:10,0,FAKE,reddit_Buttcoin
Today's r-bitcoin front page c0pe: 50 years ago there was no such thing as inflation and barbers and waitresses could buy their own homes. Bitcoin fixes this!,,83,0.95,45,https://i.redd.it/gwob7z47x7rg1.png,Buttcoin,2026-03-25 16:30:47,0,FAKE,reddit_Buttcoin
"Butter uses ChatGPT to make inspirational, quasi-religious bitcoin post, forgets to omit ChatGPTs note to him at the end, butters eat it up and feed him upvotes and notes of encouragement.",,289,0.98,35,https://i.redd.it/nkb405yn14rg1.png,Buttcoin,2026-03-25 03:27:27,0,FAKE,reddit_Buttcoin
"Your mind and self, distributed on-chain.","Bitcoin apparently isn't just a (foolish) investment! It's also a (foolish) expansion of the mind and self, on-chain. These butters really are making this a religion...",18,1.0,13,https://i.redd.it/376kastb97rg1.png,Buttcoin,2026-03-25 14:19:04,0,FAKE,reddit_Buttcoin
Investing is Gambling,"I saw a post on here aimed at crypto bros about how they need to realize that ""you have to work"" for your money.

And then espoused a 9-5 grind + passive investment strategy.

The reality is that if you're relying on the stock market for the bulk of your wealth generation this is fundamentally the same frame as any crypto investors. 

It's a difference of degree, but not a difference in kind.

In both cases you want/expect wealth just for passively owning something you did not create. 

This is extractive and unproductive economically and ultimately a form of gambling.

The ""you have to work"" rhetoric rings hollow as a result.

It's not whether you have to work, it's what you work on, and the fraction of the value you produce and the value you receive.

If your work generates no intrinsic value, then getting a salary for it is a great idea.

If your work generates a lot more value then you're paid, then it's not such a great idea to just sit on a day job and try to get 10% yearly retur",0,0.25,124,https://www.reddit.com/r/Buttcoin/comments/1s4ehk3/investing_is_gambling/,Buttcoin,2026-03-26 17:46:10,0,FAKE,reddit_Buttcoin
"I'm a buttcoiner, but I'm thinking about switching sides.","Hi, I hope this post doesn't get banned, I'm just interested in having a discussion.

I think that clearly Bitcoin has no inherent value. There are a hundred different events that could easily send bitcoin to zero. It could slowly trend down forever. 

But on the flip side, as the bitcoiners think, this could be just a bear market, and in some time frame, bitcoin can start rising again, and break its previous ATH.

Bitcoin is in a bear market because currently the entire market is down, and also Bitcoin is completely entrenched in the financial system nowadays.

I find it unlikely that with so many rich people invested in it, they will allow it to go to zero. Even Tether might have gotten lucky with their scam, capitalized of the ridiculous return, and are able to show the regulators solid books. 

I'm thinking of putting 10k into Bitcoin. If I lose it, it's okay. It's not a huge chunk of my new worth. But if the Bitcoiners are right, it could be my best performing asset. 

So in 30 ye",0,0.27,55,https://www.reddit.com/r/Buttcoin/comments/1s40y1s/im_a_buttcoiner_but_im_thinking_about_switching/,Buttcoin,2026-03-26 07:36:38,0,FAKE,reddit_Buttcoin
Circle froze 16 operational business wallets today for a civil case nobody can name. ZachXBT flagged it. This is the 5th time in a year.,"ZachXBT posted this morning that Circle froze the USDC balances of 16 hot wallets belonging to active businesses overnight. Not hackers. Not sanctioned wallets. Active operational businesses processing transactions for users.

He spoke to one of the affected companies directly. They were told it was connected to an ongoing US civil case whose details haven't been disclosed. The businesses include Pepperstone, FXPro, [Goated.com](http://Goated.com), 500 Casino, HeroFx and others. Exchanges, casinos, forex platforms with no apparent connection to each other.

His exact words: ""You fail to protect users during actual incidents yet respond to a request riddled with errors.""

What gets me is this is part of a pattern that keeps getting ignored:

* February 2025: Bybit hack, $1.5B stolen, Lazarus Group funds sitting in USDC addresses ZachXBT flagged publicly. ThorChain, FixedFloat, Coinex, Bitget all moved fast. Circle sat on it.
* July 2025: ZachXBT found North Korean IT workers using USDC ",31,0.9,20,https://i.redd.it/mzif8d7m71rg1.jpeg,Buttcoin,2026-03-24 17:55:50,0,FAKE,reddit_Buttcoin
"Todays r-bitcoin front page c0pe: Jilted lover edition - If you can't handle me at my worst, then you don't deserve me at my best.",,60,0.95,34,https://i.redd.it/fl7154ww40rg1.png,Buttcoin,2026-03-24 14:19:37,0,FAKE,reddit_Buttcoin
Modest assumptions,From your #1 financial advice forum ... wcgw?,216,0.99,43,https://i.redd.it/mv7t4h8iuxqg1.jpeg,Buttcoin,2026-03-24 06:36:27,0,FAKE,reddit_Buttcoin
Why do people buy this crap at all?,,345,0.95,69,https://i.redd.it/rqgvt8t79vqg1.png,Buttcoin,2026-03-23 21:54:42,0,FAKE,reddit_Buttcoin
Ponzi squared is gearing up with more financial engineering. This will definitely end badly.,"Raising more equity to dilute current shareholders to buy a non-productive digital coin that generates no income, no products, no services, nothing. Strategy is the bridge between early adopters and the exit liquidity. It is incredible that people are still falling for this.

BUT BITCOIN IS A SCARCE AND HARD ASSET! 

There are only 21 Million.  /s

This can only end so badly.",123,0.98,47,https://i.redd.it/bysw15yymuqg1.png,Buttcoin,2026-03-23 19:48:51,0,FAKE,reddit_Buttcoin
Polymarket bets on US-Iran ceasefire show signs of insider knowledge,,76,0.97,8,https://www.theguardian.com/us-news/2026/mar/23/bets-us-iran-ceasefire-show-signs-of-insider-knowledge-say-experts-polymarket,Buttcoin,2026-03-23 20:32:38,0,FAKE,reddit_Buttcoin
"Someone Minted $80M in Fake Stablecoins and Converted Them to 9,100 ETH. The Contracts Had Been Audited",,358,0.97,48,https://dailycoinpost.com/resolv-usr-stablecoin-80-million-unauthorized-mint-2026/?referrer=https%3A%2F%2Freddit.com,Buttcoin,2026-03-23 00:36:28,0,FAKE,reddit_Buttcoin
"Uh, Number go up?",,52,0.92,33,https://i.redd.it/op9a1mb9mqqg1.jpeg,Buttcoin,2026-03-23 06:17:45,0,FAKE,reddit_Buttcoin
This idiot really needs a citation.,,71,0.99,37,https://i.redd.it/enh8nq60foqg1.png,Buttcoin,2026-03-22 22:58:35,0,FAKE,reddit_Buttcoin
Butters seem to be getting angry at each other's c0pe headlines,,86,0.97,21,https://i.redd.it/mfkk33cornqg1.png,Buttcoin,2026-03-22 20:44:31,0,FAKE,reddit_Buttcoin
#CryptoBroPriorities,,143,0.98,4,https://i.redd.it/u25wrs58pmqg1.jpeg,Buttcoin,2026-03-22 17:07:30,0,FAKE,reddit_Buttcoin
RealT: Crypto landlord’s real estate model in Detroit is collapsing,"Oh wow, more crypto scams… shocked!",108,1.0,18,https://outliermedia.org/realt-crypto-real-estate-detroit-landlord-property-management/,Buttcoin,2026-03-22 16:25:59,0,FAKE,reddit_Buttcoin
Resolv Labs’ Stablecoin Depegs Amid Exploit,,17,0.96,3,https://cointelegraph.com/news/resolv-labs-stablecoin-depegs-attacker-mints-millions-of-tokens,Buttcoin,2026-03-22 19:38:54,0,FAKE,reddit_Buttcoin
FDIC Excludes Stablecoins from Deposit Insurance,,169,0.99,16,https://phemex.com/news/article/fdic-rules-out-deposit-insurance-for-stablecoin-holders-65873,Buttcoin,2026-03-21 22:18:17,0,FAKE,reddit_Buttcoin
"Today's r-bitcoin front page c0pe: ""Have you seen it?"" Some ""scientist"" says BTC will reach $350k by 2028!",,93,0.96,31,https://i.redd.it/ogn0y8p40fqg1.png,Buttcoin,2026-03-21 15:15:11,0,FAKE,reddit_Buttcoin
Trailer for Ben McKenzie’s new film on how Bitcoin is a Ponzi scheme,,426,0.99,25,https://youtu.be/hEXxAOFqv4U?si=hdBZjfczBYrft01-,Buttcoin,2026-03-20 13:32:25,0,FAKE,reddit_Buttcoin
Ai vs Crypto,"I believe the crypto ,especially BTC right now is competing for infrastructure with AI.  

Would this mean that BTC gets priced out to some extent? Could this be the beginning of the end? 

Or would it be all the same as the network adjusts to the reduction in miners with more reward?
 
Edit - Just to be clear no one would be happier than me if BTC dies, I am not sure how my post reflected that I am pro crypto? 

I asked a simple question to discuss, hoping that Crypto would suffocate under the weight of burgeoning costs of hardware and energy. 

I understand I was wrong on the hardware theory but you guys need to chill the fuck out and not attack every post that doesn't agree with you 100%

I even agreed to some of the comments made and upvoted them. 

What do I get in return? Downvotes and being labelled as Ponzi Schemer. 

My guys, relax a bit, this should not affect us this way. Does it annoy the hell out of me what goes ok in the BTC community? Sure. Do I go and downvote it all? T",0,0.18,30,https://www.reddit.com/r/Buttcoin/comments/1s0g7y6/ai_vs_crypto/,Buttcoin,2026-03-22 08:21:33,0,FAKE,reddit_Buttcoin
"“After extensive discussions with investors, clients, creditors, and other stakeholders, BlockFills has determined that a voluntary chapter 11 filing is the most responsible path forward in order to preserve the value of the business and maximize recoveries for stakeholders,”",,110,0.98,18,https://www.chicagotribune.com/2026/03/17/blockfills-crypto-trading-bankruptcy-blackhawks/,Buttcoin,2026-03-20 15:56:34,0,FAKE,reddit_Buttcoin
Cryptocurrency firms suffer heavy losses in Illinois primaries after spending big,,160,1.0,10,https://www.theguardian.com/technology/2026/mar/19/cryptocurrency-firms-losses-illinois-primaries,Buttcoin,2026-03-20 12:14:35,0,FAKE,reddit_Buttcoin
"Wait, they are still opening Bitcoin Bars?",,43,0.91,25,https://washingtonian.com/2025/12/03/a-huge-bitcoin-bar-and-steakhouse-is-opening-in-dc/,Buttcoin,2026-03-20 17:29:58,0,FAKE,reddit_Buttcoin
Finally a use case! /s,,82,0.92,50,https://i.redd.it/y0vwy7fg06qg1.jpeg,Buttcoin,2026-03-20 08:59:55,0,FAKE,reddit_Buttcoin
Creepto Betting App Polymarket Opens Pop-Up Bar,,11,0.92,2,https://washingtonian.com/2026/03/19/polymarket-is-opening-a-pop-up-bar-at-dcs-proper-21/,Buttcoin,2026-03-20 17:25:03,0,FAKE,reddit_Buttcoin
"How much did they pay Yahoo Finance to post this article? Microstragy, the ponzi over ponzi, as a central bankish institution.","I mean wow. what else are we going to hear next? I am wondering how low can paid shilling go.

Maybe nominating Saylor to become the FED chair because he runs a very successful ponzi for a very long time. What is he missing? Maybe the Secretary of Commerce. Why not? He is as good as  Nutnick in grifting. 

Any other ideas to reward him except coke, hookers, and stupid MSTR shareholder dirty fiat money? 

I AM ALL EARS.",81,0.96,8,https://finance.yahoo.com/news/leading-analysts-reveal-details-microstrategy-191915053.html,Buttcoin,2026-03-20 01:39:26,0,FAKE,reddit_Buttcoin
No problem,,470,0.97,68,https://i.redd.it/o0igab0d2zpg1.jpeg,Buttcoin,2026-03-19 09:49:29,0,FAKE,reddit_Buttcoin
Crypto.com lays off 12% of workforce: Latest company to use AI excuse,,146,0.99,18,https://www.cnbc.com/2026/03/19/crypto-com-layoffs-12percent-ai-job-loss.html,Buttcoin,2026-03-19 15:04:18,0,FAKE,reddit_Buttcoin
Fake Pudgy Penguins phishing page 'plays dead' when it thinks it's being probed to avoid detection,"TLDR: a sophisticated scam website not only disguises itself as a ""legitimate"" NFT game (because butters are easy to fool and have lots of easily-stolen assets), but is able to hide itself from security researchers.",54,0.98,4,https://www.pcgamer.com/hardware/fake-pudgy-penguins-phishing-page-plays-dead-when-it-thinks-its-being-probed-to-avoid-detection/,Buttcoin,2026-03-19 15:55:55,0,FAKE,reddit_Buttcoin
"Today's r-bitcoin front page c0pe: ""Institutional demand"" for Bitcoin is at its highest level since May, 2025, nope, um June, nope, um, July, nope, Sept, nope, wait.. since October 2025!""",,34,1.0,3,https://i.redd.it/hkwj4sx0i0qg1.png,Buttcoin,2026-03-19 14:30:43,0,FAKE,reddit_Buttcoin
The CFA recommends buying bitcoin using credit card debt,,122,0.96,56,https://www.reddit.com/gallery/1rxgz62,Buttcoin,2026-03-18 21:29:58,0,FAKE,reddit_Buttcoin
Today's r-bitcoin front page c0pe: Degen gambling flower grower finds incredibly inefficient way to heat his greenhouse while giving his employees hearing loss and headaches.,,97,0.94,37,https://i.redd.it/wdtovb4zytpg1.png,Buttcoin,2026-03-18 16:32:00,0,FAKE,reddit_Buttcoin
Don’t Let Crypto Kill The Economy,"&gt;Fights about crypto in Washington are hard to understand, but the big fight going on now will impact every American. That’s because it has the potential to significantly reduce the amount of money banks have to make loans and support economic growth, on which income, living standards, and wealth creation depend. This fight will directly impact anyone with a bank credit or debit card, a savings or checking account, or a loan of any type and will impact all Americans because it could result in lower economic growth. That’s because bank products, services, and loans are funded by deposits, and the crypto industry wants to siphon those deposits away from banks. That’ll be bad for big banks, but it has the potential to really cripple community banks, which are critical to Main Street Americans and small businesses across the country.

&gt;While they were late to the fight, banks are finally opposing dangerous policies being pushed by crypto companies. The battle concerns whether crypto ",58,0.94,35,https://bettermarkets.org/analysis/dont-let-crypto-kill-the-economy/,Buttcoin,2026-03-18 18:16:28,0,FAKE,reddit_Buttcoin
Buttcoin cult.,How old are you guys? This sub is one of the funniest sub I’ve seen in a while. Like you guys must be boomers or gen x right? Just curious 🤣,0,0.17,44,https://www.reddit.com/r/Buttcoin/comments/1ryufwj/buttcoin_cult/,Buttcoin,2026-03-20 12:05:44,0,FAKE,reddit_Buttcoin
A company holding 7.5% of Trump’s WLFI has had a lapsed federal compliance identifier since 2020 and almost certainly won’t be fined because the CFTC Chairman attended their private Mar-a-Lago conference last month.,"It’s all public record. We just looked it up.

https://open.substack.com/pub/wlfireside/p/wlfi-usd1-sec-cftc",71,0.95,4,https://www.reddit.com/r/Buttcoin/comments/1rx8b6z/a_company_holding_75_of_trumps_wlfi_has_had_a/,Buttcoin,2026-03-18 16:17:19,0,FAKE,reddit_Buttcoin
Vanity Fair article and callback to Arrested Development,"""Crypto’s True Believers Demand to Be Taken Seriously"" is totally a callback to the magicians skit in s1 of Arrested Development. Is a buttcoiner working at VF?

[https://www.vanityfair.com/news/story/cryptos-true-believers](https://www.vanityfair.com/news/story/cryptos-true-believers)

Edit: AD ""Alliance of Magicians Demand to Be Taken Seriously"" link added

[https://arresteddevelopment.fandom.com/wiki/The\_Alliance\_of\_Magicians?file=1x1\_Alliance\_of\_Magicians.png](https://arresteddevelopment.fandom.com/wiki/The_Alliance_of_Magicians?file=1x1_Alliance_of_Magicians.png)",50,0.99,9,https://i.redd.it/09ef57p4hspg1.png,Buttcoin,2026-03-18 11:29:13,0,FAKE,reddit_Buttcoin
The CEO of crypto's largest DAO governance platform says the Biden administration was better for his industry than Trump — and is shutting down his company to prove the point.,,244,0.97,78,https://www.coindesk.com/markets/2026/03/17/gensler-and-biden-were-just-better-for-crypto-says-tally-ceo-as-dao-governance-platform-shuts-down,Buttcoin,2026-03-17 16:07:33,0,FAKE,reddit_Buttcoin
A Deep Dive Into MSTR by Cult of the Almighty Dollar,"Hello everyone,

  
While surfing on the web today (does anyone say that anymore?), I stumbled upon this video on YouTube. He pretty much explains the history of MSTR &amp; Saylor and adds his own commentary on everything that happened and is currently going on.

  
As it is with everything you see online, please take it all with a grain of salt.

",25,0.91,0,https://www.youtube.com/watch?v=TYWZGvrvd2Q,Buttcoin,2026-03-17 16:18:51,0,FAKE,reddit_Buttcoin
What will happen when he owns most of it? Where is the money coming from and where did the Bitcoin yield go?,"So many questions to answer.

I started to feel like something is really off. It is a strange feeling, but I feel like something shady is going on. He built reserves to pay dividends, he jacked up the STRC payout ratios, and now he got more aggressive with his buys out of blue. It is just a speculation but I suspect that Tether or Coindesk might be giving them the unbacked casino chips in return of stocks and then Saylor buys back the Bitcoin from FTX and Coindesk. I can not prove this but something similar could be happening behind the closed doors. How else are they financing this?

The more he accumulates, the steeper will be the downfall of MSTR. It will take down Bitcoin with it. It will be interesting to watch.

The black box will also be opened and we will know what has been going on in the background.",186,0.9,161,https://i.redd.it/b8nzwi7vvepg1.png,Buttcoin,2026-03-16 13:46:05,0,FAKE,reddit_Buttcoin
Small UTXOs (dust): Critical flaw or not?,"So I was having a discussion with a couple of non-technical bitcoin enthusiasts this evening and enjoyed watching their horrified reactions as I described UTXOs and the concept of dust.

On the way home, I started to think it though a bit more deeply, and I am uncertain about how much of a problem this is in practice even assuming a) 99+%  of transactions didn't happen off-chain and b) there wasn't a 7tps limit and c) you can actually use it to buy things on a daily basis at the scale of $4.99.

On the one hand, most transactions destroy one UTXO and create two more (the fee gets incorporated into the coinbase, and so has no marginal impact). On the other hand, one can  do a transaction with 15 UTXO inputs and 1 output as in the case of sweeping, for example.

That suggests that there is a self-coalescing effect in the network that basically tacks on some extra fees, but that wallets should not get so fragmented as to make the issue more hypothetical than practical.

It seems to me a) ",0,0.5,27,https://www.reddit.com/r/Buttcoin/comments/1rwdtsx/small_utxos_dust_critical_flaw_or_not/,Buttcoin,2026-03-17 17:51:21,0,FAKE,reddit_Buttcoin
Today I learned that IBIT is a Bitcoin Treasury Company. Illiteracy is off the charts for MSTR folks!,"https://preview.redd.it/izkyc8af1gpg1.png?width=846&amp;format=png&amp;auto=webp&amp;s=98b863a36be7b3052cc1097966837cd0235878f2

I mean also, what about Saylor's history with SEC? Does it not worth mentioning at all? 

How is MSTR going to outperform BTC in the mid to long term with all the debt and other financial obligations that it is undertaking? 

How is he empowering retail to HODL? Which one should we prefer: laser eyes or he is escaping the burning Titanic in a boat?

One thing that I agree: Yes, he creates new tools, such as STRC, as a financial engineering wizard. He is a genius in creating financial instruments to dilute MSTR shareholders while extracting billions of fiat from them. 

  
I already mentioned the illiteracy of the OP - who doesn't know what IBIT is. It is off the charts.",36,0.98,14,https://www.reddit.com/r/Buttcoin/comments/1rvgh5m/today_i_learned_that_ibit_is_a_bitcoin_treasury/,Buttcoin,2026-03-16 17:43:37,0,FAKE,reddit_Buttcoin
"Today's front page r-bitcoin c0pe: Bitcoin protects your mental health! An ""ER doctor"" says so!",,56,0.95,29,https://i.redd.it/gx1wblr5dfpg1.png,Buttcoin,2026-03-16 15:23:47,0,FAKE,reddit_Buttcoin
"Awww, no one is praising cryptocurrency idiot for his ""sovereignty"".",,560,0.92,238,https://i.redd.it/j5uw3j1p68pg1.png,Buttcoin,2026-03-15 15:16:30,0,FAKE,reddit_Buttcoin
Today's r-bitcoin front page c0pe: 15 yo financial genius yolo's into btc because it's free money!,,89,0.97,49,https://i.redd.it/m6wiwzy1x7pg1.png,Buttcoin,2026-03-15 14:21:25,0,FAKE,reddit_Buttcoin
"Dave Ramsey show caller: 'my husband wants to gamble our mortgage money on crypto, should I agree to this?'","What a great idea, to risk losing the roof over your head in a Ponzi scheme.

One of the hosts on this personal finance show is like, 'you know it's down 50% recently?'

",51,0.9,38,https://www.youtube.com/watch?v=4SZ3mwkD1fg,Buttcoin,2026-03-15 11:08:57,0,FAKE,reddit_Buttcoin
Why invest in anything else? Rajat the CFA found the infinite glitch. We must be stupid not to recognize this. RIGHT?,"I mean wow.

Having a real estate investment or probably a diversified portfolio as an investment strategy is not needed since you can make 11.5 dividend yield from a ticker that does not produce anything. I feel the click now.

Why not invest in Saylor's ponzi covering another decentralized ponzi and generate cash flows from other greater fools who are diluted like hell? This guy must be a genius. Everyone else must be an idiot.

Thank you Rajat, I am selling everything I have and go all in to STRC. I hope that we will all make it before the ponzi square collapses. LOL 
",129,0.93,70,https://i.redd.it/u5gbwpqru3pg1.png,Buttcoin,2026-03-15 00:40:20,0,FAKE,reddit_Buttcoin
A fine joke from the recent Naked Gun movie,,1040,0.99,18,https://i.redd.it/yidg3zaqg0pg1.jpeg,Buttcoin,2026-03-14 13:16:26,0,FAKE,reddit_Buttcoin
WLFI scrubbed their leadership page after Reuters called. The SEC filing they can’t scrub still lists the President’s Middle East envoy as a Promoter alongside the Trump family.,"Yesterday Reuters caught WLFI deleting their ""Meet our team"" page right after getting asked about a $5 million ""direct access"" tier.

Here's the part that's going to age badly: there is an SEC filing from October 2024.

It lists the ""Promoters"" as:

· Donald Trump

· Don Jr.

· Eric

· Steven Witkoff

· Zachary Witkoff

Steven Witkoff is currently the President's Special Envoy to the Middle East. He's the guy the administration sends to negotiate Gaza ceasefire talks and Russia-Ukraine diplomacy.

So the person conducting sensitive foreign policy on behalf of the U.S. government is also named in a securities filing as promoting a crypto project that was selling $5 million ""access"" to leadership.

The website page got deleted yesterday.

The SEC filing is permanent.

SEC link:

https://www.sec.gov/Archives/edgar/data/2043140/000204314024000002/xslFormDX01/primary\_doc.xml

Full breakdown with a timestamped screenshot from November 2025 showing the page before it disappeared:

https://op",251,0.99,35,https://i.redd.it/u1jyfykro1pg1.jpeg,Buttcoin,2026-03-14 17:23:08,0,FAKE,reddit_Buttcoin
"Today's r-bitcoin front page c0pe: ""He's all ears!""",,85,0.96,32,https://i.redd.it/mvxbgt7t1wog1.png,Buttcoin,2026-03-13 22:25:50,0,FAKE,reddit_Buttcoin
"Someone paid $600K in fees to turn their $50,000,000 USD into $37,000 due to ""extraordinary slippage"" which ""functioned as intended, and the integration followed standard industry practices.""",,883,0.98,309,https://i.redd.it/eypqzzkhroog1.png,Buttcoin,2026-03-12 21:56:44,0,FAKE,reddit_Buttcoin
Please Help me get rid of the Bitcoin idea.,"I got played into the crypto/bitcoin  casino game like a lot of people lost a lot of money but was lucky and did switch to bitcoin and made gains to cancel out my loses. 

I realized that all crypto is trash except maybe bitcoin. Bitcoin certainly hasn't lived up to any revolutionary ideas or new money like it said it would become because the government wont allow it with capital gains. Plus its to volitle to price anything in bitcoin. 

But as a store of value/portability like digital gold it makes sense to me. The life changing gains probably gone. But how is it not good in that aspect? Other then tangible how is it that different then gold?

Help me sell my last little bit I hold, holding the dollar completely wont build wealth either will it so stocks tge only thing we should hold?",0,0.22,32,https://www.reddit.com/r/Buttcoin/comments/1rtp3h5/please_help_me_get_rid_of_the_bitcoin_idea/,Buttcoin,2026-03-14 17:18:24,0,FAKE,reddit_Buttcoin
"I am still so confused how ""coiners"" can say bitcoin is a good hedge against inflation?!?","I mean I get the number will go up if your currency is unfairly managed, but how can this much volatility be thought of as smart investment in the long run?

To be my own devil's advocate, gold is probably approaching bubble territory when compared to the US national inflation statistics, but hell, all PC parts are going through the roof in cost..",59,0.97,36,https://www.reddit.com/gallery/1rrv3h3,Buttcoin,2026-03-12 16:14:29,0,FAKE,reddit_Buttcoin
"""The most highly sought-after product in the world""",,139,0.94,40,https://www.reddit.com/gallery/1rr6eq0,Buttcoin,2026-03-11 21:05:18,0,FAKE,reddit_Buttcoin
"Today's r-bitcoin front page c0pe: ""Bitcoin is like airplanes, when people in the early days didn't believe in them...""",,152,0.94,72,https://i.redd.it/trx3unoxyfog1.png,Buttcoin,2026-03-11 16:21:54,0,FAKE,reddit_Buttcoin
Butters are starting to develop some vestigial self awareness...,,191,0.97,37,https://i.redd.it/p2z2w3lqedog1.jpeg,Buttcoin,2026-03-11 07:44:10,0,FAKE,reddit_Buttcoin
"""Everyone Is Lying To You For Money"" - The first trailer for Ben McKenzie's cinema expose on the crypto industry has dropped.",,630,0.98,116,https://v.redd.it/fquzpeqv4aog1,Buttcoin,2026-03-10 20:45:19,0,FAKE,reddit_Buttcoin
"YouTuber Jesse Eckel pretending it didn't already crash from 126K:  ""Even though war, oil shocks, and inflation should be pushing Bitcoin lower, its ability to hold around $69K suggests the market may have already bottomed and could soon move higher.""",Amnesia &amp; Mental Gymnastics ,170,0.91,38,https://i.redd.it/8rz5q0s16bog1.jpeg,Buttcoin,2026-03-11 00:13:45,0,FAKE,reddit_Buttcoin
"Developer who bought Kanye West's Malibu property (after Kanye gutted it, flaked and sold it) gets in over his head on the mortgage and has a last ditch effort to salvage the deal as a ""crypto-backed timeshare venture."" WCGW?",,77,1.0,9,https://smmirror.com/2025/12/kanye-wests-former-malibu-home-relaunches-as-crypto-backed-timeshare-venture/,Buttcoin,2026-03-11 03:54:13,0,FAKE,reddit_Buttcoin
Bitcoin Price Forecast: Why is Bitcoin showing some signs of resilience?,Seriously - who writes this utter garbage?,0,0.36,16,https://www.fxstreet.com/cryptocurrencies/news/bitcoin-price-forecast-btc-shows-signs-of-resilience-as-etf-inflows-extend-202603121053,Buttcoin,2026-03-12 12:38:44,0,FAKE,reddit_Buttcoin
Bitcoin may have a use case after all - as a store of controversy,"Boring stable friendships and family relationships? Tedious productive harmony with work colleagues? Bitcoin solves this. Buy some bitcoin, instant controversy.

It also scales linearly. The more bitcoin, the more controversy. Warren Buffet? No bitcoin. Boring as fuck. Michael Saylor? Shitloads of bitcoin, controversial as fuck. 

Consider all the areas where bitcoin shines - pig-butchering, ransomware, sanctions evasion. So much controversy. And where it fails - plodding day-to-day useful legal transactions. Zero controversy.

So there it is, bitcoin is a great store of controversy and the perfect hedge against the tedium of the same old same old things going well.",46,0.94,5,https://www.reddit.com/r/Buttcoin/comments/1rq6miq/bitcoin_may_have_a_use_case_after_all_as_a_store/,Buttcoin,2026-03-10 19:24:21,0,FAKE,reddit_Buttcoin
Trump’s USD1 “stablecoin” rail was also built for Gold,"A few days ago I posted that Trump-linked WLFI’s stablecoin USD1 appears to settle on Plasma, a mostly hidden Tether-linked chain running a $750M+ loop with Bybit that does not appear in the SEC story investors got.

Here’s the worse part: on October 31, 2025, about $5M in Tether Gold moved through the same WLFI-linked routing wallet into Plasma through a purpose-built gold adapter. Plasma’s own docs say gold is a native use case. So this was never just a dollar rail.

That means the same infrastructure can carry:

	•	USD1, which falls into stablecoin regulation

	•	gold tokens, which do not sit in the same regulatory bucket

Two monetary lanes. Same underlying rails.

Then it gets better: the same week gold moved, a WLFI-linked protocol integrated Tether Gold as collateral. Weeks later Bitfinex opened public gold deposits on Plasma. By March, Bybit and Tether announced a gold partnership and called it a “long-standing collaboration.”

So no, this is not “just another stablecoin.” It l",55,0.87,20,https://www.reddit.com/r/Buttcoin/comments/1rq3wdi/trumps_usd1_stablecoin_rail_was_also_built_for/,Buttcoin,2026-03-10 17:49:02,0,FAKE,reddit_Buttcoin
At least a casino gives you an experience.,"You wear something nice, you go out with friends, get a couple of drinks + dinner, maybe see a show - and then lose a few hundred tops playing the roulette table. 

My next door neighbour met her boyfriend at a girls night out with her friends, at a casino, and they've been together for almost 2 years now. We live in a world that has less face-to-face contact, we're all too online, so a gathering place like that where you can socialise has value IMHO.

Crypto doesn't give you any of that. Bitcoin is you, alone, up late at night and refreshing some phone app for the current btc rate. Or watching crypto-cultists youtube videos. 

Unlike ETFs or stocks, it's traded 24x7 and fluctuates drastically long after the NYSE closes for the day. It's nonstop drama, without any human contact.

It's so toxic, even if you don't consider the fact your life-savings probably got halved over the last 6 months.",56,0.92,24,https://www.reddit.com/r/Buttcoin/comments/1rpufoe/at_least_a_casino_gives_you_an_experience/,Buttcoin,2026-03-10 11:31:56,0,FAKE,reddit_Buttcoin
BITCONN IS WART ON THE ASS OF HUMANITY,"**If you think about it, Bitcoin is actually slowing down human progress. There are so many exciting things going on for the immediate future, for example; ai solving cancer or other medical problems, or musk going to mars to create an insurance policy for the human race. That 2 trillion of crypto capital which does nothing, should be redirected into ai companies , quantum companies, or tech stocks to further on our progress and speed things up, rather that capital just being sat there in a pyramid scheme and burning energy to mine it. Understandable crypto was exciting 8 years ago. But now, there are so many better things you can invest in with your money that actually do something positive for future generations. Die Luxor scheme!. Die!**",40,0.67,52,https://www.reddit.com/r/Buttcoin/comments/1rptzeu/bitconn_is_wart_on_the_ass_of_humanity/,Buttcoin,2026-03-10 11:07:13,0,FAKE,reddit_Buttcoin
You Bitcoin haters have been real quiet lately 🚀🚀🚀,,0,0.17,43,https://i.redd.it/rgwxlbq96jog1.jpeg,Buttcoin,2026-03-12 03:07:23,0,FAKE,reddit_Buttcoin
Brian Armstrong &amp; friends embrace exciting new way to circumvent KYC laws so as to allow even more fraud and terrorist money transfers in their Creepto economy,,163,0.99,45,https://i.redd.it/lijnwglak4og1.jpeg,Buttcoin,2026-03-10 02:03:00,0,FAKE,reddit_Buttcoin
The 20 millionth Bitcoin just mined - how will markets react?,This notification made me smile 😁,365,0.93,73,https://i.redd.it/8bznhjkyr2og1.png,Buttcoin,2026-03-09 19:58:41,0,FAKE,reddit_Buttcoin
I fixed it you guys,"https://preview.redd.it/hfgkjqghccog1.png?width=696&amp;format=png&amp;auto=webp&amp;s=50dba7dc764db592679c53f8406198d45872a26e

Never wish death upon anyone.",0,0.43,7,https://www.reddit.com/r/Buttcoin/comments/1rqjp4v/i_fixed_it_you_guys/,Buttcoin,2026-03-11 04:11:03,0,FAKE,reddit_Buttcoin
Top US banks weigh suing federal regulator over crypto banking rules,,88,0.99,12,https://www.theguardian.com/business/2026/mar/09/bank-policy-institute-regulator-lawsuit,Buttcoin,2026-03-09 11:47:51,0,FAKE,reddit_Buttcoin
Saylor. The goal is to make money.,"https://www.strategy.com/purchases

Over half this guys trades are losers and people still handing him money?",25,0.97,6,https://www.reddit.com/r/Buttcoin/comments/1rp1dz3/saylor_the_goal_is_to_make_money/,Buttcoin,2026-03-09 14:16:27,0,FAKE,reddit_Buttcoin
Bitcoin Is just Collectible or souvenir,"I want to share my view on what Bitcoin really is.

Feel free to disagree and discuss.

To me, Bitcoin is collectible. Nothing more, nothing less.

It fits the same category as commemorative coins, trading cards, antiques, and art.

Collectibles usually have these features:

1.  limited supply

2.  value based on what people believe

3.  price driven by story, hype, and status

4.  Highly dependent on volatility

5.  demand matters more than real necessity

Bitcoin fits all of these very well.

Bitcoin is simply the first famous coin of the blockchain era.

It is historically meaningful, like a commemorative item, but that’s it.

People call Bitcoin “digital gold” because it is scarce and Its price tends to rise during inflation.

But I think this idea is misleading.

Today, coins with almost the same function as Bitcoin can be created endlessly.

Some people say Bitcoin is unique because of its network. I do not buy that either.

If a huge company like Amazon, Meta, or Tesla wanted to",30,0.8,44,https://www.reddit.com/r/Buttcoin/comments/1roy1r1/bitcoin_is_just_collectible_or_souvenir/,Buttcoin,2026-03-09 11:47:56,0,FAKE,reddit_Buttcoin
Our good friends over at Coinbase LMAO,,284,0.97,41,https://i.redd.it/5r4sx0s6ewng1.jpeg,Buttcoin,2026-03-08 22:30:47,0,FAKE,reddit_Buttcoin
Bitcoin preys on the weakest of society,"That's what bothers me most.

The people I know who are heavily invested in bitcoin often have no real financial literacy. They don't have retirement savings, they don't have ETFs or mutual funds. They might have a few dollars in a savings accounts, but that's it. And that's exactly what crypto enthusiasts are targeting. 

Many of them are chronically-online types. If you go outside and touch grass, you realise bitcoin plays no real role in our day-to-day lives. Adoption is nil.

They're told by the buttcoiners on youtube/twitter etc that the existing financial system is designed to benefit the rich and powerful only. That the big banks are evil and the government is evil. So the conclusion is somehow ""let's gamble our hard-earned money away on made-up internet coins"".

All this pent-up anger that was born after the 2008 financial crisis was used to take advantage and defraud the masses.

I'm not saying ""I love banks"", I'm saying A + B != C.

Stop fantasising about getting rich. Go to ",110,0.9,42,https://www.reddit.com/r/Buttcoin/comments/1rop3hd/bitcoin_preys_on_the_weakest_of_society/,Buttcoin,2026-03-09 03:15:10,0,FAKE,reddit_Buttcoin
Modern day cult,,168,0.96,17,https://i.redd.it/rd5kaef78vng1.jpeg,Buttcoin,2026-03-08 18:35:29,0,FAKE,reddit_Buttcoin
Fibonacci-Crayon Boy Offers Stern Warning To Bitcoin Community!,,83,0.96,63,https://www.reddit.com/gallery/1rohxat,Buttcoin,2026-03-08 22:03:15,0,FAKE,reddit_Buttcoin
"Today's R-Bitcoin Front Page C0pe: Dad blames his irrational, degen gambling addiction on ""love for his children.""",,199,0.94,102,https://i.redd.it/r9l0glvx0ung1.png,Buttcoin,2026-03-08 14:34:28,0,FAKE,reddit_Buttcoin
Bitcoin surged last week! That can only mean one thing:,"Saylor's monday morning ""weekly buy"" report will be for a lot of bitcoin (relaitve to previous weeks). 

People will think ""oh yeah he bought while there was some momentum""

The reality was that he created the momentum with his excessive buying. Probably used some of his cash reserves. 

No mstr shareholders will know the difference, they'll just thing ""oh yeah we got a bunch at a discount. That's 10,000 BTC of supply gone forever!!!!""",20,0.82,11,https://www.reddit.com/r/Buttcoin/comments/1rol8io/bitcoin_surged_last_week_that_can_only_mean_one/,Buttcoin,2026-03-09 00:21:17,0,FAKE,reddit_Buttcoin
Satoshi Loves You. Nurgle Loves You. Embrace the Gift.,few understand...,67,0.96,33,https://i.redd.it/nhzmu6nblung1.png,Buttcoin,2026-03-08 16:33:51,0,FAKE,reddit_Buttcoin
"To the moon, again...",,377,0.98,23,https://i.redd.it/pz6z7sso8png1.jpeg,Buttcoin,2026-03-07 22:27:32,0,FAKE,reddit_Buttcoin
I zoomed out. Up 9.86% in 5 years.,"https://preview.redd.it/o6q5g7q2grng1.png?width=1066&amp;format=png&amp;auto=webp&amp;s=8c608136edc5402ee2bc4d1ebbe12a09c6953cc3

",92,0.9,56,https://www.reddit.com/r/Buttcoin/comments/1rnwtqz/i_zoomed_out_up_986_in_5_years/,Buttcoin,2026-03-08 05:54:03,0,FAKE,reddit_Buttcoin
It looks more like someone took $300k to the crypto casino and found the exit with $6k. 🎲,,393,0.97,122,https://i.redd.it/jb1pfwq4fong1.jpeg,Buttcoin,2026-03-07 19:44:27,0,FAKE,reddit_Buttcoin
Bitcoin is massively underperforming inflation for the last 5 years,"https://preview.redd.it/2irxbmp6pqng1.png?width=1683&amp;format=png&amp;auto=webp&amp;s=c47c98821d3f39dc5ae91ab1b78ba16be40307a4

https://preview.redd.it/ano2bv2ioqng1.png?width=761&amp;format=png&amp;auto=webp&amp;s=b245773aae69849c571e9889cb36b7250b6a75df

Bitcoin would need to be up **23%** to keep up with inflation over the last 5 years. Instead it is only up **9.5%**.

Note: The CPI Inflation calculator from [bls.gov](https://www.bls.gov/data/inflation_calculator.htm) doesn't provide data for a calculation beyond January of 2026.",82,0.93,33,https://www.reddit.com/r/Buttcoin/comments/1rntubq/bitcoin_is_massively_underperforming_inflation/,Buttcoin,2026-03-08 03:20:54,0,FAKE,reddit_Buttcoin
We are here &gt;&lt;,"https://preview.redd.it/q0b6mv9zxzng1.png?width=547&amp;format=png&amp;auto=webp&amp;s=429148558bea055d5e423a069a4cf5afc04fd5b9

",0,0.2,13,https://www.reddit.com/r/Buttcoin/comments/1rowjp1/we_are_here/,Buttcoin,2026-03-09 10:27:52,0,FAKE,reddit_Buttcoin
What was the price of Bitcoin when you first heard about it?,,0,0.13,31,https://www.reddit.com/r/Buttcoin/comments/1rozsuv/what_was_the_price_of_bitcoin_when_you_first/,Buttcoin,2026-03-09 13:11:07,0,FAKE,reddit_Buttcoin
Buttcoin in the Dune Universe,"What price do you think Buttcoin is at in the Dune universe? How long are transaction waiting periods when they have to prevent double-spends throughout the Imperium? And how much did number go up when the &gt;!Harkonnen wiped out those Atreides whales!&lt; and took their stacks of Sats out forever?

In my head-canon, Michael Saylor manages to secure 100% of the Bitcoin, the moment he achieves this, he disappears in a flash of light and progresses to the next life as the only (formal) mortal to have reached Ascendancy and as he departs for the next life, he leaves behind a sad universe of paperhands.  Dune is the story of a universe of paperhands post the Saylor Ascendancy.",0,0.5,12,https://www.reddit.com/r/Buttcoin/comments/1ro7zc3/buttcoin_in_the_dune_universe/,Buttcoin,2026-03-08 15:41:10,0,FAKE,reddit_Buttcoin
Trump’s family stablecoin secretly settles on Tether’s private blockchain. The routing wallet was activated the day before the blockchain launched. None of it is in any SEC filing.,"Six months of on-chain forensics. The short version: USD1 doesn’t settle where anyone thought it did. It runs on Plasma — Tether’s own private chain, built by Paolo Ardoino, backed by Peter Thiel’s Founders Fund. The U.S. Commerce Secretary’s family firm manages $105B+ in Tether’s Treasury reserves. The GENIUS Act is currently moving through Congress. Cantor Fitzgerald is the primary beneficiary. The wallet that built the settlement engine was funded by WLFI’s own treasury multisig. All of it is documented on-chain. 

https://open.substack.com/pub/wlfireside/p/how-wlfi-usd1-settles-through-tether",201,0.98,20,https://www.reddit.com/r/Buttcoin/comments/1rmzm9h/trumps_family_stablecoin_secretly_settles_on/,Buttcoin,2026-03-07 03:53:27,0,FAKE,reddit_Buttcoin
This sub every few years since its inception.,,0,0.17,33,https://i.redd.it/m2c7rxb93yng1.jpeg,Buttcoin,2026-03-09 04:13:05,0,FAKE,reddit_Buttcoin
Some Crypto Analogues,"Hi all

My brother really wants to buy this dip and is convinced that bitcoin is a revolution in finance and equality which will only go up in value 

He says world hasn’t seen anything like it. Please help me prove him wrong

What are somethings throughout history (especially within finance) which promised to be revolutionary and increased massively for a while then ended up being a flop?

Thanks 🤝 ",0,0.08,51,https://www.reddit.com/r/Buttcoin/comments/1rodi3w/some_crypto_analogues/,Buttcoin,2026-03-08 19:12:10,0,FAKE,reddit_Buttcoin
"When you adjust for the S&amp;P 500, the Bitcoin halving spiral is already closed",,121,0.93,47,https://i.redd.it/yp571p1hjgng1.png,Buttcoin,2026-03-06 17:12:47,0,FAKE,reddit_Buttcoin
"Today's R-Bitcoin Front Page C0PE: ""We found more corrupt politicians to encourage corrupt fund managers to buy our bags! AdOpTiOn ImMiNeNt! Decentralized money-of-the-future gets bailed out by big bad central government... again?""",,64,0.96,14,https://i.redd.it/x0xxfeyn2gng1.png,Buttcoin,2026-03-06 15:39:50,0,FAKE,reddit_Buttcoin
Crypto M&amp;A: Susquehanna-backed Blockfills seek sale after millions in lending losses,These were supposed to be the adults in the room in the crypto space. Not the usual fly-by-night scams.,28,0.92,4,https://www.coindesk.com/business/2026/02/19/susquehanna-backed-blockfills-up-for-sale-after-usd75-million-lending-loss,Buttcoin,2026-03-06 18:29:48,0,FAKE,reddit_Buttcoin
What's the ratio between bag-pumpers and true believers?,"So, now that last month's crash to \~65k is in the rear view mirror, what's the state of the cryptobro mindset? Not like, ""are they hyped"", because they're always hyped, whether Bitcoin goes down or up. 

I mean, what's the ratio of bag-pumpers (people who are only in crypto for what they can get out of it, like whales who want Saylor's exit liquidity or scammers fleecing grandma at Bitcoin ATM's), to true believers who are absolutely convinced Bitcoin is the ""hardest money in the world"", ""store of value"", or whatever the buzzword is today? Because there are still BBBY apes long after that company folded, and there's no way THOSE people are cynical bag-pumpers.

Or is there not even a meaningful difference? Bag-pumpers will hype crypto so they can exit, and true believers will pump crypto in hopes of getting their lambo?",7,0.74,22,https://www.reddit.com/r/Buttcoin/comments/1rmqsod/whats_the_ratio_between_bagpumpers_and_true/,Buttcoin,2026-03-06 21:30:14,0,FAKE,reddit_Buttcoin
Michael Saylor says he is buying Bitcoin as Strategy tops 720K BTC,,86,0.87,39,https://cryptobriefing.com/michael-saylor-bitcoin-strategy/,Buttcoin,2026-03-06 07:48:27,0,FAKE,reddit_Buttcoin
Bitcoin sub in a nutshell,,636,0.98,55,https://i.redd.it/16xyr34xgang1.jpeg,Buttcoin,2026-03-05 20:46:54,0,FAKE,reddit_Buttcoin
Everyone is Lying to you for money teaser trailer,,116,0.97,13,https://youtu.be/gzL7D6qzEy0?si=SOiFKh0iNORgA9C7,Buttcoin,2026-03-06 04:54:48,0,FAKE,reddit_Buttcoin
His father was not arrested? Do you think his father knew the whole time?,,48,0.92,24,https://www.reddit.com/gallery/1rm2xcf,Buttcoin,2026-03-06 03:27:39,0,FAKE,reddit_Buttcoin
Masses are wrong says K33. As if Bitcoin had any compelling reason to buy at all.,"Well Bitcoin in every article is demonstrated by a gold colored coin. Unlike money, it is just a spreadsheet entry in a decentralized database manipulated by centralized exchanges that use centralized databases. Over 95 percent of the transactions are off chain.

Let's return to our article. I am just literally shocked to learn that Bitcoin was deeply oversold with no compelling reason to sell. I understand this logic only if we assume that there was no compelling reason to buy. Just like I mentioned above, Bitcoin is just an entry in a decentralized immutable spreadsheet. It does not produce any products nor any services. There is no cash flow associated with it, there are no dividends. There is no valuable output coming out of it. So there was no compelling reason to buy it.

If you have bought it and still holding it, there is no compelling reason to sell it. Unless, they want you to be the bag holder. ",44,0.91,22,https://i.redd.it/8efuhwpa6ang1.png,Buttcoin,2026-03-05 19:47:38,0,FAKE,reddit_Buttcoin
"Bitcoin is back, it’s over close this sub",,368,0.89,105,https://i.redd.it/orq6eeiq65ng1.jpeg,Buttcoin,2026-03-05 03:00:55,0,FAKE,reddit_Buttcoin
Neat.,,197,0.83,31,https://i.redd.it/pcemc4p895ng1.png,Buttcoin,2026-03-05 03:15:04,0,FAKE,reddit_Buttcoin
Crypto is back - Pump and Dump that few crypto Bros understand.,"Graph caption: How to pump buttcoin to hype crypto minions. Simple graph of almost 1B fake USD being injected to provide liquidity to wash trade bots in centralized exchanges. 😆.

EDIT: For people wondering, zoom out to the 1-Month ""Maktet Cap"" chart. [https://coinmarketcap.com/currencies/usd-coin/](https://coinmarketcap.com/currencies/usd-coin/). It is about 7 billion fake US dollars ""minted"" into the system.

This month is USDC season, but printing USDT is sometimes used in the same way.",44,0.88,11,https://i.redd.it/uouce41yd5ng1.jpeg,Buttcoin,2026-03-05 03:42:22,0,FAKE,reddit_Buttcoin
Cara Nicole: Why Crypto is the Biggest Scam Ever.,,59,0.94,5,https://youtu.be/aC6tzl9tYFA,Buttcoin,2026-03-05 00:21:13,0,FAKE,reddit_Buttcoin
"You can literally sell shit, create scarcity and people will buy it.","[https://en.wikipedia.org/wiki/Artist's\_Shit](https://en.wikipedia.org/wiki/Artist's_Shit)

This makes me always think of Bitcoin.

EDIT: But despite its ""scarcity"" it just rises and falls like the rest of the shitcoins.... so what kind of coin is it?",18,0.88,9,https://www.reddit.com/r/Buttcoin/comments/1rlakgz/you_can_literally_sell_shit_create_scarcity_and/,Buttcoin,2026-03-05 06:47:28,0,FAKE,reddit_Buttcoin
"Let That Sink In: ""Your X profile becomes your financial identity.""",,141,0.94,120,https://i.redd.it/xeq8787aj2ng1.png,Buttcoin,2026-03-04 18:06:33,0,FAKE,reddit_Buttcoin
Crypto bros be like:,,5,0.63,8,https://youtu.be/j4J3Jf3aJHM?si=5D8UUFcEYlmOw3BK,Buttcoin,2026-03-05 04:57:21,0,FAKE,reddit_Buttcoin
why bitcoin  makes sense and its very bullish from the perspective of big  non-believer,"first i have to mention i think bitcoin is very stupid and agree with everithing Waren Buffet said, i been looking at bitcoin since 200$ per con and always thought its worth 0 now let me tell you will its very bullish 

the best part about bitcoin is it produces nothing and its worth nothing this is the part nobody here undestands 

you can have a stock in a company the stock is at 30 $ per share the real value of the company is at 20 $ the extra 10$ is ponzi or fake value lets say bitcoin is at 30$ the real value its at 0$ thats 30$ fake value. So the stock has 33% fake value the bitcoin has 100% fake value.

Now lets say Kyle the plumber works 1 month and gets hes money he has to invest in something because of inflation hes is forced to invest by the inflation ,he googles best company in the world google says Apple best company in the world.Kyle loks at the Apple stock its at 30$ wonders what if its really worth 10$ ,what if the company goes bankrupt next weak and it goes to 0.

So K",0,0.11,25,https://www.reddit.com/r/Buttcoin/comments/1rm5evy/why_bitcoin_makes_sense_and_its_very_bullish_from/,Buttcoin,2026-03-06 05:31:32,0,FAKE,reddit_Buttcoin
New York Comptroller urges Big Tech to pay for data center upgrades,,11,0.82,1,https://www.news10.com/capitol/dinapoli-data-center-letters/,Buttcoin,2026-03-04 22:42:51,0,FAKE,reddit_Buttcoin
"Reporting an $30,000 USDC unauthorized charge lol",,428,0.97,128,https://i.redd.it/mvr1xqvaxvmg1.png,Buttcoin,2026-03-03 19:52:59,0,FAKE,reddit_Buttcoin
Bitcoin became the most pointless and boring scam ever with no exciting narratives left,"Before we had the Mt. Gox, FTX, Quadriga and other intelligent frauds and scams going on. They were terrible but  still of a higher quality. 

Now, we are left with MSTR apes, single digit IQ crypto bros with 50 percent down portfolios still DCAing down, exchanges obviously and scientifically manipulating BTC's price based on degenerate gamblers'  leveraged long and short positions. 

It got everything it wanted. One of the most corrupt administration in the US history making it legit and investing in it via mining and other grifts. Lutnick, secretary of commerce, heavily benefiting from his involvement with Tether, the casino chips company that provides unbacked USDT casino chips to the centralized exchanges for wash trading and price manipulation. There are all types of ETFs available to put money in Bitcoin. There are no regulations, it is a Wild West.

Bitcoin also proved that it is not a hedge against inflation and not a store of value multiple times when geopolitical uncertainty ",136,0.91,54,https://www.reddit.com/r/Buttcoin/comments/1rk8grs/bitcoin_became_the_most_pointless_and_boring_scam/,Buttcoin,2026-03-04 01:48:58,0,FAKE,reddit_Buttcoin
"After 4 Years, Travala gutted our Smart Diamond Ambassador Bonus 💬","I am one of the early adopters who minted a Founders Edition Travel Tiger NFT and locked up my $AVA to become a Smart Diamond member. Back in early 2022, when the market was uncertain, we took a serious risk to keep Travala alive and gamble on its future. I promoted their tasks, shared my travels, and was genuinely proud to be an ambassador for the platform.

Now you need to know that when we bought these NFTs—many of us paying well over $3,500 to $5,000+—the Ambassador Bonus was explicitly designed to be a **percentage of the company's travel sales**. The fundamental agreement was simple: as Travala grows and becomes more profitable, the early investors and supporters who backed the vision grow with it.

Today, Travala did not consult the community, did not host an AMA, and did not warn us. They simply sent an email and revoked the core value of our NFTs. They slashed our bonus to a fixed $150 per quarter. No more sharing in the growth. A permanent pay cut of over 50%.

Generally, in ",0,0.38,44,https://www.reddit.com/r/Buttcoin/comments/1rld3gz/after_4_years_travala_gutted_our_smart_diamond/,Buttcoin,2026-03-05 09:22:29,0,FAKE,reddit_Buttcoin
"Today's r-bitcoin front page cope: ""Few"" comes home.",,116,0.95,71,https://i.redd.it/neqhg7dohumg1.png,Buttcoin,2026-03-03 15:03:57,0,FAKE,reddit_Buttcoin
"FastCompany: War is good for Bitcoin. But also, Peace. Probably War and/or Peace is good for Bitcoin. (But, either could also be bad for Bitcoin.)",,68,0.94,6,https://www.fastcompany.com/91500981/bitcoin-price-today-why-up-iran-war-impact-crypto,Buttcoin,2026-03-03 16:33:23,0,FAKE,reddit_Buttcoin
Another r-bitcoin front page cope (probably soon to be deleted) that aged like milk.,,60,0.92,31,https://v.redd.it/ow9tcu5cnumg1,Buttcoin,2026-03-03 15:35:09,0,FAKE,reddit_Buttcoin
No one could have predicted this: Texas’ $10M bitcoin gamble slips into the red amid crypto price dive,,372,0.98,30,https://www.dallasnews.com/business/2026/03/02/texas-10m-bitcoin-investment-slips-into-the-red-amid-crypto-price-dive/,Buttcoin,2026-03-02 22:12:29,0,FAKE,reddit_Buttcoin
"BlockChain (well, Merkle Trees) finally find a real use-case. No, it doesn't involve money.",,33,0.86,20,https://arstechnica.com/security/2026/02/google-is-using-clever-math-to-quantum-proof-https-certificates/,Buttcoin,2026-03-03 08:21:34,0,FAKE,reddit_Buttcoin
Bitcoin at 74009,They can’t keep getting away with iiiiiit . I’ve been a member of this sub since btc was 1000 . Why does it keep going up ,0,0.12,37,https://www.reddit.com/r/Buttcoin/comments/1rksldq/bitcoin_at_74009/,Buttcoin,2026-03-04 18:02:29,0,FAKE,reddit_Buttcoin
"Meanwhile, the GameStop apes are still fantasizing about a Web3 future, where all the used gameboy cartridges have been properly tokenized on a blockchain.",,130,0.98,40,https://i.redd.it/u8vvsmq85omg1.png,Buttcoin,2026-03-02 17:44:30,0,FAKE,reddit_Buttcoin
"3,000 less digital magic beans to trade. This is great for Bitcoin, few understand! DCA all the way down!","Well, this guy will eventually bring the end of Bitcoin. The liquidity is already very thin and most of the trading is just wash trading done with stablecoins. What will happen if this guy's Bitcoin finds its way to the market? It means the total collapse of Bitcoin's price. 

What will happen when the bear market comes and there won't be liquidity to give to Saylor for his financial engineering and the financial obligations will come knocking the door? Who will be stupid enough to give more and more money for this stupid ponzi wrapped over decentralized ponzi when the liquidity dries up? Every ponzi collapses eventually and the more Saylor accumulates, the more spectacular the show is going to be when the time comes.

I will be ready to watch with my popcorn.",145,0.96,59,https://i.redd.it/qnvlt3uwcnmg1.png,Buttcoin,2026-03-02 15:03:29,0,FAKE,reddit_Buttcoin
They will stay forever angry,How could r/Buttcoin ever be angry with all this comedy godl!,304,0.94,40,https://i.redd.it/lap67e6pxlmg1.png,Buttcoin,2026-03-02 10:17:36,0,FAKE,reddit_Buttcoin
Someone looks to be extra salty. Are we the baddies?,,475,0.9,211,https://i.redd.it/3f2ccjpzvkmg1.jpeg,Buttcoin,2026-03-02 06:54:59,0,FAKE,reddit_Buttcoin
South Korea Tax Agency Accidentally Exposes Crypto Recovery Phrase,"South Korea’s National Tax Service (NTS) is facing criticism after a major security lapse involving seized digital assets. A public press release photo revealed a cryptocurrency wallet’s recovery phrase, allowing anyone to access its funds. Soon after publication, tokens worth about $4.8 million were moved in a suspected breach. ",62,0.99,9,https://www.livebitcoinnews.com/south-korea-tax-agency-accidentally-exposes-crypto-recovery-phrase/,Buttcoin,2026-03-02 16:23:03,0,FAKE,reddit_Buttcoin
Can We (Finally) Admit That Crypto Was Really... Dumb?,,120,0.96,47,https://youtu.be/-Rr3o1S-SQk?si=ORBvo99VOX1sOGnf,Buttcoin,2026-03-02 12:43:35,0,FAKE,reddit_Buttcoin
Bitcoin Infographic from 2018,,44,0.88,16,https://i.redd.it/xbkaeu3wqnmg1.jpeg,Buttcoin,2026-03-02 16:22:40,0,FAKE,reddit_Buttcoin
BTC is becoming scarce!  Unlike Fiat.,"My response:

1. As of today, over **95%** of the total 21 million Bitcoins have already been mined
2. Bitcoin has forked Bitcoin has experienced over 100 hard forks since its inception in 2009. While many are obscure or defunct, significant forks that created distinct, traded assets include Bitcoin Cash (2017), Bitcoin Gold (2017), and Bitcoin SV (2018). [https://en.wikipedia.org/wiki/List\_of\_bitcoin\_forks](https://en.wikipedia.org/wiki/List_of_bitcoin_forks)
3. Bitcoin can be traded in increments smaller than 1 satoshi (BTC) in theory and practice.

Never mind there is an infinite supply of other coins -- currently available, and easy to make with a snap.

CONCLUSIONS

1. There is no ""scarcity."" The supply is literally infinite.
2. Fun tip: ""scarcity"" does not create value for something with no intrinsic value.",98,0.85,73,https://www.reddit.com/r/Buttcoin/comments/1rigy9x/btc_is_becoming_scarce_unlike_fiat/,Buttcoin,2026-03-02 02:40:22,0,FAKE,reddit_Buttcoin
Whoops,Even the Government are having problems keeping it...,20,0.95,4,https://www.theregister.com/2026/03/02/south_korea_tax_office_cryptocurrency_leak/,Buttcoin,2026-03-02 10:11:33,0,FAKE,reddit_Buttcoin
"""You can cash out at any time. There's plenty of liquidity..."" they said...",,240,0.98,57,https://i.redd.it/6kglcnq8khmg1.png,Buttcoin,2026-03-01 19:34:23,0,FAKE,reddit_Buttcoin
Jeffrey Epstein Was Instrumental to the Rise of Crypto. Here's How.,,103,0.88,15,https://youtu.be/qw2uiFvpHK0?si=n4aAIRhajwu-loss,Buttcoin,2026-03-01 22:53:13,0,FAKE,reddit_Buttcoin
Line go up forever. Wen Lambo,,124,0.99,25,https://i.redd.it/59f1oc2mxhmg1.png,Buttcoin,2026-03-01 20:48:52,0,FAKE,reddit_Buttcoin
History repeats itself,"This is an old tweet, when X posts were still called ""tweets"". 

I understand you guys might be skeptical about Bitcoin and I respect you all, but most of us are lucky to live in safe places and deal with very small problems, compared to other people who face several daily restrictions or prohibitions. 

\*Not here to change anyone's mind\* - I come in peace 🕊️",0,0.3,43,https://i.redd.it/gwzgj5k6qumg1.jpeg,Buttcoin,2026-03-03 15:50:23,0,FAKE,reddit_Buttcoin
Even after all this studying I am still confused,,179,0.93,74,https://i.redd.it/xxc3n6qxjfmg1.jpeg,Buttcoin,2026-03-01 12:48:35,0,FAKE,reddit_Buttcoin
"Developer embeds image on Bitcoin as a single transaction, challenging BIP-110's core claims","A dev proved BIP-110 can't stop spam by putting a 66kB image on-chain without using restricted opcodes, arguing the new rules are actually ineffective and counterproductive.",82,0.96,18,https://www.theblock.co/post/391667/developer-embeds-image-on-bitcoin-as-a-single-transaction-challenging-bip-110s-core-claims,Buttcoin,2026-03-01 12:08:19,0,FAKE,reddit_Buttcoin
Doing what 99% of you refuse to do.,This sub is full of pretentious people who just want the ultimate FOMO to stop and for bitcoin to die,0,0.14,97,https://i.redd.it/4nrryb6ssomg1.jpeg,Buttcoin,2026-03-02 19:54:16,0,FAKE,reddit_Buttcoin
Bitcoin is definitely an insurance against dooms day!,"The US/Israel attack to Iran cause this to bitcoin price, I can totally see that hoarding bitcoin will protect against a doomsday.",613,0.95,100,https://i.redd.it/zbvei3gjp6mg1.png,Buttcoin,2026-02-28 07:05:21,0,FAKE,reddit_Buttcoin
"""Bitboy Crypto"" loses $2M defamation lawsuit - threatens another YouTuber who called him a scumbag and sues him; Youtuber raises over 200 grand for legal defense, then the lawsuit is dropped.",,72,0.95,11,https://www.youtube.com/watch?v=qGZQw9cWQAA,Buttcoin,2026-02-28 17:42:03,0,FAKE,reddit_Buttcoin
Bitcoin is only falling because of war in the Middle East,Obviously it’s only falling because of war. Not because it’s ultimately worthless nonsense /s,325,0.95,69,https://i.redd.it/je9qar80e7mg1.jpeg,Buttcoin,2026-02-28 09:21:06,0,FAKE,reddit_Buttcoin
Brock Pierce’s dark and disturbing friendship with Jeffrey Epstein,,57,0.94,4,https://protos.com/brock-pierces-dark-and-disturbing-friendship-with-jeffrey-epstein/,Buttcoin,2026-02-28 18:17:35,0,FAKE,reddit_Buttcoin
Rug pulls are the future of finance,,302,0.99,21,https://i.redd.it/jolh668g67mg1.jpeg,Buttcoin,2026-02-28 08:38:45,0,FAKE,reddit_Buttcoin
Future of Finance,,173,0.98,45,https://i.redd.it/9z0wfw6b28mg1.jpeg,Buttcoin,2026-02-28 11:37:19,0,FAKE,reddit_Buttcoin
Chat am I cooked?help me recover pls / any suggestion is appreciated . #BlunTruth,,41,0.71,92,https://i.redd.it/e0l2ohpcaamg1.jpeg,Buttcoin,2026-02-28 19:05:58,0,FAKE,reddit_Buttcoin
Slow decline at best (despite logic and evidence),"A fair few people in this sub talk about a likely slow decline punctuated with price spikes, and maybe even staying at a price of say 20,000 of your best fiat for a long time - I think that's my view too FWIW.

There's enough irrationality and/or lack of financial literacy for this to be plausible - and there's still a big hype machine behind it.  Hell there's been enough genuinely brilliant, detailed books about the diamond trade (including false scarcity, invented traditions etc) and people still buy shiny rocks that you can't resell.

(PS - not mocking anyone for low financial literacy - this stuff is tricky and poorly taught in schools if at all)",22,0.8,18,https://www.reddit.com/r/Buttcoin/comments/1rhdnma/slow_decline_at_best_despite_logic_and_evidence/,Buttcoin,2026-02-28 20:51:03,0,FAKE,reddit_Buttcoin
Bitcoin: The Greatest Lie Ever Told,,340,0.9,105,https://i.redd.it/mv7ssih084mg1.jpeg,Buttcoin,2026-02-27 22:42:10,0,FAKE,reddit_Buttcoin
YMMV,,688,0.98,30,https://i.redd.it/ic3ygovn52mg1.png,Buttcoin,2026-02-27 15:45:31,0,FAKE,reddit_Buttcoin
"Bitcoin price news: BTC back below $65,500, MSTR, COIN, CRCL fall amid macro risks","Hotter-than-expected January U.S. producer price inflation pushed expectations further back for interest rate cuts, while widening credit spreads and sharp declines in private-equity firms point to mounting worries about credit stress.",89,0.95,12,https://www.coindesk.com/markets/2026/02/27/bitcoin-rebound-cancelled-as-u-s-stocks-fall-gold-surges-amid-mounting-macro-risks,Buttcoin,2026-02-28 01:36:53,0,FAKE,reddit_Buttcoin
Bitcoin vs. the S&amp;P 500 (Total Return) as of today.,,108,0.88,56,https://i.redd.it/a4d5q4pdu3mg1.png,Buttcoin,2026-02-27 21:27:49,0,FAKE,reddit_Buttcoin
When will buttcoin drop to zero,"I cant believe this useless token is worth anything different than zero, or minus zero assuming the cost of making it work to keep their 7 transactions per second flowing.

I would not want to be in butters position now. Ponzi is collapsing and they own the tulips…",3,0.53,49,https://www.reddit.com/r/Buttcoin/comments/1rh64yb/when_will_buttcoin_drop_to_zero/,Buttcoin,2026-02-28 15:56:34,0,FAKE,reddit_Buttcoin
Bag full of Buttcoin turns to 💩,,195,0.95,48,https://i.redd.it/b1ouxtecl2mg1.jpeg,Buttcoin,2026-02-27 17:13:20,0,FAKE,reddit_Buttcoin
Praise The Bitcoin!,,50,0.95,27,https://www.reddit.com/gallery/1rgmjxu,Buttcoin,2026-02-27 23:29:29,0,FAKE,reddit_Buttcoin
Jane Street is the new narrative to fool the retail. Are supply/demand fundamentals in room with us?,"Oh! Poor Bitcoin. Look what it has gone through. It was supposed to be a hedge against inflation and a store of value by producing nothing of value. However, those very bad manipulators manipulated the price of Bitcoin. First it was JP Morgan shorting MSTR and now it is the Jane Street manipulation. When it goes down, it is always a manipulation by evil parties that don't want Bitcoin to succeed. When it goes up by blatant wash trading, it is the supply demand fundamentals being realized 

What fundamentals by the way? Nobody can determine the price of Bitcoin with any fundamentals - there is no cash flow generated, no services or products as a result of operations, no revenue generated. It even sucks for money laundering and criminal activities and it has alternatives. What the heck is its fundamental? 21M coins? Well, supply doesn't guarantee demand. All of our poos are also limited. What kind of idiocracy and lunacy is this?",106,0.96,32,https://i.redd.it/c4s0pgg5m2mg1.png,Buttcoin,2026-02-27 17:17:51,0,FAKE,reddit_Buttcoin
One possible hope for Billionaire Trafficker Coin holders...,"1. On Sunday, Israel/US strikes are reported as ""limited"". Insiders begin selling news of Iran ""wanting to coming to the table"" and ""asking for a ceasefire"" without any believable explanation just hours before the US market opening. 
2. BTC price doubles, fueled even further by cascading liquidations of evil short sellers wishing harm on beloved pedocoin.
3. BTC breaks previous ATH by Thursday, attracting even more buyers expecting $1 million per trafficking coin within a few weeks.
4. Minutes after the US markets closes on Friday, Iran is suspected to have killed 1 IDF soldier, possibly 2, or 50 US soldiers. WSJ reports possible war crime investigation. All ""negotiations"" and ""ceasefires"" broken.
5. BTC crashes 40% during the weekend.
6. Rinse and repeat.

",3,0.64,2,https://www.reddit.com/r/Buttcoin/comments/1rh3cvd/one_possible_hope_for_billionaire_trafficker_coin/,Buttcoin,2026-02-28 14:00:10,0,FAKE,reddit_Buttcoin
The Science of the Grift - Buttcoin mechanics explained,"Advanced in Evolutionary Game Theory allow for the mathematical study of human interactions. [Oran Looney has used this to analyse patterns](https://www.oranlooney.com/post/grifters-skeptics-marks/) in **Grifters**, **Marks** and **Skeptics**. His model explains many of the dynamics we see with Buttcoin:

&gt;Marks prosper when grifters are rare, because trust is efficient.

&gt;Grifters prosper when marks are common, because exploitation is easy.

&gt;Skeptics prosper when grifters are common, because vigilance pays for itself.

I'd go further and suggest the mockery and derision this sub produces acts as a form of collective vigilance, helping shield Marks from Grifters, not just the Skeptics. 

He also notes that:

&gt;Grift is cyclical, and any period of high grift will soon give way to a period of high skepticism, which will last until enough time has passed for people to once again forget the lessons they’ve learned.

This explains the boom/bust cycle with Buttcoin. But also - th",16,0.9,9,https://www.reddit.com/r/Buttcoin/comments/1rgqj9a/the_science_of_the_grift_buttcoin_mechanics/,Buttcoin,2026-02-28 02:25:30,0,FAKE,reddit_Buttcoin
Michael Saylor has no personality,"From an email by hollywood publicist Peggy Siegel to Jeffery Epstein:

*He has no personality. Sort of like a zombie on a drug. We had smart directors sitting next to him and his idiot gorgeous date and could not get any conversation out of him except “I have a yacht I am taking to Cannes”. I walked him around and he was so weird that even I ran away from him. There is an obvious personal disconnect and I don’t think I can just take his money and deliver a better life because he has no feel for social behavior.*

Courtesy of Molly White

[ https://www.citationneeded.news/issue-101/ ](https://www.citationneeded.news/issue-101/)

EDIT: For all the Saylor lovers the context here is he paid 25k for the invite to this party to hang with the Epstein set.  I’ve zero sympathy for the guy.",150,0.91,73,https://www.reddit.com/r/Buttcoin/comments/1rg551r/michael_saylor_has_no_personality/,Buttcoin,2026-02-27 12:17:12,0,FAKE,reddit_Buttcoin
Why is Bitcoin Falling?,"I've got a simple question Reddit.  Why is Bitcoin Falling?  Is it because of the growth of AI and Social Media?  Is it because all those data centers using 1% of the world's total energy production on Bitcoin alone are finding better customers who pay more to feed the insatiable thirst for energy and numbers crunching that AI is increasingly demanding?  We know that 3-4% of total world energy powers the internet and that's growing too. Could it be as simple as that?  Or is Bitcoin just becoming passé?  Maybe that shiny gold 17-year-old Bitcoin with a dollar sign on it is no longer as shiny as it used to be?  Is it that actual gold is now looking shinier and brighter and AI related companies, who actually produce a real product are looking shinier too?",0,0.45,56,https://www.reddit.com/r/Buttcoin/comments/1rhiatj/why_is_bitcoin_falling/,Buttcoin,2026-03-01 00:06:17,0,FAKE,reddit_Buttcoin
Inflation Up Bitcoin Down,Guess it isn’t an inflation hedge,51,0.89,49,https://www.reddit.com/r/Buttcoin/comments/1rgaayk/inflation_up_bitcoin_down/,Buttcoin,2026-02-27 15:50:30,0,FAKE,reddit_Buttcoin
French Horseman of the Cryptocalypse,"I genuinely think like this crap may be on its last cycle. A sign I've noticed recently is that even prominent proponents are starting to transition to something else whether its AI or prediction markets. 

There is a French Youtuber called Hash\*ur (hiding a letter to avoid giving him publicity, it's genuinely not worth a watch.) who is the biggest Youtuber in that space in France by a mile and has made his entire personality revolve around crypto. But, recently, he hasn't posted as regularly and he has been talking more broadly about financial topics and AI. 

I'm pretty sure he's preparing to shift too. 

The last flies are leaving the dumpster 

",39,0.93,6,https://www.reddit.com/r/Buttcoin/comments/1rg9mgk/french_horseman_of_the_cryptocalypse/,Buttcoin,2026-02-27 15:25:11,0,FAKE,reddit_Buttcoin
Is it a cult?,,0,0.35,21,https://i.redd.it/m8hk3c770bmg1.jpeg,Buttcoin,2026-02-28 21:30:50,0,FAKE,reddit_Buttcoin
"Oh no, another fraud in the “future of finance” markets",https://blocknow.com/axiom-wallet-tracking-scandal-tied-to-400k-polymarket-insider-bets/,20,0.92,2,https://www.reddit.com/r/Buttcoin/comments/1rgbj15/oh_no_another_fraud_in_the_future_of_finance/,Buttcoin,2026-02-27 16:35:11,0,FAKE,reddit_Buttcoin
Kalshi Says It's Busted a MrBeast Staffer for Insider Trading,"Insider trading is rampant on prediction markets like Kalshi and Polymarket. A MrBeast editor recently got busted. Polymarket offers more anonymity while Kalshi faces stricter oversight.

Anyway, I don't like insider trading no mater which platform.",153,0.98,39,https://futurism.com/future-society/kalshi-busted-mrbeast-staffer-insider-trading,Buttcoin,2026-02-27 04:09:38,0,FAKE,reddit_Buttcoin
Nice!,,217,0.98,29,https://i.redd.it/o4hxy7x5fwlg1.png,Buttcoin,2026-02-26 20:28:10,0,FAKE,reddit_Buttcoin
"4-year cycle is so amazing, so holy, the one and only truth!! spread that word!","I LOVE how people are religious about the 4-year cycle as if it's a mechanism that must happen NO MATTER WHAT (completely forgetting that people in markets set the price of bitcoin, not a deity or code). 

Somehow, when it halves, people are compelled to sell for less.. and then MORE!!!! 

  
In tradfi, we know that any well known pattern is gone as soon as people identify it in mass. Quants make their money by finding tiny patterns before someone else finds it and eliminates the edge.  I pointed this out to them and they said ""no way, if anything the masses knowing of the 4 year cycle MAGNIFIES the effects"" 

 I say: As more traders exploit a pattern, they drive prices to fair value faster, eliminating the inefficiency that allowed for the profit in the first place.

Now the cult's refrain: ""Stay broke tradfi tard, the 4 year cycle is a fact built into the bitcoin code, the sooner you learn the sooner you can 3x your money""",42,0.94,20,https://www.reddit.com/r/Buttcoin/comments/1rfwiuu/4year_cycle_is_so_amazing_so_holy_the_one_and/,Buttcoin,2026-02-27 04:11:24,0,FAKE,reddit_Buttcoin
NYT Opinion: Crypto Is Pointless. Not Even the White House Can Fix That.,,384,0.97,84,https://www.nytimes.com/2026/02/26/opinion/crypto-trump-bitcoin-clarity-genius.html?unlocked_article_code=1.PFA.S3Ar.oLsv6CNw0tRD&amp;smid=nytcore-ios-share,Buttcoin,2026-02-26 15:22:27,0,FAKE,reddit_Buttcoin
an oldie but a goodie,[https://www.youtube.com/watch?v=FnKrMKo\_WlU](https://www.youtube.com/watch?v=FnKrMKo_WlU),0,0.5,0,https://www.reddit.com/r/Buttcoin/comments/1rgm015/an_oldie_but_a_goodie/,Buttcoin,2026-02-27 23:07:02,0,FAKE,reddit_Buttcoin
Molly White's latest crypto recap just dropped: Issue 101 - Bought and paid for,"[https://www.citationneeded.news/issue-101/](https://www.citationneeded.news/issue-101/)

  
Enjoy being enraged!",58,0.98,4,https://www.reddit.com/r/Buttcoin/comments/1rfon1j/molly_whites_latest_crypto_recap_just_dropped/,Buttcoin,2026-02-26 22:29:25,0,FAKE,reddit_Buttcoin
Apparently some people gullible enough to believe a digital abstraction is a long term store of value are also gullible enough to believe Epstein was Satoshi.,,40,0.95,7,https://www.reuters.com/fact-check/no-evidence-epstein-email-suggesting-he-was-bitcoin-founder-is-authentic-2026-02-20/,Buttcoin,2026-02-26 23:56:09,0,FAKE,reddit_Buttcoin
"Trading platform Blockfills halts withdrawals to ""restore liquidity"".",,236,0.99,48,https://finance.yahoo.com/news/susquehanna-backed-crypto-lender-blockfills-173202226.html,Buttcoin,2026-02-26 10:43:09,0,FAKE,reddit_Buttcoin
Everytime they are jacking the price up...,"Volume collapses... It's almost as if no one is really interested in junk coins that go up forever.

https://preview.redd.it/5r4m3yuvrvlg1.png?width=1994&amp;format=png&amp;auto=webp&amp;s=58eece963e0dbd4bdeef2afcde1072992a58708a

  
",48,0.91,27,https://www.reddit.com/r/Buttcoin/comments/1rfhug8/everytime_they_are_jacking_the_price_up/,Buttcoin,2026-02-26 18:17:33,0,FAKE,reddit_Buttcoin
"Political donations in cryptocurrency should be subject to an urgent temporary ban to stop foreign interference in British elections, the chair of the national security committee has said.",,92,0.99,1,https://www.theguardian.com/politics/2026/feb/24/ministers-urged-to-ban-crypto-political-donations-over-foreign-interference-fears,Buttcoin,2026-02-26 14:14:51,0,FAKE,reddit_Buttcoin
We are so back guys!!!!! To the moon,,289,0.95,39,https://i.redd.it/x7xg27rahqlg1.jpeg,Buttcoin,2026-02-26 00:29:22,0,FAKE,reddit_Buttcoin
🤖 Meet Rick Bot - Your Ultimate Telegram &amp; Discord Companion!,"**Rck Chainley** brings powerful **crypto** tools, **useful** commands, and seamless **utility** to your group. Whether you need an AI companion, crypto tracking, or just some meme magic, Rick's got you covered.

🔥 **Highlighted Features**

* **Token Security** \- Scan any token for red flags
* **AI companion** \- Your go-to AI companion, right in your group!
* **𝕏 (Twitter) Recycle Checker** \- Discover out if a 𝕏 account is re-used
* **Web Checker** \- Website similarity scans
* **Lore Finder** \- Token backstory checks
* **Deployer History** \- Did the dev deploy other tokens?
* **Group leaderboards** \- Rick effortlessly tracks all tokens
* **Trending tokens** \- Find out what is trending
* **Wallet Stats** \- PnL tracking
* **Clan Rankings** \- Competitive stats

Join thousands of groups already enjoying Rick Bot!

# [**Get started today**](https://t.me/rick?start=cms-start) or [learn more](https://talk.markets/t/starting-with-rick-chainley/1135)!",2,1.0,1,https://www.reddit.com/r/CryptoMoonShots/comments/1ol5boy/meet_rick_bot_your_ultimate_telegram_discord/,CryptoMoonShots,2025-10-31 20:26:29,0,FAKE,reddit_CryptoMoonShots
Read the sidebar before making a new submission,"When you submit a moonshot claim, **quality** is expected. Provide any information of why you think it is a potential moonshot. What problem does it solve? Competitors? Go into both pros and cons. ""Great team"" does not provide any value what so ever. Again, READ THE SIDEBAR.

There are requirements to participate in this community.

* Your account needs to be at least **3 months old**.
* Your submission needs to be **1000 characters** or more in length.
* You need at least **100 karma** to submit a post ( **PARTICIPATING IN KARMA FARMING SUBREDDITS RESULT IN AN IMMEDIATE BAN UPON POSTING)** .
* You need at least **50 karma** to comment.
* Editing a post after submission is not allowed, and causes the submission to be removed.
* A user can only make a new submission **every 24 hours.** (This might increase in the future).

**Tokens/coins are to be flaired correctly, or the post is removed and the user will be PERMANENTLY banned.**

**Any updates in regards to the community can always be",2525,0.99,5,https://www.reddit.com/r/CryptoMoonShots/comments/8eor4a/read_the_sidebar_before_making_a_new_submission/,CryptoMoonShots,2018-04-24 22:54:32,0,FAKE,reddit_CryptoMoonShots
$SUS just did something VERY sus… and I’m all in,"Hey guys,

https://linktr.ee/SusDog

Been scrolling through Solana memes lately and kept seeing $SUS pop up the “Sus Dog.” It’s got that classic meme vibe: suspicious, chill, and kinda funny in a “what’s this pup up to?” way. No crazy backstory or overhyped utility just a straightforward Solana meme coin built for the community and the laughs. Fast transactions, low fees, and that degen-friendly energy that makes Solana fun. The chart’s been grinding quietly, and the community feels active without the usual chaos.

One thing that stood out is how $SUS connects to the broader Dogecoin ecosystem. It carries that classic Doge energy and launched via the Anoncoin launchpad, which is tied to DogeOS the app layer being built for Dogecoin by the MyDoge wallet team. They’re aiming to bring more real functionality to DOGE holders, like apps, trading, and native experiences.

There’s also the SUS Doginals side a small NFT collection (420 total) inscribed directly on the Dogecoin blockchain, with",7,1.0,8,https://www.reddit.com/r/CryptoMoonShots/comments/1skrmag/sus_just_did_something_very_sus_and_im_all_in/,CryptoMoonShots,2026-04-13 23:24:36,0,FAKE,reddit_CryptoMoonShots
miniclouds — Cannabis live rosin memecoin just launched on Pump.fun ☁️ 🌿,"Just launched miniclouds on [Pump.fun](http://Pump.fun) — and there's actually a real brand

  behind this one.                                                              

   

  [miniclouds.co](http://miniclouds.co) is a small-batch live rosin cannabis company. They make         

  solventless gummies using pesticide-free cannabis from single grows,

  third-party lab tested, seed-to-gummy transparency. The tagline is ""Drift     

  Higher"" and the logo is genuinely clean — a gradient cloud with a cannabis

  leaf, done properly.



   an anonymous dev throwing up a ticker and disappearing. There's a website, a 

  product, a brand identity, and an aesthetic that translates well to crypto   

  Twitter and Telegram.                                                         



  TOKEN DETAILS:

  • Name: miniclouds

  • Symbol: miniclouds

  • Chain: Solana     

  • Platform: [Pump.fun](http://Pump.fun) (bonding curve)                                          

  • Supply: 1,000,00",1,1.0,2,https://www.reddit.com/r/CryptoMoonShots/comments/1sky5gw/miniclouds_cannabis_live_rosin_memecoin_just/,CryptoMoonShots,2026-04-14 04:16:34,0,FAKE,reddit_CryptoMoonShots
how to get your token trending on solana,"If you're trying to get a token trending on Solana, it's not just about wishful thinking. There’s a bit of strategy involved that can significantly increase your chances. Here’s a straightforward approach to consider: 1. Start with solid fundamentals. Make sure your token has a clear use case and a dedicated community. No one wants to invest in a project that lacks substance. 2. Build a buzz on social media. Use platforms like Twitter and Discord to engage potential investors. Share insights about your token and build a narrative around it. You want people talking before you even launch. 3. Look into [bot.autohustle.online](http://bot.autohustle.online) for boosting your trading volume. This tool enables you to simulate trades across leading platforms like PumpSwap and Orca, helping your token gain visibility. It’s seen over 9,645 trades and can help kickstart those initial movements in volume. 4. Utilize its volume options strategically. You can choose their Wave strategy or the Micro",1,1.0,2,https://www.reddit.com/r/CryptoMoonShots/comments/1skp6ys/how_to_get_your_token_trending_on_solana/,CryptoMoonShots,2026-04-13 21:47:46,0,FAKE,reddit_CryptoMoonShots
Doxxed Builder + Transparent Setup… Interesting or Overhyped?,"I’ve been around this space long enough to know most things follow the same cycle. Something launches, gets a bit of attention, people start speculating, and within a short time it either fades out or gets replaced by the next thing. Because of that, I usually don’t spend much time digging deeper anymore unless something genuinely stands out.



But every now and then, something interrupts that pattern slightly.



Sector 61 is one of those cases. It’s built by a father who is actually visible and actively involved, sharing updates and showing progress rather than hiding behind anonymity or relying purely on hype. That alone already makes it feel more grounded than a lot of the usual noise in this space.



What also stood out is how open the structure is. Instead of relying on trust or delayed explanations, there’s a setup where activity can be followed more directly and transparently as it happens. You don’t have to wait for summaries or post-event breakdowns, you can just observe wh",1,1.0,1,https://www.reddit.com/r/CryptoMoonShots/comments/1skowki/doxxed_builder_transparent_setup_interesting_or/,CryptoMoonShots,2026-04-13 21:36:47,0,FAKE,reddit_CryptoMoonShots
Which Tools and Websites Are Best for Predicting Cryptocurrency Prices?,"There’s no tool that can reliably predict cryptocurrency prices with certainty, but there are several high-quality platforms that help you estimate probabilities, trends, and market direction.

The best approach is to combine tools from different categories:

# 📊 1. Price data &amp; market aggregators (baseline tools)

These don’t “predict” directly, but they are the foundation for any analysis.

* CoinMarketCap – price, volume, sentiment indicators, basic forecasts
* CoinGecko – market caps, trends, ecosystem tracking
* Messari – deep project fundamentals + dashboards

Best for: understanding current market conditions and long-term fundamentals.

# 📈 2. Technical analysis platforms (short-term price direction)

These are widely used by traders to anticipate movements based on charts.

* TradingView – indicators, community predictions, chart patterns
* Binance/Bybit/Bitget chart tools (built-in technical indicators)

Best for: short-term trading signals (hours to weeks), not long-term ",3,1.0,1,https://www.reddit.com/r/CryptoMoonShots/comments/1skaxnu/which_tools_and_websites_are_best_for_predicting/,CryptoMoonShots,2026-04-13 13:31:57,0,FAKE,reddit_CryptoMoonShots
"IROHA (SOL) , early community push + trending on Dexscreener, but key level to watch","Been digging into a low cap on Solana called IROHA and it’s starting to look like one of those early-stage setups worth watching.

**CA:** 9SeCSdbPzz95KomGUGEV9Shn2zGXNmMJhE9J72Hipump

**Why it stands out:**

* Recently hit **top 15 trending on Dexscreener** with \~30 boosts
* Clear **animal meme narrative forming (baby hippo / “next Moo Deng” type vibe)**
* Early Twitter activity picking up over the last \~18 hours
* Still very small cap compared to similar runners

**Chart context:**

* Previously ran above **2M MC**, now sitting around **\~200k–250k**
* Just tested \~300k and pulled back, which is now the key level. I suspect with the rising floor price soon this resistance will break. 

**What makes this interesting:**  
A lot of runners start exactly like this:

* quiet accumulation
* early community push
* trending visibility before the real breakout

If this **reclaims \~300k and holds**, it could shift momentum quickly and bring in a new wave of buyers.

**Risk side (important)",1,1.0,1,https://www.reddit.com/r/CryptoMoonShots/comments/1skehqt/iroha_sol_early_community_push_trending_on/,CryptoMoonShots,2026-04-13 15:37:48,0,FAKE,reddit_CryptoMoonShots
"NovaChargeX (NCX) — Real patented clean-energy company, 28 days old, 800%+ since launch | ERC-20 on Ethereum | Not a meme coin","*Disclosure: I'm part of the NovaChargeX team. All links below are official.*

Most tokens launched in the last month are meme coins with no utility, no team, and no future. NCX is built differently — so let me give you the full picture and let you decide.

**What is NovaChargeX?** NovaChargeX LLC is a real registered company with a patented hybrid regenerative clean-energy system. The technology exists, it's patented, and it won the **World Future Awards 2025 for Best Hybrid Regenerative Clean Energy System**. Covered by Al Arabiya English, SolarQuarter, and syndicated on Reuters/TradingView/Zawya.

**The Token (NCX)**

* Contract: `0xf8a6F43cE478aAc1Db99c07661Dfd3aCb5890792`
* Chain: Ethereum (ERC-20)
* Total Supply: 120,000,000 NCX
* Launch date: March 16, 2026 — 28 days old
* Price performance: **800%+ since launch** (organic, no bots, no paid pumps)
* Listed: Ethereum DEX + Binance Web3 Wallet

**Why NCX isn't just another token** The RWA narrative is one of the strongest in crypt",1,1.0,1,https://www.reddit.com/r/CryptoMoonShots/comments/1sk4a4m/novachargex_ncx_real_patented_cleanenergy_company/,CryptoMoonShots,2026-04-13 07:59:18,0,FAKE,reddit_CryptoMoonShots
"Your token Locked liquidity is sellable on Magnum. Your dead token is 'alive'. We pick the best bid from verified buyers so value matches reason. Available for you anytime, all the time! Stay ahead of unlock date.","In crypto, liquidity is power.

But when your liquidity is locked, that power becomes limited. You see opportunities forming, new plays emerging, and strong rotations happening — yet your capital is stuck waiting for an unlock date.

That’s the gap Magnum fills.

\---

Magnum Locked Liquidity Marketplace (LLMP)

Magnum gives you direct access to a network of verified buyers actively looking to acquire locked liquidity positions. Instead of waiting, you can now sell your locked liquidity before unlock and regain control of your capital.

\---

Why Magnum stands out

Best Bid Selection

Magnum doesn’t just find a buyer — it connects you to multiple buyers and selects the strongest bid, ensuring your liquidity is priced fairly and competitively.

Verified Counterparties

All buyers are vetted, reducing the risks that come with random OTC deals and unreliable negotiations.

Fast Execution

No unnecessary delays. Once a deal is agreed, execution is streamlined so you can move quickly.

Secu",3,1.0,6,https://www.reddit.com/r/CryptoMoonShots/comments/1sjp3wq/your_token_locked_liquidity_is_sellable_on_magnum/,CryptoMoonShots,2026-04-12 20:09:03,0,FAKE,reddit_CryptoMoonShots
Just A Thought On The Overall Market,"Obviously awful conditions, Bitcoin and ETH are both nowhere near the ATHs, however there is still vast opportunity to make gains.

If you are only interested in tech projects this simply isn't the post for you, sorry to be blunt but I think it's more fair to not waste your time.

Even in this market, there is a few projects still grinding and working relentlessly ignoring the market conditions and is instead building the foundations to push harder when the conditions flip.

**Kendu** is one of these projects, you can find most of the Kendu Reddit posts on my profile.

But Kendu isn't just on Reddit, we also dominate X, Capitoday and Stocktwits, whilst also breaking boundaries IRL:

* Kendu has over 25 IRL initiatives from energy drinks to coffee to vending machines to shoes to spices
* All community led
* Available on Amazon

If this post hasn't convinced you, DYOR and I am sure you will find...

**This Is Kendu's Era**

We Don't Gamble, We Work

[r/KenduInu\_Ecosystem](/r/KenduInu_Ec",27,0.97,18,https://www.reddit.com/r/CryptoMoonShots/comments/1siunvl/just_a_thought_on_the_overall_market/,CryptoMoonShots,2026-04-11 20:54:39,0,FAKE,reddit_CryptoMoonShots
"just tried out vol bot for pump.fun and wow, it actually works","so i was sitting on my pump.fun tokens, and the chart was looking pretty dead. i was scrolling through and found this volume bot at bot.autohustle.online. figured, why not give it a shot? honestly, what i saw blew my mind. the vol bot generates real on-chain buy/sell trades from more than 30 unique worker wallets. after turning it on, my volume started kicking in fast. before i knew it, pump.fun was trending on DexScreener. really cool to see a dead chart start to get some love.



the stats are pretty solid too. i mean, over 9,600 trades executed and around 76 SOL in total volume – no joke. it’s like having a cheat code for pumping your token. the bot offers different strategies, and i went with the Wave one since it’s supposed to be the best for trending. with a cost of about 2% per trade cycle, it’s pretty affordable considering it can help bring those buyers in.



i even did the free 2-hour trial through their Telegram bot u/AutoHustlePromoBot – no email or private keys needed, so",0,0.4,8,https://www.reddit.com/r/CryptoMoonShots/comments/1sj712h/just_tried_out_vol_bot_for_pumpfun_and_wow_it/,CryptoMoonShots,2026-04-12 06:43:09,0,FAKE,reddit_CryptoMoonShots
$PANDU not just a memecoin on Solana,"



Pandu Pandas (often called Pandu or $PANDU) is a blockchain-based project centered around an AI-powered panda companion named Pandu.  
It's built on the Solana blockchain and combines meme coin vibes with actual utility through AI chat, NFTs, and a companion app.  


**Core Concept**

Pandu as an AI Friend: It's marketed as ""The First AI Friend on the Blockchain."" You can chat with Pandu in real-time via text or voice, share thoughts, ask questions, get advice, or just have casual conversations. The AI is designed to feel personal, adaptive, and emotionally aware—like a persistent digital companion that evolves with you. 


There's an official mobile app called ""Pandu: Smart Panda Friend"" on Google Play, and a website (pandupandas.com) where you can interact with it. It includes features like real-time conversation, creative generation (e.g., image or content creation), and future AI upgrades. 


**Key Elements of the Project**

**$PANDU Token:**  
A Solana-based meme/utility token",59,0.94,7,https://www.reddit.com/r/CryptoMoonShots/comments/1sid0bo/pandu_not_just_a_memecoin_on_solana/,CryptoMoonShots,2026-04-11 08:02:18,0,FAKE,reddit_CryptoMoonShots
Anyone taking a shit on grass.io?,"Looks pretty shitty but also lets you mine from browser so Ima make a bag. Basically you share extra bandwidth on your network and the browser extension mines when connected. You can also mine from your computer using their desktop app. I'm just trying to fill space now but worth creating a bag I think at minimal time/cost and who knows maybe it will explode one day. Ok thanks for reading

[grass.io](https://app.grass.io/register?referralCode=gRvEeVj6--ukGXJ)





















Looks pretty shitty but also lets you mine from browser so Ima make a bag. Basically you share extra bandwidth on your network and the browser extension mines when connected. You can also mine from your computer using their desktop app. I'm just trying to fill space now but worth creating a bag I think at minimal time/cost and who knows maybe it will explode one day. Ok thanks for reading



Looks pretty shitty but also lets you mine from browser so Ima make a bag. Basically you share extra bandwidth on your n",3,1.0,1,https://www.reddit.com/r/CryptoMoonShots/comments/1sivy5k/anyone_taking_a_shit_on_grassio/,CryptoMoonShots,2026-04-11 21:47:26,0,FAKE,reddit_CryptoMoonShots
Media Briefing: Launch of the $CWU Community Token,"



The $CWU Community Token has launched on Solana, marking a new chapter for Commonwealth Blockchain Network and introducing what the network describes as its first shared digital identity for 2.6 billion people across the Commonwealth ecosystem. 

Issued by the Commonwealth Union Blockchain Network, the blockchain vertical of Commonwealth Union, $CWU is positioned as a community token with backing of commonwealth union at launch.



The president of Commonwealth Union Blockchain Network is His Highness Sheikh Saoud bin Faisal Sultan Alqasimi, royal family member of Sharjah and Ras Al Khaimah, United Arab Emirates https://sheikhsaoud.com - https://x.com/hesbfaq

Commonwealth Union has previously described its blockchain vertical as an initiative spanning 56 nations and focused on digital innovation and financial inclusion.

The network also announced on April 8 that $CWU is built on Solana and serves as the official token of its blockchain vertical.



**Launched on Solana,** $CWU en",50,1.0,7,https://www.reddit.com/r/CryptoMoonShots/comments/1sgu5xs/media_briefing_launch_of_the_cwu_community_token/,CryptoMoonShots,2026-04-09 16:14:34,0,FAKE,reddit_CryptoMoonShots
Apes Were Always the Market. $MOLT Is Making Them the Narrative.,"In a market increasingly defined by short attention spans and constant rotation, a new project is attempting to revive something many believe has been lost: conviction.  
  
$MOLT is positioning itself around a simple but overlooked idea. While previous cycles were dominated by dogs and frogs, both of which reached multi-billion valuations, the “ape” identity that has long defined market behavior never fully translated into a leading meme asset.  
  
Yet across both crypto and traditional markets, the concept of “apes” remains omnipresent. From retail trading movements like WallStreetBets and AMC to the culture of high-conviction communities in crypto, the behavior is already there. What has been missing is a focal point.  
  
**$MOLT is attempting to become that.**  
  
Rather than relying purely on short-term hype, the project has focused on building a base of holders and contributors aligned around content, memes, and repetition. The goal is not to chase attention, but to create som",1,1.0,2,https://www.reddit.com/r/CryptoMoonShots/comments/1shiypo/apes_were_always_the_market_molt_is_making_them/,CryptoMoonShots,2026-04-10 10:43:42,0,FAKE,reddit_CryptoMoonShots
Using Gold as margin is a game changer for capital efficiency,"I recently discovered a feature on BingX that’s worth sharing for anyone holding tokenized gold. They’ve added XAUT and PAXG to their Multi-Asset Margin support. 📈

Why this matters for your portfolio:

Usually, gold-backed assets just sit in your wallet waiting for price action. This update lets you use that ""idle"" gold as collateral to trade futures without having to sell your position. 🛠️

⚡ Smart Liquidity: Instead of swapping your gold for USDT to trade, you keep the gold and use its value as margin. 

🔄 Active Collateral: Imagine holding $2,000 in PAXG. You can now use that to back a BTC or ETH trade, keeping your ""safe haven"" exposure while staying active. 

🛡️ Risk Management: It’s a solid way to diversify your margin away from being 100% dependent on stablecoins. 

How it works:

The system applies a haircut (collateral ratio), allowing you to leverage your gold holdings to capture market moves in the crypto space. It’s a great move for anyone focused on capital efficiency. 🚀
",7,1.0,7,https://www.reddit.com/r/CryptoMoonShots/comments/1sh3huo/using_gold_as_margin_is_a_game_changer_for/,CryptoMoonShots,2026-04-09 21:50:35,0,FAKE,reddit_CryptoMoonShots
"Not Sure Where This Fits, But It’s Been on My Mind","I’ve been in this space long enough to usually have a quick read on things. Most projects either feel like obvious hype plays or just recycled ideas with a new coat of paint. So I tend to scroll past pretty fast.



But this one didn’t fully land in either category for me, which is why I’m posting it here.



It’s called Sector 61. It was built by a father from Malta whose daughter has WWOX Syndrome, which I hadn’t even heard of before. Turns out it’s an extremely rare genetic condition, with only around 60 known cases worldwide. She started having seizures at just a couple of weeks old and was diagnosed within a few months. From what I understand, the condition is severe and there isn’t much in terms of treatment or support, mainly because it’s so rare that it doesn’t get much attention.



Instead of just accepting that, he’s trying to build something using crypto, with a focus on keeping everything transparent and visible from the start. It’s all on-chain, so you can actually see wh",2,1.0,2,https://www.reddit.com/r/CryptoMoonShots/comments/1sh1f5o/not_sure_where_this_fits_but_its_been_on_my_mind/,CryptoMoonShots,2026-04-09 20:31:44,0,FAKE,reddit_CryptoMoonShots
"Most meme coins die fast, not because they’re memes, but because they build nothing","I’ve been spending a lot of time lately thinking about why most meme coins disappear so quickly.

At first, I thought it was obvious, “they’re just memes.”  
But the more I looked into it, the more I realized that’s not really the problem.

Memes are powerful.  
They spread faster than any whitepaper ever could.  
They create communities almost instantly.

So why do they still die?

Because most of them stop at attention.

They get the hype, the early volume, the quick traction…  
and then nothing happens after that.

No direction.  
No structure.  
No reason for people to stay once the excitement fades.

And people feel that. Fast.



I’m not saying every project needs to be some ultra-complex protocol.  
But there has to be *something* beyond the meme.

A reason to hold.  
A reason to come back.  
A reason to care.



Lately, I’ve been working on something called **GURI**.

Not trying to “fix crypto” or claim it’s the next big thing.  
Just experimenting with a simple idea:

**What i",2,1.0,4,https://www.reddit.com/r/CryptoMoonShots/comments/1sgr3mb/most_meme_coins_die_fast_not_because_theyre_memes/,CryptoMoonShots,2026-04-09 14:24:35,0,FAKE,reddit_CryptoMoonShots
Are you tired of not making any profit? Share your unused internet with Grass and train their AI models; Get paid on Solana,"**Fuel the AI Revolution with Grass.**

AI needs massive amounts of data to learn, and **Grass** is the bridge. As a leading DePIN project on Solana, Grass lets you contribute your spare bandwidth to power the next generation of Artificial Intelligence. You provide the rails for AI data collection; we provide the rewards. Secure, decentralized, and entirely passive.

**Why Grass Is Getting Attention**

* **AI × DePIN Combo:** Your bandwidth helps power data pipelines for AI models — and you get paid.
* **Early-Stage Advantage:** Still early, could grow into key infrastructure for AI data sourcing.
* **Actual Passive Income:** Install → run in the background → collect rewards. No mining, no tasks.
* **Extra Bonus:** Use **SEsneMoIYQS6M3w** at signup for **5,000 extra points**.
* **Built on Solana:** Fast, cheap, and well-suited for DePIN scaling.

🛠️ How to Start (Takes \~2 Minutes)

1. Register: [https://app.grass.io/register?referralCode=SEsneMoIYQS6M3w](https://app.grass.io/register?",1,0.67,3,https://www.reddit.com/r/CryptoMoonShots/comments/1sgjwc6/are_you_tired_of_not_making_any_profit_share_your/,CryptoMoonShots,2026-04-09 08:34:56,0,FAKE,reddit_CryptoMoonShots
"Stuck for the next launch but have locked liquidity? Worry no more. Magnum brings you 150+ verified locked liquidity buyers to give you the best bid for your locked liquidity. Rise up, get 'unlocked' - Locked liquidity is liquid money with Magnum LLMP. Any chain, any size, any time!","Got your eyes on the next big launch… but your capital is locked?

That’s one of the biggest frustrations in crypto. You’ve done everything right — provided liquidity, locked it to build trust, supported your project — but now your funds are stuck while new opportunities are moving fast.

What if your locked liquidity didn’t have to hold you back?

Introducing Magnum Locked Liquidity Marketplace (LLMP) — the platform designed to turn your locked LP into accessible, usable capital before the unlock date.

\---

Why Magnum changes the game

🔹 150+ Verified Buyers

Magnum connects you to a strong network of serious, vetted buyers actively looking to purchase locked liquidity positions.

🔹 Best Bid Advantage

Instead of negotiating blindly, you receive multiple competing offers, helping you secure the most favorable deal.

🔹 Unlock Capital Early

No need to sit idle waiting for unlock timelines. With Magnum, you can access liquidity when opportunity calls.

🔹 Secure &amp; Streamlined Proce",1,1.0,1,https://www.reddit.com/r/CryptoMoonShots/comments/1sghr88/stuck_for_the_next_launch_but_have_locked/,CryptoMoonShots,2026-04-09 06:27:30,0,FAKE,reddit_CryptoMoonShots
2B into Bitcoin ETFs. Is this the setup before alt season?,"Bitcoin ETFs just pulled in around $2B this week, and you can feel the shift in market energy almost immediately. BTC grinding its way toward $75K doesn’t even feel surprising anymore — if anything, it feels like the kind of slow, controlled move you get when bigger money is involved. It’s not the chaotic retail-driven spikes we’ve seen in past cycles. This looks more structured, more patient, and honestly a bit more convincing on the surface.

But let’s be real for a second — most people in this sub aren’t here just for Bitcoin. The real question everyone is quietly thinking about is what comes next. Because historically, Bitcoin is just the first domino. It moves, it absorbs liquidity, it builds confidence, and then at some point that capital starts rotating outward. That’s when things start to get interesting for anyone looking beyond BTC.

We’ve seen this pattern play out multiple times. BTC leads, dominance rises, narratives build, and then suddenly attention shifts. At first it’s",3,1.0,3,https://www.reddit.com/r/CryptoMoonShots/comments/1sg9pap/2b_into_bitcoin_etfs_is_this_the_setup_before_alt/,CryptoMoonShots,2026-04-08 23:56:01,0,FAKE,reddit_CryptoMoonShots
The Growing Influence of BingX with Chelsea F.C.,"I was checking back testing my trade and I jolted to X to watch some football highlights, and something caught my attention. It made me want to dig deeper. I went to check how Chelsea team and BingX are connected, and seeing the team wear a shirt that has BingX written on it is another powerful way of showing off their partnership.

That moment right there says a lot about how far crypto and digital finance have come. It’s no longer just something you see on charts or trading platforms it’s now part of global culture, sports, and everyday conversations.

The partnership between Chelsea F.C. and BingX is more than just branding on a jersey. It represents a strategic alignment between elite sports performance and the fast-evolving world of crypto trading. Chelsea, a club built on discipline, teamwork, and consistency, mirrors the same principles required to succeed in the crypto space. And BingX, as a global trading platform, is pushing forward the idea that financial growth today requir",3,1.0,2,https://www.reddit.com/r/CryptoMoonShots/comments/1sfqlbw/the_growing_influence_of_bingx_with_chelsea_fc/,CryptoMoonShots,2026-04-08 11:51:41,0,FAKE,reddit_CryptoMoonShots
Just stumbled on this suspicious little dog $SUS on Solana – anyone else checking it out?,"Hey,

Been scrolling through Solana memes lately and kept seeing $SUS pop up – the “Sus Dog.” It’s got that classic meme energy: suspicious, chill, and kinda funny in a “what’s this pup up to?” way.
No crazy backstory or utility pitch here – it’s a straightforward Solana meme coin built for the community and the laughs. Fast transactions, low fees, and the usual degen vibes that make Solana fun. The chart’s been grinding in its own quiet way, and the community seems pretty active without the usual chaos.

One thing that caught my attention is how $SUS ties into the broader Doge ecosystem. It’s got roots in that classic Doge vibe and launched via the Anoncoin launchpad, which is positioned as the official launchpad for DogeOS the new app layer being built for Dogecoin by the MyDoge wallet team. They’re working on bringing more real functionality to DOGE holders, like apps, trading, and native experiences.
Part of that includes the SUS Doginals side there’s a fresh Doginals marketplace f",11,0.93,21,https://www.reddit.com/r/CryptoMoonShots/comments/1sf7bpp/just_stumbled_on_this_suspicious_little_dog_sus/,CryptoMoonShots,2026-04-07 20:14:32,0,FAKE,reddit_CryptoMoonShots
"Planet Fatness — 2 months in, still active and building","Been watching Planet Fatness for a bit and what stood out to me isn’t just what’s live — it’s how everything seems to connect.

Most small projects add “features” that feel random or disconnected. This one feels more like it’s building a loop.

Right now you’ve got:

• Multiple live mini-games

• Leaderboards tied to actual activity (scores, calories, streaks)

• Daily airdrops + Telegram engagement

• A system where showing up and participating actually matters

But what’s interesting is where it looks like it’s going.

From what I can tell, the next phase isn’t just adding more games for the sake of it — it’s about making each piece feed into the same system:

• Simpler / more viral-style games to bring new users in

• Performance-based rewards instead of just holding

• Leaderboards that actually mean something (daily / weekly / lifetime)

• Stronger connection between gameplay, activity, and token incentives

So instead of random features, it feels like everything is being built to",7,0.89,67,https://www.reddit.com/r/CryptoMoonShots/comments/1sfaaw6/planet_fatness_2_months_in_still_active_and/,CryptoMoonShots,2026-04-07 22:06:36,0,FAKE,reddit_CryptoMoonShots
$ZYPTO Now on Coinbase | Best Low Cap Altcoin on Base?,"Huge milestone just dropped.

$ZYPTO is now available within the **Coinbase ecosystem via Base (Layer 2 blockchain)**  opening the door to massive exposure, new liquidity, and easier access for retail and DeFi users. 

This positions Zypto as a **rising multi-chain altcoin** and a potential **low cap crypto gem** as we head toward the next bull cycle. 

If you’re looking for a **multi-chain crypto with real momentum**, $ZYPTO is quickly positioning itself as a serious contender. 

In just a short span, Zypto has expanded across multiple major ecosystems:

# 🌐 Current Chain Coverage

• **Ethereum (ETH)** – original launch foundation   
• **Base (Coinbase L2)** – now live with growing liquidity   
• **BNB Chain** – access to one of the largest retail ecosystems   
• **Solana – launching this Thursday** ⚡️

That’s coverage across **L1 + L2 + high-speed chains**, which is exactly where liquidity and users are flowing in 2026 narratives. And this isn’t the end… more chains are already plann",11,1.0,7,https://www.reddit.com/r/CryptoMoonShots/comments/1sezii8/zypto_now_on_coinbase_best_low_cap_altcoin_on_base/,CryptoMoonShots,2026-04-07 15:38:15,0,FAKE,reddit_CryptoMoonShots
"$TARIFF on Solana — trade war memecoin launched today, narrative is literally the #1 news story right now","Trump's tariffs are dominating every single headline on the planet right now. Every news outlet, every finance Twitter account, every macro trader is talking about one thing — the trade war. Markets are in chaos. Crypto is volatile. And someone had to launch the tariff token on pump.fun.



That happened today.



$TARIFF just launched on the Solana [pump.fun](http://pump.fun) bonding curve. We're at the absolute ground floor — bonding curve barely touched. This is the kind of entry point most people only see after the fact when they're crying about missing it.



Why this narrative works:

• Tariffs are the #1 story globally — not just in crypto, everywhere

• Memecoins live and die by narrative timing — this one is perfectly timed

• Solana [pump.fun](http://pump.fun) launches move FAST when the narrative hits

• Early bonding curve = maximum upside potential



Contract: 8PdrpMupN4uSMxTfpabNYx4d9TwxMEC2jHjQ7UDyK161



🔗 [https://pump.fun/coin/8PdrpMupN4uSMxTfpabNYx4d9TwxMEC2jHjQ7UDy",3,1.0,2,https://www.reddit.com/r/CryptoMoonShots/comments/1sf7625/tariff_on_solana_trade_war_memecoin_launched/,CryptoMoonShots,2026-04-07 20:08:09,0,FAKE,reddit_CryptoMoonShots
ApoCATlypse Meow,"**APOCAT - Survive the apoCATlypse**

New Website online: [www.apocat.ch](http://www.apocat.ch)



# What is APOCAT?

APOCAT is a **fixed-supply ERC-20 meme token** built for one thing only:

&gt;

* No mint function
* No ownership controls
* Supply capped at **690,420 tokens**
* **50%+ already burned forever**

No roadmap. No promises. Just a cat at the end of the world.



# Why APOCAT?

Because not every coin needs to pretend to be the future of finance.

APOCAT is:

* a meme
* a collectible
* a signal to other survivors

If you’re here early… you’re part of the story.



# Mission

Find the others.

Grow the community.  
Spread the meme.  
Survive together.





# Join the apoCATlypse

If you vibe with it:

* Hold APOCAT
* Share memes
* Bring other survivors

or just watch the ApoCATlypse with us...



\-&gt; [www.apocat.ch](http://www.apocat.ch) &lt;- any feedback is welcome and wanted !!!!



Questions / ideas?  
Jump into X, Discord or reach out: [**hello@apocat.ch**](mailto:hel",1,1.0,1,https://www.reddit.com/r/CryptoMoonShots/comments/1sf1h28/apocatlypse_meow/,CryptoMoonShots,2026-04-07 16:47:15,0,FAKE,reddit_CryptoMoonShots
Which Platform Offers the Best ETH to PKR Rates? Full Comparison,"When comparing Ethereum (ETH) to Pakistani Rupee (PKR) conversion rates, there isn’t one single platform that universally offers the “best” rate, it depends on how you want to convert (price feed vs actual cash‑out) and the method you use. Here’s how to think about it:

Best Platforms &amp; Methods for ETH → PKR:

  
1. Centralized Exchanges with P2P Support

These are generally where you’ll get the closest market rate + liquidity:

\- Bitget – Offers ETH → USDT spot trading and a P2P marketplace where you can sell USDT for PKR directly to other users. Because Bitget uses escrow and real user orders, the effective rate you get can be very close to the live ETH market price. Reports show Bitget’s ETH → PKR reference rate around ₨567,900–₨569,000 per ETH in recent data, which tracks closely with broad market averages.

\- Binance (via P2P) – Another major exchange where the common workflow is selling ETH for USDT and then USDT for PKR using the platform’s P2P section. Fee‑free or low‑fee",2,1.0,1,https://www.reddit.com/r/CryptoMoonShots/comments/1seuzsw/which_platform_offers_the_best_eth_to_pkr_rates/,CryptoMoonShots,2026-04-07 12:47:34,0,FAKE,reddit_CryptoMoonShots
Big payments as a stress test for fintech,"I’ve been thinking about this a lot lately, especially after a few real-world situations where I needed to move and actually use larger amounts — not just send a couple hundred here and there, but proper, meaningful sums tied to something tangible.

On the surface, modern fintech feels polished. Clean UX, instant notifications, multi-currency accounts, sleek branding — everything gives off that “banking, but finally fixed” vibe. Apps like Revolut, Wise, and Keytom all do a great job at that first impression layer. And to be fair, for everyday usage, they absolutely deliver.

Splitting bills, paying subscriptions, moving moderate amounts between currencies — it’s fast, intuitive, and way better than traditional banking used to be. No arguments there.

But the moment you step outside that “everyday usage” zone, things start to feel… different.

I’m talking about situations like:

* paying a large deposit (rent, property, etc.)
* moving accumulated crypto profits into fiat for a real purc",5,1.0,3,https://www.reddit.com/r/CryptoMoonShots/comments/1sedrp9/big_payments_as_a_stress_test_for_fintech/,CryptoMoonShots,2026-04-06 22:29:43,0,FAKE,reddit_CryptoMoonShots
"Been holding crypto for three years and spent maybe 1% of it in real life, anyone else just sitting on a wallet that never actually gets used","Have a decent stack across ETH, USDT and a few other assets. Been accumulating since 2021. Total amount I have actually spent in real life using crypto across three years is embarrassingly close to zero. Not because I don't want to. Because every time I try to actually use it the friction wins.

Want to buy something at a store, need to move funds to an exchange first. Want to pay a bill, need to convert to fiat first. Want to tip someone, need them to have the same app first. Every real world spending attempt turns into a multi step process that makes just using my debit card the path of least resistance every single time. The result is a wallet full of assets I believe in long term that functionally does nothing in my daily life. It just sits there appreciating or depreciating while I pay for everything with a card connected to a bank I don't particularly like.

The gap between holding crypto and actually using it in daily life is wider than anyone in the industry seems willing to ad",4,0.84,6,https://www.reddit.com/r/CryptoMoonShots/comments/1se3kje/been_holding_crypto_for_three_years_and_spent/,CryptoMoonShots,2026-04-06 16:21:23,0,FAKE,reddit_CryptoMoonShots
"FLOWIX, solana based Token tied to two sites","FLOWIX is a next-generation digital token designed to bring utility and engagement together in a seamless ecosystem. Built around both play-to-earn and trade-to-earn mechanics, it offers users multiple ways to participate and benefit. Whether through interactive gaming environments or strategic trading activity, FLOWIX creates consistent opportunities for value creation without relying on hype alone.

What makes FLOWIX unique is its deflationary structure, which gradually reduces supply over time. This mechanism is designed to reward long-term participants and encourage a more stable token economy. Instead of unchecked inflation, the system promotes sustainability and balance.

FLOWIX is closely integrated with platforms like CryptoPlayBox and EasyGridBot, enhancing its real-world functionality. These connections allow users to actively use the token rather than simply hold it, bridging entertainment and automated trading tools in one ecosystem.

  
FLOWIX continues to expand its ecosy",2,1.0,1,https://www.reddit.com/r/CryptoMoonShots/comments/1se3vh4/flowix_solana_based_token_tied_to_two_sites/,CryptoMoonShots,2026-04-06 16:32:31,0,FAKE,reddit_CryptoMoonShots
"Your locked liquidity is 'not locke' ! Magnum Locked Liquidity Marketplace gives you a platform where 150+ verified buyers are available to give the best bid for your locked liquidity - Fast, secure and reputable.","“Locked liquidity” has always implied one thing in crypto: wait.

You lock LP to build trust, support your token, or meet launch conditions — and in return, your capital becomes untouchable until the unlock date. No flexibility. No access. No ability to react when opportunities show up.

But what if that assumption is outdated?

Your locked liquidity is not locked.

Welcome to Magnum Locked Liquidity Marketplace — a platform designed to unlock the value of your locked LP before the unlock date by connecting you directly with a network of 150+ verified buyers.

Instead of waiting months (or years), you can now:

\- Request bids for your locked liquidity

\- Compare offers from multiple buyers

\- Secure the best available price

\- Access capital when you actually need it

\---

Why Magnum stands out

🔹 150+ Verified Buyers

You’re not relying on one counterparty. Magnum gives you access to a broad network of serious, vetted buyers competing for your position.

🔹 Best Bid Execution

Wit",1,1.0,1,https://www.reddit.com/r/CryptoMoonShots/comments/1se3o3d/your_locked_liquidity_is_not_locke_magnum_locked/,CryptoMoonShots,2026-04-06 16:24:58,0,FAKE,reddit_CryptoMoonShots
Grass Pays You For Unused Internet While Helping Train the Next Generation of AI on Solana,"**Fuel the AI Revolution with Grass.**

AI needs massive amounts of data to learn, and **Grass** is the bridge. As a leading DePIN project on Solana, Grass lets you contribute your spare bandwidth to power the next generation of Artificial Intelligence. You provide the rails for AI data collection; we provide the rewards. Secure, decentralized, and entirely passive.

**Why Grass Is Getting Attention**

* **AI × DePIN Combo:** Your bandwidth helps power data pipelines for AI models — and you get paid.
* **Early-Stage Advantage:** Still early, could grow into key infrastructure for AI data sourcing.
* **Actual Passive Income:** Install → run in the background → collect rewards. No mining, no tasks.
* **Extra Bonus:** Use **SEsneMoIYQS6M3w** at signup for **5,000 extra points**.
* **Built on Solana:** Fast, cheap, and well-suited for DePIN scaling.

🛠️ How to Start (Takes \~2 Minutes)

1. Register: [https://app.grass.io/register?referralCode=SEsneMoIYQS6M3w](https://app.grass.io/register?",3,1.0,2,https://www.reddit.com/r/CryptoMoonShots/comments/1sd3kc9/grass_pays_you_for_unused_internet_while_helping/,CryptoMoonShots,2026-04-05 13:24:56,0,FAKE,reddit_CryptoMoonShots
SuiBets.com: The Revolution of Decentralized Sports Betting on the Sui Blockchain,"In the world of sports betting, most traditional platforms still rely on intermediaries, slow withdrawal processes, and a lack of transparency. 

[SuiBets.com](http://SuiBets.com) emerges as an innovative solution: the first fully on-chain sports betting platform built on the Sui blockchain. Launched to revolutionize the sector, it combines extreme speed, absolute security, and a simple user experience, allowing anyone to bet directly, fairly, and instantly using a Sui wallet.With over 2,100 live markets, coverage of 20 sports, and settlement in less than 1 second, SuiBets eliminates the classic problems of centralized betting houses — such as mandatory KYC, delayed withdrawals, and questionable odds. Everything happens on the blockchain, in a publicly verifiable way. In this summarized article, we explore all the platform’s strong points in a clear and organized manner, showing why it stands out as one of the most advanced options in the crypto ecosystem in 2026.

  
**What is** [**Su",2,1.0,2,https://www.reddit.com/r/CryptoMoonShots/comments/1sd00z4/suibetscom_the_revolution_of_decentralized_sports/,CryptoMoonShots,2026-04-05 10:16:45,0,FAKE,reddit_CryptoMoonShots
[ Removed by Reddit ],[ Removed by Reddit on account of violating the [content policy](/help/contentpolicy). ],1,1.0,1,https://www.reddit.com/r/CryptoMoonShots/comments/1scvhc6/removed_by_reddit/,CryptoMoonShots,2026-04-05 05:37:40,0,FAKE,reddit_CryptoMoonShots
Is now the time for RWA? $BKN is up 75% on the week.,"So i'll start by being 100% honest (unlike most). I am invested in this project and despite the fact im like 70% down overall, I have been dca further into it. I know, who in their right mind would do that? Well, that would be me, but let me tell you why.

I'll start with all the basic mumbo jumbo that i have no doubt you have all heard a hundred times or more

great team

great work ethic

great updates

great announcements

great community.

well, while all of these are in fact true, that hasn't stopped the price from tanking. market conditions and all that jazz. what you gonna do?

well the big reason, in my opinion, that it hasnt went to zero, is all to do with an upcoming equity swap. 

you see Brickken is actually a real company that specialises in tokenising assests, and their clients keep getting bigger and bigger. like the country of Luxembourg for example! naturslly to attain clients like this they have to have all of thrir legal framework ironed out. they are fully compliant",8,1.0,6,https://www.reddit.com/r/CryptoMoonShots/comments/1sc3gl0/is_now_the_time_for_rwa_bkn_is_up_75_on_the_week/,CryptoMoonShots,2026-04-04 08:04:57,0,FAKE,reddit_CryptoMoonShots
Unlocking Better Trading Conditions When Markets Are Unpredictable,"With everything going on in the world right now, especially ongoing global tensions and uncertainty, one thing has become very clear markets don’t sleep, and volatility isn’t going anywhere anytime soon.

For traders, that can be stressful…but it can also be an opportunity if approached the right way.

Lately, I’ve been exploring more structured ways to earn *passively* or at least reduce the need to constantly monitor charts all day. That’s how I started looking deeper into features on platforms like BingX.

One thing that stood out to me is how accessible their VIP program has become. Instead of it being reserved only for high-volume traders, you can now apply for a VIP Trial Pass at any time, which opens the door to experiencing better trading conditions without long-term commitment.

What makes this interesting especially in times like these is how it can support more efficient trading strategies:

* Lower fees can make a real difference when markets are choppy
* Better execution h",4,1.0,4,https://www.reddit.com/r/CryptoMoonShots/comments/1sboicp/unlocking_better_trading_conditions_when_markets/,CryptoMoonShots,2026-04-03 20:16:00,0,FAKE,reddit_CryptoMoonShots
$SATOSUN — something different on pump fun,"Most launches feel the same: quick pump, quick dump, dev disappears.

Trying a different approach:

\- Built before launch (X + Tg live)

\- Clean branding, consistent vibe

\- Focus on community &gt; hype

No fake utility, no “1000x promises.” Just momentum, narrative, and holders that actually stick.  

Real community.  

Reality: most coins die fast. This isn’t guaranteed moon — it’s early, transparent, and building in public.  

🌅 Why the name?

$SATOSUN =  

Satoshi + Sunrise  

The idea is simple:

\- New cycle

\- New energy

\- Early phase

You’re not late — you’re early to the sunrise.

For anyone new:

\- You can launch instantly, no code

\- Super low fees

\- Everything runs on a bonding curve

\- If it gets traction → it “graduates” to a DEX

Memecoins don’t move on fundamentals…  

they move on momentum + community + narrative  

📈 https://pump.fun/coin/8ERqBjr7Z51tDkoJ25MWZ2dZ22YDQJ2QNA5uM489pump

Twitter: 🐦 https://x.com/\_SatoshiSunrise

Telegram: 💬 @ sato\_sunrise

We",15,0.89,6,https://www.reddit.com/r/CryptoMoonShots/comments/1sb8bys/satosun_something_different_on_pump_fun/,CryptoMoonShots,2026-04-03 08:59:29,0,FAKE,reddit_CryptoMoonShots
What Can You Win From Taking Part In A Kendu Competition?,"The Kendu community held #KENDUFRIENDSHIPDAY, a competition which celebrated Kendu's 2nd Birthday!

Kendu Tamas, a chad, made a great dancing video and definitely deserves the mystery box!

You can see the prize here: [https://x.com/KenduInu/status/2037863179410157856](https://x.com/KenduInu/status/2037863179410157856)

This was all funded by Kendu's Benelux community and there will be more competitions from Kendu's community.

This shows that even in the slower markets, we simply do not stop...

I hope to see you there at the next one!

**You won't find a community like this anywhere**

**This Is Kendu's Era**

We Don't Gamble, We Work

[r/KenduInu\_Ecosystem](/r/KenduInu_Ecosystem/)

ETH: 0xaa95f26e30001251fb905d264Aa7b00eE9dF6C18

SOL: 2nnrviYJRLcf2bXAxpKTRXzccoDbwaP4vzuGUG75Jo45

BASE: 0xef73611F98DA6E57e0776317957af61B59E09Ed7

CG: [https://www.coingecko.com/en/coins/kendu](https://www.coingecko.com/en/coins/kendu)

CMC: [https://coinmarketcap.com/currencies/kendu/](https://coinma",41,0.93,20,https://www.reddit.com/r/CryptoMoonShots/comments/1sax9c2/what_can_you_win_from_taking_part_in_a_kendu/,CryptoMoonShots,2026-04-02 23:27:30,0,FAKE,reddit_CryptoMoonShots
Whally Coin’s Comeback Shows a Clear Shift Toward Structure and Steady Development,"Been revisiting Whally Coin after its recent return to development, and the shift in approach is quite noticeable compared to earlier stages. It seems like the team took a step back, reassessed, and is now moving forward with a more structured and phased plan rather than trying to do everything at once.



From what’s been shared, the focus now is on building a stable base first, strengthening the community, improving visibility, and refining what already exists before expanding further. That kind of pacing isn’t always common in early-stage projects, where speed usually takes priority over structure.



There’s already been some tangible progress. An initial utility has been completed and tested, and a prediction sports feature is now live, giving a clearer idea of how participation ties into the broader system. It’s not just conceptual, there’s at least some level of functionality in place.



Another noticeable change is the overall tone. Instead of heavy promotion or constant updat",5,1.0,6,https://www.reddit.com/r/CryptoMoonShots/comments/1sb8me0/whally_coins_comeback_shows_a_clear_shift_toward/,CryptoMoonShots,2026-04-03 09:16:35,0,FAKE,reddit_CryptoMoonShots
Seamless Experience,"Part of the most noticeable aspects of gaming websites that most people dislike these days is how frequently they change their terms and conditions or services, frequently turning alluring bonuses into something much more restrictive which can be annoying at some point.



Experiencing delays or changes in pacing can gradually influence an interaction that seems simple and smooth. It has a small impact on user experience and platform functionality. Prior to using Cloudbet with the WELCOME code, I considered this extensively. Interestingly, this type of change never took place.



Everything felt steady and positive from the first session. It wasn't necessary to relearn the interface or ask questions about its operation. It was much simpler to maintain focus with this degree of consistency, especially when making several bets over time.



The consistency of the entire experience was another noteworthy feature. Sometimes it's only after using platforms that provide the kind of gaming ex",3,1.0,6,https://www.reddit.com/r/CryptoMoonShots/comments/1saujak/seamless_experience/,CryptoMoonShots,2026-04-02 21:36:17,0,FAKE,reddit_CryptoMoonShots
Grass: Get Paid for Your Unused Internet While Helping Train the Next Generation of AI on Solana Blockchain.,"**Fuel the AI Revolution with Grass.**

AI needs massive amounts of data to learn, and **Grass** is the bridge. As a leading DePIN project on Solana, Grass lets you contribute your spare bandwidth to power the next generation of Artificial Intelligence. You provide the rails for AI data collection; we provide the rewards. Secure, decentralized, and entirely passive.

**Why Grass Is Getting Attention**

* **AI × DePIN Combo:** Your bandwidth helps power data pipelines for AI models — and you get paid.
* **Early-Stage Advantage:** Still early, could grow into key infrastructure for AI data sourcing.
* **Actual Passive Income:** Install → run in the background → collect rewards. No mining, no tasks.
* **Extra Bonus:** Use **SEsneMoIYQS6M3w** at signup for **5,000 extra points**.
* **Built on Solana:** Fast, cheap, and well-suited for DePIN scaling.

🛠️ How to Start (Takes \~2 Minutes)

1. Register: [https://app.grass.io/register?referralCode=SEsneMoIYQS6M3w](https://app.grass.io/register?",2,0.75,4,https://www.reddit.com/r/CryptoMoonShots/comments/1sa9i2r/grass_get_paid_for_your_unused_internet_while/,CryptoMoonShots,2026-04-02 06:17:02,0,FAKE,reddit_CryptoMoonShots
"Whally Coin Comeback, Structured Growth + New Utility Live","Whally Coin has resumed active development after a pause, now moving forward with a more structured and long-term approach. The team has introduced a monthly plan focused on steady growth, sustainability, and building a stronger foundation beforeوسع expanding further.

One of the first completed utilities is a sports prediction feature, showing how the system can integrate on-chain participation with mechanisms like buybacks and supply reduction. This serves as an early example of how future features may function.

**Current direction includes:**

* Strengthening community and visibility
* Gradual rollout of new utilities and features
* Early-stage merch development
* Expansion into partnerships over time
* Continued platform improvements

A new feature, *Whally Bets*, allows users to predict match outcomes, with structured participation and prize distribution. Additional utilities are expected to follow using similar mechanics.

The overall focus appears to be on consistency and long-",3,0.81,3,https://www.reddit.com/r/CryptoMoonShots/comments/1s9wvbq/whally_coin_comeback_structured_growth_new/,CryptoMoonShots,2026-04-01 20:45:35,0,FAKE,reddit_CryptoMoonShots
DNA Meme Coin Trends: Latest News and Market Insights for 2026,"Here’s a \*\*snapshot of the most recent trends and news about the “DNA” meme coin(s) and the *DNA* crypto space — including what’s been moving in the markets and what analysts/community chatter looks like lately:

  
**1. Multiple “DNA” Tokens Exist — Be Clear on Which One You Mean**

* There isn’t just *one* DNA crypto — at least four different projects use the DNA ticker across chains/blockchains, each very different in utility and risk profile. That makes trends noisy and varied depending on which you look at.
* Data sites like Bitget, CoinMarketCap, CoinGecko, Binance, and Kraken can help confirm exactly which DNA token you’re tracking.

  
**2. Actual Price and Market Activity Has Been Muted**

* Some DNA tokens (e.g., the Ethereum‑based DNA at *extremely low price levels*) show little trading volume and near‑zero activity recently — a sign that *some versions of DNA are extremely low liquidity and dormant*.

Other versions like Metaverse Dualchain Network Architecture (DNA on So",3,1.0,2,https://www.reddit.com/r/CryptoMoonShots/comments/1s9dtva/dna_meme_coin_trends_latest_news_and_market/,CryptoMoonShots,2026-04-01 07:40:51,0,FAKE,reddit_CryptoMoonShots
[ Removed by Reddit ],[ Removed by Reddit on account of violating the [content policy](/help/contentpolicy). ],1,1.0,1,https://www.reddit.com/r/CryptoMoonShots/comments/1s9ke3q/removed_by_reddit/,CryptoMoonShots,2026-04-01 13:20:30,0,FAKE,reddit_CryptoMoonShots
Efficiency That Stands Out: Cloudbet’s WELCOME Bonus Experience,"After spending time on different betting platforms, you begin to notice a pattern, many of them slow you down in subtle ways. Extra clicks, brief loading delays, or bonuses that require too much attention can break your focus. That’s why the WELCOME promo code on Cloudbet feels like a step in a better direction.

Starting off is simple. The WELCOME code gives a bonus immediately, without making you go through a long process. There’s no confusion or unnecessary setup, it just works. This creates a smooth entry point that lets you focus on the actual experience rather than figuring things out.

As you continue, the platform’s responsiveness becomes more noticeable. Everything moves quickly, from placing bets to navigating through different sections. There are no pauses that make you hesitate or check if your action went through. That level of speed helps maintain a steady flow, which is something not all platforms manage to deliver.

Consistency is another area where Cloudbet performs we",4,1.0,12,https://www.reddit.com/r/CryptoMoonShots/comments/1s9b972/efficiency_that_stands_out_cloudbets_welcome/,CryptoMoonShots,2026-04-01 05:11:05,0,FAKE,reddit_CryptoMoonShots
Ever feel like you're one payment away from your business account getting locked?,"I run a small agency based in France with a fully remote team and clients spread across Europe, so handling cross-border payments smoothly is a big part of our day-to-day operations. For a while, Wise and Revolut Business worked perfectly fine for routine expenses—subscriptions, smaller invoices, and regular transfers. No real complaints there.

The issues usually start when you hit those larger payment moments. Paying a contractor for a big project or sending a high-value vendor payment can suddenly turn into a frustrating process—transactions getting flagged, support tickets being opened, and then waiting around without clear timelines. It’s not constant, but it happens often enough to create stress, especially when timing matters.

At some point, I decided to try Keytom as a backup option, mainly just to see if having an alternative would reduce some of that friction. The onboarding process was surprisingly quick and straightforward, without the usual endless back-and-forth on docum",11,1.0,1,https://www.reddit.com/r/CryptoMoonShots/comments/1s8u3aw/ever_feel_like_youre_one_payment_away_from_your/,CryptoMoonShots,2026-03-31 17:31:04,0,FAKE,reddit_CryptoMoonShots
💧 Giving Back Never Tasted So Refreshing: The Story of Hydro Hippo &amp; $WWS,"If you’ve been hanging around the crypto space lately, you’ve probably seen the memes—but behind the ""Hydro Hippo"" is a project with some serious real-world flow.

Check out this visual: we’ve all felt like that parched Pepe at some point (usually after a rug pull or a 3:00 AM chart-watching session). But World Water Supply ($WWS) is flipping the script. Instead of just ""to the moon,"" this community is focused on ""to the ground""—specifically, getting drill rigs into dry areas to provide clean, sustainable water.

🦛 Who is the Hydro Hippo?

He’s not just a mascot with a gold chain; he’s the face of a movement. In a market full of dogs and cats, the Hydro Hippo is here to remind us that liquidity should mean more than just a pool on a DEX. For $WWS, liquidity means life.

🌍 Why $WWS Matters:

• Charity at the Core: A portion of every transaction is dedicated to funding water well projects in regions facing extreme water scarcity.

• Transparency: No ""trust me bro"" here. The team provides",7,1.0,32,https://www.reddit.com/r/CryptoMoonShots/comments/1s8tcf0/giving_back_never_tasted_so_refreshing_the_story/,CryptoMoonShots,2026-03-31 17:04:55,0,FAKE,reddit_CryptoMoonShots
Best Sources for Cardano Price Predictions: Tools Experts Actually Use,"When you’re looking for reliable sources that produce Cardano (ADA) price predictions, it’s important to distinguish between market data providers, analytical platforms, and research-driven insights. No source can perfectly predict prices, crypto is highly volatile,  but some sources are valued for their data quality, methodology, and transparency.

Trusted Data &amp; Market Trackers

These platforms aggregate real‑time price data, historical charts, and consensus metrics from many exchanges — great for baseline trend analysis and sanity checks:

\- CoinMarketCap – Extensive ADA price tracking, historical performance and sentiment indicators.

\- CoinGecko – Market data plus ecosystem metrics like liquidity and developer activity.

\- CoinCodex – Technical indicator‑based price suggestions and support/resistance levels.

These are not “predictions” in isolation but help you see what models and sentiment are saying broadly.  


Analysis &amp; Forecasting Platforms

These combine price d",2,1.0,1,https://www.reddit.com/r/CryptoMoonShots/comments/1s8jywd/best_sources_for_cardano_price_predictions_tools/,CryptoMoonShots,2026-03-31 10:46:31,0,FAKE,reddit_CryptoMoonShots
An Example Of An All Timer Community,"Slow markets stop a lot of coins or at least drastically reduce their output... People get bored, tired, frustrated and no longer work for their bags, or at least not with the same vigour that they once did.

However, some communities don't go through this. Their belief, is everlasting and causes people to grind day after day, night after night, working round the clock. 

These communities are the ones who see the biggest percentage gains once the market turns, typically anyways...

An example of one of these communities is **Kendu**

Just recently **Kendu** has:

* Dominated the top 10 posts on all 5 main memecoin subreddits(check for yourself)
* Number 1 on Capitoday
* New energy drink flavour released
* Kendu Racing is Innovating
* Mystery boxes have been sent to the winners of #KenduFriendshipDay

Kendu is not going anywhere and is certainly not stopping, truly one of the best opportunities in crypto rn, especially at this price!

**You won't find a community like this anywhere**

",35,0.96,21,https://www.reddit.com/r/CryptoMoonShots/comments/1s79ikj/an_example_of_an_all_timer_community/,CryptoMoonShots,2026-03-29 22:47:37,0,FAKE,reddit_CryptoMoonShots
Crypto Gaming Advancement,"One of the most frustrating elements of gaming websites is how often they modify their terms and conditions or services, often turning appealing bonuses into something much more limiting.

 Delays or altered pacing can also cause a seemingly easy and seamless experience to gradually change. It affects your performance in a subtle way. Before utilizing Cloudbet with the WELCOME code, I paid close attention to this. This kind of change never actually occurred, which is surprising. 



Everything felt good and steady from the first session. There was no need to relearn the interface or inquire about how it operated. This degree of consistency made it much simpler to maintain concentration, especially when making several wagers over time. 

The entire experience was consistent, which was another noteworthy feature. Sometimes you don't recognize something worth until you've used platforms where things start nicely and provide the gaming experience you once longed for. 



Becoming a Cloudbe",1,1.0,2,https://www.reddit.com/r/CryptoMoonShots/comments/1s7ptzw/crypto_gaming_advancement/,CryptoMoonShots,2026-03-30 12:57:49,0,FAKE,reddit_CryptoMoonShots
"Bienvenue to Magnum Locked Liquidity Marketplace : A place where locked liquidity is ""unlocked"" before the unlock date. Get the best bid for your locked liquidity from our network of buyers. Big LP, small LP, any chain, any time, secure and fast!","Bienvenue 👋

In crypto, locked liquidity has always been treated as capital you simply have to wait for.

You lock LP to build trust, support your project, or meet launch conditions — and in return, your funds are tied up until a fixed unlock date. No flexibility. No access. No room to react to new opportunities.

But what if locked liquidity didn’t have to stay locked?

Welcome to Magnum Locked Liquidity Marketplace — a place where locked liquidity is effectively “unlocked” before the unlock date.

Magnum connects you directly with a growing network of verified buyers who are actively looking to acquire locked liquidity positions across multiple chains. Instead of waiting months or years, you can now request bids and access capital on demand.

---

What Magnum brings to the table

🔹 Access to Real Buyers
Magnum aggregates a network of serious, verified participants, ensuring you’re dealing with credible counterparties, not random OTC offers.

🔹 Best Bid Dynamics
Multiple buyers compet",1,1.0,1,https://www.reddit.com/r/CryptoMoonShots/comments/1s7nzw7/bienvenue_to_magnum_locked_liquidity_marketplace/,CryptoMoonShots,2026-03-30 11:34:22,0,FAKE,reddit_CryptoMoonShots
How to Convert SRP to USD: Best Platforms for Quick Trades," 1. Centralized Exchanges (CEXs)

The most reliable way to convert SRP to USD is through a major exchange that lists SRP, such as Bitget, Binance, or Kraken.

A. Bitget

Process:  
\- Deposit SRP into your Bitget wallet.  
\- Trade SRP for USDT (or directly for USD if available).  
\- Withdraw USDT or USD to your bank account. Bitget supports USD withdrawals via bank wire or partner payment rails.

Pros:  
\- Good liquidity for SRP/USDT pairs.  
\- Spot and derivatives options for flexibility.  
\- Low trading fees.

Cons:  
\- KYC verification is required for USD withdrawals.

  
B. Binance

Process:  
1. Deposit SRP to Binance.  
2. Trade SRP → USDT → USD.  
3. Withdraw USD via bank transfer or P2P options.

Pros: Very high liquidity, fast execution.

Cons: Some regions have withdrawal limits and KYC requirements.

C. Kraken

Process:  
1. Deposit SRP to Kraken (check if SRP is listed; otherwise, use USDT or ETH pairing).  
2. Convert to USD via trading pair or via USDT/ETH → USD.

P",1,1.0,1,https://www.reddit.com/r/CryptoMoonShots/comments/1s7nbrd/how_to_convert_srp_to_usd_best_platforms_for/,CryptoMoonShots,2026-03-30 11:00:09,0,FAKE,reddit_CryptoMoonShots
If this isn’t bullish for you I don’t know what is.. ( 1 minute read),"I’ll start with this, Saiko Inu now has an exclusive track by Wiz Khalifa.

You can listen to it on Saiko Inu’s official X page.

If that’s not bullish to you, then honestly, you don’t understand what bullish means.

Besides that a Nicki Minaj track is on the way too.

Now let’s talk about what’s coming next.

Saiko Cash is launched and now you can earn or move your token privately on ETH Chain.

What is Saiko Cash?

Have you ever wanted to move your crypto without everyone watching your wallet activity?

That’s exactly what Saiko Cash solves. It allows you to move tokens on the ETH chain completely anonymously.

But it gets even better.

You’ll be able to stake your Saiko in the Saiko Cash pool and earn passive income without locking your tokens.

Let that sink in.

I’ve posted multiple times about Saiko Inu and told you to get involved, but most of you didn’t take it seriously.

If this still doesn’t convince you, then I don’t know what will.

The truth is, it’s still early.

You sti",8,0.68,14,https://www.reddit.com/r/CryptoMoonShots/comments/1s76ci3/if_this_isnt_bullish_for_you_i_dont_know_what_is/,CryptoMoonShots,2026-03-29 20:41:00,0,FAKE,reddit_CryptoMoonShots
833 million crypto users. Still no platform actually built for them. Here is what that costs you daily.,"**Let's talk about a gap most people in this space feel but rarely see laid out clearly.**

There are 833 million crypto users in the world right now. That is a massive, growing community of builders, traders, streamers, creators, and project founders. And yet there is not a single social media platform that was designed specifically for them.

Every tool the crypto space currently relies on was built for a different audience entirely. The problems that come from that mismatch are not abstract. They show up every day, in real ways, for real people.

Here are the main ones worth understanding.



**Problem 1: Promoting crypto content on Web2 platforms is a constant battle**

If you have ever tried to run a paid campaign for a crypto project on Meta, Google, or X, you already know how this goes. Crypto ad policies on these platforms change regularly and without warning. You can have a campaign approved, spend real budget, and have it pulled mid-run with no clear reason and no way to appe",7,0.9,7,https://www.reddit.com/r/CryptoMoonShots/comments/1s726ug/833_million_crypto_users_still_no_platform/,CryptoMoonShots,2026-03-29 18:03:25,0,FAKE,reddit_CryptoMoonShots
Ease Gaming Experience,"The fact that many betting sites change over time is one of the most annoying aspects of them. A seemingly easy and seamless experience may gradually change due to bonuses that suddenly feel more constrictive, delays, or different pacing. It's subtle enough to have an impact on your performance.



When using Cloudbet with the WELCOME code, I focused on precisely this. Remarkably, such a change never actually occurred. Everything felt consistent in a positive way from the very first session. Relearning the interface or questioning how things operated was not necessary. It was much simpler to maintain focus with that degree of stability, especially when making several bets over time.



The overall experience's consistency was another noteworthy feature. It's not always until you've used platforms where things start to feel a little strange that you realize how valuable that is. Nothing appeared to be changing behind the scenes here.



That was the same pattern for the bonus. After a f",1,0.67,7,https://www.reddit.com/r/CryptoMoonShots/comments/1s7dcs4/ease_gaming_experience/,CryptoMoonShots,2026-03-30 01:39:26,0,FAKE,reddit_CryptoMoonShots
What Is FTX and Why It Mattered in the Crypto World,"What is FTX?

FTX was a cryptocurrency exchange founded in 2019 by Sam Bankman-Fried. It quickly grew to become one of the largest and most influential crypto trading platforms globally, offering:

\- Spot trading: Buying and selling cryptocurrencies like BTC, ETH, and altcoins.  
\- Derivatives trading: Futures, options, leveraged tokens, and volatility products.  
\- Tokenized assets: Including indices, leveraged products, and even tokenized stocks.  
\- Innovative products: Such as prediction markets, crypto ETFs, and advanced derivatives not common on other exchanges.

FTX also had FTT, its native utility token, used for fee discounts, staking, and other incentives within the platform.

Why FTX Was Significant

1. Innovation Leader
   * Introduced complex derivatives products to crypto retail markets.
   * Popularized tokenized stocks and leveraged tokens, making advanced trading accessible.
2. Liquidity and Scale
   * At its peak, FTX had billions in daily trading volume and attra",1,1.0,1,https://www.reddit.com/r/CryptoMoonShots/comments/1s6y0gd/what_is_ftx_and_why_it_mattered_in_the_crypto/,CryptoMoonShots,2026-03-29 15:25:05,0,FAKE,reddit_CryptoMoonShots
A large part of crypto has no real underlying value,"This is just my perspective, curious what others think.

Most cryptocurrencies don’t generate cash flow. They don’t produce revenue. They don’t return capital to holders.

So what is their value actually based on?

In many cases, it’s driven primarily by market sentiment - what someone else is willing to pay in the future. That’s not inherently wrong, but it’s very different from traditional assets.

With stocks, you’re buying ownership in a business that (at least in theory) generates earnings.  
With real estate, you have a tangible asset that can produce rental income.  
With royalties, there’s a direct link to cash flow.

A large portion of crypto doesn’t have that. No earnings, no assets, and often no clear or widely adopted utility.

There are exceptions, of course. Some projects are building real infrastructure or providing actual use cases. But they’re the minority, not the majority.

This doesn’t mean crypto can’t go up in price. Clearly it can. But price appreciation alone is",1,1.0,5,https://www.reddit.com/r/CryptoMoonShots/comments/1s6rggb/a_large_part_of_crypto_has_no_real_underlying/,CryptoMoonShots,2026-03-29 10:22:01,0,FAKE,reddit_CryptoMoonShots
A new crypto-native social platform built for creators and projects,"Most social media platforms today weren’t built for crypto.  
They weren’t built for creators either.

They were built for ads, algorithms, and centralized control. Not for fast-moving ecosystems, communities, and true ownership.

TassHub is trying to change that.

TassHub is a crypto-native social media platform where both creators and crypto projects are at the center of everything. Instead of dealing with algorithms that don’t understand Web3, the platform is designed around how crypto actually works. It moves fast, it is community-driven, and it thrives on transparency and early discovery.

The idea is simple, but powerful:

\- Give creators a platform where they can grow, monetize, and express themselves with fewer restrictions

\- Give crypto projects a place where they can actually be discovered, not buried

\- Build a space where the community can follow trends early instead of always being late

Right now, most crypto communities are spread across multiple platforms like X, Di",4,0.84,6,https://www.reddit.com/r/CryptoMoonShots/comments/1s5zlqu/a_new_cryptonative_social_platform_built_for/,CryptoMoonShots,2026-03-28 12:55:34,0,FAKE,reddit_CryptoMoonShots
LegacyCoin $CTO – Redefining Ownership in Crypto,"



**LegacyCoin CTO** is stepping in with a vision that goes beyond the usual noise. In a space driven by speed and speculation, this project focuses on something most people ignore until it’s too late — what happens to your assets when you’re no longer around to manage them.

The concept is simple but powerful. Full self custody stays in your hands, but with an added layer of intelligence. Predefined on chain conditions allow assets to move securely when needed, removing uncertainty and eliminating reliance on third parties. It’s not about giving up control — it’s about making sure your control actually lasts.

This is where *LegacyCoin CTO** stands out. It’s not chasing trends. It’s building a system around permanence, continuity, and real world relevance. In a market full of temporary plays, this brings a long term mindset backed by utility.

The token sits at the center of this ecosystem, designed to power access, interactions, and future expansion. With a clear focus and a narrat",84,0.96,7,https://www.reddit.com/r/CryptoMoonShots/comments/1s4uhx6/legacycoin_cto_redefining_ownership_in_crypto/,CryptoMoonShots,2026-03-27 04:41:19,0,FAKE,reddit_CryptoMoonShots
The Kind of Platform That Doesn’t Ask for Your Attention,"One thing I’ve started to notice is how often platforms compete for your attention while you’re using them, notifications, extra steps, or small interruptions that pull you out of the moment. After spending time on Cloudbet with the **WELCOME** code, the experience felt different for a simple reason: it didn’t demand anything from me.

There were no points where I had to stop and figure something out mid session. Everything worked as expected, which meant I could stay focused on decisions instead of mechanics. That kind of quiet reliability isn’t flashy, but it’s what keeps the experience consistent.

Another thing I noticed was how little adjustment was needed between sessions. Coming back didn’t feel like re learning or re checking anything, it was just a continuation. That continuity is easy to overlook, but it adds up over time.

The bonus followed that same philosophy. It didn’t try to take center stage or influence how I played, it simply supported the session without being notic",0,0.5,2,https://www.reddit.com/r/CryptoMoonShots/comments/1s5q8pt/the_kind_of_platform_that_doesnt_ask_for_your/,CryptoMoonShots,2026-03-28 04:04:21,0,FAKE,reddit_CryptoMoonShots
Earn Passively on Solana chain without much stress in 2026,"Lately, I’ve been going down the rabbit hole looking for legit passive income opportunities in Web3 not the usual hype or unsustainable yields, but something that actually *makes sense long term*. Most of what I found felt repetitive… until I came across Perle Labs (PRL).

What caught my attention wasn’t just another token or flashy promise it was the idea behind it.

Perle Labs is building a Web3-powered AI platform on Solana that connects *verified experts* with companies and research teams to help train and improve AI models. And when you really think about it, that’s a huge deal.

One of the biggest problems in AI right now is the data bottleneck. Models need massive amounts of high-quality data not just quantity, but *quality input from people who actually know what they’re doing*. Most platforms rely on generic labor pools, which leads to inconsistent results and weaker AI performance.

Perle Labs is flipping that model.

Instead of random contributors, it brings in professionals",11,1.0,11,https://www.reddit.com/r/CryptoMoonShots/comments/1s55d09/earn_passively_on_solana_chain_without_much/,CryptoMoonShots,2026-03-27 14:16:58,0,FAKE,reddit_CryptoMoonShots
New miner game,"hey all, there is a new miner game I just came across called minedragons, you hatch a dragon and you grow it to fight against other dragons. everyday you get bnb (not much but its free) when you get enough you can cash out or you can reinvest to grow your dragons higher for higher bnb payouts. im only 3 days into the game so far but it seems ok so far, use my referral link here ..... 

https://minedragons.com/index.php?ref=BA0B2E01

and we can both get free bnb to use how ever we want to use. so check it out, ahat do you have to lose besides a little time but you gwt to gain some bnb.

 dont know what else to write but they want me to write 1000 characters so im filling this in with useless words I guess to fill in the characters due to the rules which is kind of useless I guess but rules are rules and its still going like the energegizer bunny that wont stop going and going and going. this is getting annoying and very repetitive..... oh my goodness 😳 these need to stop already and jus",1,1.0,1,https://www.reddit.com/r/CryptoMoonShots/comments/1s5kkag/new_miner_game/,CryptoMoonShots,2026-03-27 23:41:19,0,FAKE,reddit_CryptoMoonShots
"I made a LST on solana that balances other Liquid Staked SOL tokens, looking for a partner who is a whale","Hey! So here's the idea. 



Super simple: A way to hold onto your SOL and activate high-yield. I'm making a ""liquid staked"" SOL (Like JupSol, Jitosol, etc) that is backed by about 12 other liquid versions of Solana (only legit ones). It's called SOLID and is already real and trading. 



I want to partner on this, where you agree to buy an amount with your own wallet and I agree to split the profits with you. 



I haven't offered this deal to anyone else, but I am doing a similar deal for a gold backed token, I'll share you that doc also.



Background: This isn't a theory, I've done it with stablecoins before. I started a token called EASY on a small blockchain that became the most-traded community token on the whole XPR chain. Over 1.2M USD volume in last 90 days.



It's up about 50% in price, and also it has given 2-7% per month in rewards. The rewards aren't inflation, they come from a 2% transfer tax on the economy (closed system, real backing in USD(c))



It works because



",2,0.76,1,https://www.reddit.com/r/CryptoMoonShots/comments/1s5d988/i_made_a_lst_on_solana_that_balances_other_liquid/,CryptoMoonShots,2026-03-27 18:59:21,0,FAKE,reddit_CryptoMoonShots
What fast racers and traders have in common,"If you have been trading for a long time, you know that being right isn’t what really makes you money, timing does. Many traders can predict direction correctly but still lose because execution is where it matters most. You can have the perfect setup and still lose if you enter too early or exit too late. Over time, it becomes clear that the market rewards precision, patience, and discipline more than ideas.

Watching the MotoGP Brazil race recently, which is being sponsored by Bitget made this even clearer. Every rider is skilled and fast, but what separates winners from the rest is timing, when to brake, when to stay patient, and when to overtake. One small mistake, and positions are lost instantly. It’s not reckless speed; it’s controlled aggression, which is exactly what trading demands.

The same applies to markets, enter too early and you sit in drawdown, enter too late and you chase, exit too soon and you cut winners, exit too late and you give profits back. Most losses come fro",3,1.0,1,https://www.reddit.com/r/CryptoMoonShots/comments/1s4g7mv/what_fast_racers_and_traders_have_in_common/,CryptoMoonShots,2026-03-26 18:48:11,0,FAKE,reddit_CryptoMoonShots
Best Apps to Track Oricon Shares and Omicron Coins in One Place,"There’s no specialized app that only tracks those two assets together, but there are general crypto data aggregators and portfolio trackers that list both if they are sufficiently liquid/market‑listed.

Here are the most reliable sites/apps that can show multiple tokens at once (including obscure ones like Oricon Shares and Omicron Coins) as long as those tokens have: a valid contract address, listing on at least one exchange or DEX and sufficient availability in data sources

1. CoinMarketCap (Web + Mobile App)

\- One of the most comprehensive crypto aggregators  
\- Lists major + smaller tokens  
\- Search bar lets you add both assets to your watchlist  
\- Shows price, market cap, 24h volume, historical charts

Works well if both tokens are recognized on CMC

2. CoinGecko (Web + Mobile App)

\- very strong coverage, especially for emerging or low‑cap tokens  
\- simple “favorites” watchlist  
\- live pricing, charts, and token info

Often lists tokens that aren’t on CoinMarketCap

",3,1.0,1,https://www.reddit.com/r/CryptoMoonShots/comments/1s4bidy/best_apps_to_track_oricon_shares_and_omicron/,CryptoMoonShots,2026-03-26 15:59:06,0,FAKE,reddit_CryptoMoonShots
$GROYPER: The Original $TON Memecoin That Built a DeFi Empire,"$GROYP stands as the pioneering memecoin on TON and the original Groyper in crypto.

Minted on July 19, 2023 and built around the iconic Groyper toad from early internet culture, $GROYP has evolved from its meme origins into a full DeFi platform GroypFi.io — a powerful TON Superapp offering:

- Advanced swap aggregator with optimal routing

- GroypFi Telegram Trading Bot — the fastest way to swap any token directly in Telegram

- Groypad — the project’s bonding curve launchpad. It features the biggest creator fees on TON, dual launch modes, integrated chat, narrative generation, article feeds, founder tools, Telegram-native fee sharing, airdrop mechanics, and a weekly contest rewarding the best-performing Groypad tokens

- Perps trading via Storm Trade integration, complete with a dedicated Telegram bot

- Live AI trading agent (Agent G) featuring a transparent performance dashboard

- Lending and borrowing through EVAA

- Liquid staking with Tonstakers

- Cross-chain bridging and fiat",99,1.0,5,https://www.reddit.com/r/CryptoMoonShots/comments/1s3alyt/groyper_the_original_ton_memecoin_that_built_a/,CryptoMoonShots,2026-03-25 13:22:48,0,FAKE,reddit_CryptoMoonShots
Trying something different to grow $LXVII organically,"We’ve been relatively quiet lately, but that doesn’t mean nothing is happening. Most of the work has been happening behind the scenes, thinking about how to grow $LXVII in a sustainable and organic way.

Instead of relying on spam, bots, or artificial engagement, we’re starting a small 7-day experiment focused on real contribution from the community. The idea is simple: reward actions that actually help the project grow, not just surface-level activity.

We’re structuring it into two main layers:

• Content → posts, memes or threads that generate real engagement (not just views, but meaningful interaction)

• Conversion → bringing in real people who join, understand the project and become holders

The goal is to move away from empty hype and build something that lasts. Real growth comes from real people, not fake metrics.

We’ll keep it simple at the beginning: small rewards, limited winners, and manual review to avoid bots or manipulation.

Mint:

81CZhXBiMix34uGXrbS3W1bGvUtoPQ5qA9Qv4",1,1.0,2,https://www.reddit.com/r/CryptoMoonShots/comments/1s41mk6/trying_something_different_to_grow_lxvii/,CryptoMoonShots,2026-03-26 08:20:12,0,FAKE,reddit_CryptoMoonShots
"Why $SUS Isn’t Just Another Pump-and-Dump, It’s Rooted in Doge Culture and Backed by the Official Doge OS Launchpad","Hello everyone,

I’m resharing this from last month as it’s still relevant.
Some people assume this is just another pump-and-dump like many recent projects, but that’s not the case here.

This is rooted in Doge culture, and $SUS launched on the $ANONCOIN launchpad positioned as the official Doge OS launchpad backed by a community that stands for “Do Only Good Everyday.”

Last month when I first posted, the market cap was around $200k. Now it’s sitting just under $1M steady growth with real community support behind it, not just hype.

This is just the beginning of bringing the space back to what made it great: strong communities, real building, and long-term vision.

If you’re seeing this, you’re still early feel free to join and follow along. We’ll also be highlighting promising projects on the launchpad.

Don’t miss this opportunity! It’s once in a lifetime. Join TG and explore by urself feel free to ask any question you may have. This is totally different than all the previous scams ",5,1.0,6,https://www.reddit.com/r/CryptoMoonShots/comments/1s3sw6y/why_sus_isnt_just_another_pumpanddump_its_rooted/,CryptoMoonShots,2026-03-26 00:45:44,0,FAKE,reddit_CryptoMoonShots
Found a token that literally cannot be bought. There is only one way to get it,"I was looking for new projects during this crypto market dip, trying to find something that made sense before any upward movement.

That's when I found this project and stopped everything, never seen a model like this before.

The platform is called VIISION, it's an on-chain raffle system with audited contracts. Nothing special so far.

What caught my attention was the token model.

The project never sold the token. No ICO, no presale, no direct sale.

So how does anyone get it?

The only official way is to win a raffle on the platform. If you didn't win one, you depend on someone who did deciding to sell. That's it.

It reminded me of Bitcoin in the early days. The only way to get it was to mine it. Whoever didn't mine had to wait for someone who did to sell. The difference here is that the ""work"" is entering a raffle.

Every token in circulation has a traceable origin, it came from a raffle. Supply only grows when there are raffles. No raffles, no new tokens.

And there's one more de",0,0.33,2,https://www.reddit.com/r/CryptoMoonShots/comments/1s3zfvb/found_a_token_that_literally_cannot_be_bought/,CryptoMoonShots,2026-03-26 06:04:46,0,FAKE,reddit_CryptoMoonShots
$GASHY just removed 1M tokens from supply + up 80% in March — pressure building🐱,"Most memecoins react to the market.  
Some disappear when momentum fades.

But every now and then, you see a project doing something different.

**$GASHY just executed a 1M token buyback.**  
And on top of that, **it’s already up \~80% this March.**

Not hype. Not promises.  
Actual supply being removed + momentum building.

Why this matters:

* 📉 **Supply decreasing** → stronger price structure
* 📈 **80% monthly move** → momentum already kicking in
* 💎 **Rewards long-term holders**
* 🔒 **Higher floor being built over time**

While many projects rely purely on attention…  
this looks like **pressure + momentum aligning.**

And when supply tightens *while* price is climbing —  
those moves tend to accelerate fast.

We’ve seen this pattern before:  
Accumulation → Supply shock → Expansion

Question is:

👉 Is this still early before the bigger move?  
👉 Or already mid-cycle?

Curious what others think.

DYOR: [https://dexscreener.com/solana/goxq7w6aedzta53bxfbxmkldwjdtqsczkxayrdji59jp](ht",6,1.0,4,https://www.reddit.com/r/CryptoMoonShots/comments/1s3c56y/gashy_just_removed_1m_tokens_from_supply_up_80_in/,CryptoMoonShots,2026-03-25 14:21:39,0,FAKE,reddit_CryptoMoonShots
$Punch: The Abandoned Japanese Macaque Who Became the Memecoin Supercycle,"Born July 26, 2025 at Ichikawa City Zoo, baby macaque “Punch” was rejected by his first-time mother and bullied by the troop. The only thing that comforted him was a stuffed orangutang plush he still carries everywhere.

So Punch has a story, a story some might relate to, a story of strength and resilience, a story of being rock bottom and suddenly the whole entire world loves you.

His heartbreaking-yet-heartwarming story exploded globally — covered by CNN, ABC (including David Muir on World News Tonight),Smithsonian, and the whole Turkish media and many more - From Kuwait to Sweden. Fans (even K-pop star Lisa) flocked to the zoo. Around 2-5 news articles daily, thousands of videos and our little monkey is going more retail by the day.

Walmart released punch toys, Fortnite announced punch joining the wave, and with up to 5 news articles releasing daily, the hype is not slowing down.

Now 6 months old, Punch has a playmate (Momo-chan), a mother figure (Moe), and is slowly integrating ",2,1.0,5,https://www.reddit.com/r/CryptoMoonShots/comments/1s3lqjo/punch_the_abandoned_japanese_macaque_who_became/,CryptoMoonShots,2026-03-25 20:07:21,0,FAKE,reddit_CryptoMoonShots
"Tired of Rugs, Fake Volume, and Paid KOLs? Welcome to the Ultimate Slow Cook. Meet $PISSIN!","Let’s be absolutely real for a second—the Solana trenches are brutal right now. If you are exhausted by developers dumping on you, artificial volume bots, and paid influencers using your hard-earned money as their exit liquidity, you have finally found your home. 

Enter **$PISSIN** (Pippin's wild and unhinged cousin). 

This is not a pump-and-dump. This is not a quick flip. The developer created $PISSIN as their **first and only project** out of pure frustration with the current state of rugs in the market. The goal? To build a fortress—a genuinely safe place where real people can put their money, build an organic community, and actually *sleep peacefully* while holding their bags. The dev has explicitly stated: *""This is my baby, and I am not going anywhere.""* No other tokens, no shifting focus. Just $PISSIN.

### The Ultimate Underdog Story: Sticking it to the Man
Here is where it gets legendary. We applied for a CoinGecko listing and **got rejected for being ""too offensive.""**

In ",3,0.81,2,https://www.reddit.com/r/CryptoMoonShots/comments/1s3hqan/tired_of_rugs_fake_volume_and_paid_kols_welcome/,CryptoMoonShots,2026-03-25 17:43:53,0,FAKE,reddit_CryptoMoonShots
Built a game on Solana + ICP and I am curious if this actually has legs,"Hey everyone! 👋

I’ve been working on a new project in the Web3 gaming space that’s a little different from the usual, and I’d really love some honest feedback from this community.

It’s called PlayOrbs – a physics-based arena game where every outcome is fully deterministic. That means no mid-round RNG shenanigans, no hidden dice rolls – if you play a round the same way, you’ll get the same result every time. Everything is reproducible, skill-based, and transparent.

The vision behind PlayOrbs is to break away from the typical farm-and-dump loops we see in so many Web3 games. Instead, we’re focusing on pure gameplay, player skill, and replayability. I want it to feel like a game you actually want to get better at and come back to, rather than just a grind for tokens.

We’re still in the early stages, actively testing with real players and iterating fast based on feedback. This is why I’m turning to this community – your thoughts can genuinely shape the direction of the game.

What I’d ",1,1.0,1,https://www.reddit.com/r/CryptoMoonShots/comments/1s3jjs9/built_a_game_on_solana_icp_and_i_am_curious_if/,CryptoMoonShots,2026-03-25 18:48:44,0,FAKE,reddit_CryptoMoonShots
AISI BANK goes live with Agentic Finance and DEX. Crypto cards coming next!,"The future of finance will not belong to disconnected tools.

It will belong to ecosystems that bring everything together: wallet infrastructure, AI execution, trading tools, market intelligence, financial education, and real-world payment layers — inside one intelligent flow.

AISI BANK is being built around this idea: removing fragmentation and creating a connected financial experience.

AISI SIA (LV40203655530) is an EU registered company with a track record in fintech and crowdfunding. The board includes professionals from both Web2 and Web3 finance sectors such as Antons Sparans, Janis Plotnieks, and Martins Plavejs.

The platform is designed as an all-in-one smart ecosystem where users can create wallets, analyze opportunities with AI, execute trades, manage assets, and eventually connect everything to real-world payments through digital and physical bank cards.

Users will also gain access to ecosystem benefits including:

* Up to 60% off Booking com and Expedia B2B rates
* 1M+ ",131,0.99,7,https://www.reddit.com/r/CryptoMoonShots/comments/1s2g8t5/aisi_bank_goes_live_with_agentic_finance_and_dex/,CryptoMoonShots,2026-03-24 15:01:54,0,FAKE,reddit_CryptoMoonShots
SOLm: Earn Passive SOL While You HODL – The Arbitrage Token Built for Long-Term Holders,"SOLm isn’t just another Solana token—it’s a true passive income system for long-term holders. It uses automated arbitrage across more than 100 liquidity pools, capturing price differences and turning them into SOL rewards that are sent directly to holders automatically. No staking, no claiming, no extra work—just hold and watch your SOL accumulate over time. Early adopters are already compounding significant payouts, and with a low market cap, there is enormous upside potential as the network grows. Unlike hype-driven tokens that crash with market dips, SOLm rewards come from real trading volume, making it sustainable even in sideways or bear markets. The project is fully transparent, with on-chain tracking, and continues expanding, adding new pools and arbitrage opportunities every week. If you want a token that pays you to HODL, compounds your earnings, and grows with a real, self-reinforcing system, SOLm is the one to watch. Don’t just hold a token—hold a system that works for you w",1,1.0,2,https://www.reddit.com/r/CryptoMoonShots/comments/1s37qsa/solm_earn_passive_sol_while_you_hodl_the/,CryptoMoonShots,2026-03-25 11:12:13,0,FAKE,reddit_CryptoMoonShots
Grass: Get Paid for Your Unused Internet While Helping Train the Next Generation of AI on Solana Blockchain.,"**Fuel the AI Revolution with Grass.**

AI needs massive amounts of data to learn, and **Grass** is the bridge. As a leading DePIN project on Solana, Grass lets you contribute your spare bandwidth to power the next generation of Artificial Intelligence. You provide the rails for AI data collection; we provide the rewards. Secure, decentralized, and entirely passive.

**Why Grass Is Getting Attention**

* **AI × DePIN Combo:** Your bandwidth helps power data pipelines for AI models — and you get paid.
* **Early-Stage Advantage:** Still early, could grow into key infrastructure for AI data sourcing.
* **Actual Passive Income:** Install → run in the background → collect rewards. No mining, no tasks.
* **Extra Bonus:** Use **SEsneMoIYQS6M3w** at signup for **5,000 extra points**.
* **Built on Solana:** Fast, cheap, and well-suited for DePIN scaling.

🛠️ How to Start (Takes \~2 Minutes)

1. Register: [https://app.grass.io/register?referralCode=SEsneMoIYQS6M3w](https://app.grass.io/register?",3,0.81,38,https://www.reddit.com/r/CryptoMoonShots/comments/1s2qtgs/grass_get_paid_for_your_unused_internet_while/,CryptoMoonShots,2026-03-24 21:19:27,0,FAKE,reddit_CryptoMoonShots
$pSOQ is up 54% over last week. Quantum-resistant blockchain dropping April 30th.,"$pSOQ is your low-cap gateway to $SOQ. The native token of Soqucoin, built from the ground up as the world’s first production-ready post-quantum cryptography (PQC) Layer 1 blockchain.

Mainnet genesis is targeted for April 30, 2026 (testnet is live and running right now).

Audited by Halborn Security (the firm behind audits for major chains).

Why Soqucoin stands out:

•  Dilithium ML-DSA-44 signatures — NIST FIPS 204 standard (quantum-resistant from day one)

•  LatticeFold+ for efficient batch verification

•  Bulletproofs++ privacy layer with ZK range proofs

•  Scrypt PoW + AuxPoW — merge-mineable with LTC &amp; DOGE (huge existing hashrate support)

•  BLAKE2b-160 address hashing

This isn’t another hype chain, it’s engineered for the post-quantum era with real cryptographic primitives that legacy blockchains will eventually have to scramble to adopt.

$pSOQ on Solana gives you exposure now while the ecosystem builds, with a planned bridge to native $SOQ after mainnet.

CA: 6NX2MW",7,1.0,1,https://www.reddit.com/r/CryptoMoonShots/comments/1s2moqi/psoq_is_up_54_over_last_week_quantumresistant/,CryptoMoonShots,2026-03-24 18:49:51,0,FAKE,reddit_CryptoMoonShots
9sjdR5pVYKVbkSALTG1CYhaq1gKxayJqo35sskm8bj4D,"lhttps://pump.fun/coin/9sjdR5pVYKVbkSALTG1CYhaq1gKxayJqo35sskm8bj4D

https://pump.fun/coin/9sjdR5pVYKVbkSALTG1CYhaq1gKxayJqo35sskm8bj4D

https://pump.fun/coin/9sjdR5pVYKVbkSALTG1CYhaq1gKxayJqo35sskm8bj4D

https://pump.fun/coin/9sjdR5pVYKVbkSALTG1CYhaq1gKxayJqo35sskm8bj4D

https://pump.fun/coin/9sjdR5pVYKVbkSALTG1CYhaq1gKxayJqo35sskm8bj4D

https://pump.fun/coin/9sjdR5pVYKVbkSALTG1CYhaq1gKxayJqo35sskm8bj4D

https://pump.fun/coin/9sjdR5pVYKVbkSALTG1CYhaq1gKxayJqo35sskm8bj4D

https://pump.fun/coin/9sjdR5pVYKVbkSALTG1CYhaq1gKxayJqo35sskm8bj4D

https://pump.fun/coin/9sjdR5pVYKVbkSALTG1CYhaq1gKxayJqo35sskm8bj4D

https://pump.fun/coin/9sjdR5pVYKVbkSALTG1CYhaq1gKxayJqo35sskm8bj4D

https://pump.fun/coin/9sjdR5pVYKVbkSALTG1CYhaq1gKxayJqo35sskm8bj4D

https://pump.fun/coin/9sjdR5pVYKVbkSALTG1CYhaq1gKxayJqo35sskm8bj4D

https://pump.fun/coin/9sjdR5pVYKVbkSALTG1CYhaq1gKxayJqo35sskm8bj4D

https://pump.fun/coin/9sjdR5pVYKVbkSALTG1CYhaq1gKxayJqo35sskm8bj4D

https://pump.fun/coin/9sjdR5pVYKVbkSALTG1CYhaq1",3,1.0,1,https://www.reddit.com/r/CryptoMoonShots/comments/1s2q28e/9sjdr5pvykvbksaltg1cyhaq1gkxayjqo35sskm8bj4d/,CryptoMoonShots,2026-03-24 20:51:34,0,FAKE,reddit_CryptoMoonShots
$KITA up over 450% since January dip — still early or already priced in? 📈,"Not gonna lie… this one’s been flying under the radar.

Since the January lows, **$KITA is up over 450%**, and it didn’t happen from random hype spikes — it’s been a steady climb with actual narrative behind it.

What’s interesting here:

* Active development (wallet, gate, ecosystem tools)
* Clear branding (Alien Army narrative 👽)
* Buybacks already happening (supply tightening)
* Building during quiet phases, not just pumping

Feels like one of those projects that’s **positioning before real attention hits**.

Most memecoins pump → dump → disappear.  
This one seems to be trying to build something that actually *lasts longer than a cycle*.

Question is:

👉 Is this still early accumulation phase?  
👉 Or did we already miss the easy gains?

Curious what you guys think.

Dexscreener link for your viewing: [https://dexscreener.com/solana/3ba1nd6qgokoesrdmcbgb4ljvchrsvxptraatqx1po2w](https://dexscreener.com/solana/3ba1nd6qgokoesrdmcbgb4ljvchrsvxptraatqx1po2w) 

$KITA  
\#Solana #Memecoins",3,0.81,3,https://www.reddit.com/r/CryptoMoonShots/comments/1s2bven/kita_up_over_450_since_january_dip_still_early_or/,CryptoMoonShots,2026-03-24 12:05:42,0,FAKE,reddit_CryptoMoonShots
"Arbitrage Inception, Dex BnB rewards","About Arbitrage Inception

Arbitrage Inception is designed to generate volume across paired assets, strengthening liquidity and delivering consistent BNB rewards to holders. Our innovative protocol combines advanced arbitrage mechanisms with reward distribution, creating a sustainable DeFi ecosystem.

The project is built on BNB Smart Chain, leveraging low transaction fees and high speed to enable efficient arbitrage trading. Every trade contributes to liquidity pools and generates rewards for token holders, creating a win-win scenario for traders and investors alike.

With a focus on transparency and innovation, Arbitrage Inception provides real-time analytics, secure smart contracts, and a community-driven governance model. Join us in revolutionizing DeFi through intelligent arbitrage and sustainable rewards.

1. Trading: Users swap tokens through our integrated PancakeSwap widget. Each trade incurs a minimal fee (0.1%) that is distributed to the fee receiver.

2. Arbitrage: Our smar",4,1.0,1,https://www.reddit.com/r/CryptoMoonShots/comments/1s285by/arbitrage_inception_dex_bnb_rewards/,CryptoMoonShots,2026-03-24 08:35:09,0,FAKE,reddit_CryptoMoonShots
Anyone tried the new Cloudbet welcome promo,"A lot of people have been talking about the new welcome bonus from Cloudbet, and it looks like they recently increased it in a pretty big way. Before, new users could get up to 2500 dollars, but now it can go as high as 5000 dollars. That is a noticeable jump, especially for people who are already into crypto betting or just curious about trying it out.

From what I understand, you just need to use the code WELCOME when signing up, and the bonus starts applying from your first bet. It is not just a one time thing either, since the rewards seem to continue as you keep playing. That part might be interesting for users who plan to stay active instead of just testing the platform once.

Crypto betting platforms have been growing lately, and offers like this are probably one of the reasons why. Still, it is always a good idea to read the terms and understand how the bonus actually works before jumping in. Some people like these promos, while others are more cautious, so it really depends on",4,0.84,6,https://www.reddit.com/r/CryptoMoonShots/comments/1s24257/anyone_tried_the_new_cloudbet_welcome_promo/,CryptoMoonShots,2026-03-24 04:28:27,0,FAKE,reddit_CryptoMoonShots
"Locked liquidity is not ""locked liquidity"" anymore: Magnum brings you a marketplace where you can sell your locked liquidity and have cash before unlock - We deal with big or small LPs, any chain, any size, any time!","Locked liquidity has always been seen as capital you simply have to wait on.

Once your LP is locked, that’s it — your funds are effectively frozen until the unlock date, no matter what opportunities show up in the market. For founders, teams, and early liquidity providers, this creates a major limitation: your capital is there, but you can’t use it when it matters most.

But that assumption is now outdated.

Locked liquidity is no longer “locked.”

With Magnum Locked Liquidity Marketplace, you now have a way to access the value of your locked LP before the unlock date by connecting directly with a network of 150+ verified buyers.

Instead of waiting months (or even years), you can request quotes and receive competitive bids from buyers who specialize in acquiring locked liquidity positions.

---

What Magnum actually solves

The current locked liquidity market is fragmented. Most deals happen in private chats, with:

- Unverified buyers
- Lowball offers
- Counterparty risk
- Endless n",1,1.0,1,https://www.reddit.com/r/CryptoMoonShots/comments/1s29iek/locked_liquidity_is_not_locked_liquidity_anymore/,CryptoMoonShots,2026-03-24 10:00:39,0,FAKE,reddit_CryptoMoonShots
$IWM – The memecoin that’s literally keeping the best AI Iran War Map online,"This coin actually helps something useful, An app I have been using for a few weeks.

[iranwarmap.com](http://iranwarmap.com) = insane live AI map of the whole conflict pulled from Twitter: real-time pins, AI briefings, cams, an AI LLM with 25k+ plus pieces of OSINT, everything. Dev spends $30–50/day keeping the servers alive

A fan launched $IWM on [pump.fun](http://pump.fun) today so **1% of every buy goes straight to the dev** to cover costs. Official account even shouted it out earlier today and added the CA to the website.

If you use the map, you’re now helping keep it free forever….

**CA:** HUTjDLMkvDj9vtE8Z5Yx31zsUwATYyeWsj6s4RJpump  
**Buy:** [https://pump.fun/coin/HUTjDLMkvDj9vtE8Z5Yx31zsUwATYyeWsj6s4RJpump](https://pump.fun/coin/HUTjDLMkvDj9vtE8Z5Yx31zsUwATYyeWsj6s4RJpump)  
**Twitter:** [https://x.com/iranwarmap](https://x.com/iranwarmap)

Still sub $3K. Super early.

What do you guys think? smash or pass? 🗺️🚀

At the very least a very cool app for keeping track of the lat",1,0.67,1,https://www.reddit.com/r/CryptoMoonShots/comments/1s213km/iwm_the_memecoin_thats_literally_keeping_the_best/,CryptoMoonShots,2026-03-24 02:07:11,0,FAKE,reddit_CryptoMoonShots
"$1,000,000 for One Idea: QIE’s Global Grant for the First Truly Scalable Web3 Application","🚀 The Crypto Industry Has Reached an Inflection Point

The crypto industry has reached an inflection point.

For years, the focus has been on infrastructure — faster chains, lower fees, more protocols. Today, that problem is largely solved.

What remains unsolved is far more important:

Where are the applications that people actually use?

Not temporarily.

Not because of incentives.

But because they solve real problems.

\---

🔄 From Hype to Utility

The reality is simple.

Most of the industry is still recycling the same ideas:

Forked DeFi protocols

Short-lived liquidity schemes

Speculative tokens with no underlying demand

Yet a handful of platforms have proven what is possible when utility meets execution.

Uniswap processes billions in swaps.

Polymarket has shown what prediction markets can become when designed correctly.

These are not experiments.

They are products with real users, real transactions, and real economic activity.

\---

💡 A Different Incentive Model

The QIE",8,0.8,1,https://www.reddit.com/r/CryptoMoonShots/comments/1s1bkj3/1000000_for_one_idea_qies_global_grant_for_the/,CryptoMoonShots,2026-03-23 08:54:25,0,FAKE,reddit_CryptoMoonShots
Suibets.com: The Revolution in Decentralized Sports Betting on the Sui Blockchain,"&amp;#x200B;

In the world of sports betting, Suibets.com emerges as a groundbreaking platform that combines blockchain technology, artificial intelligence, and an immersive user experience. Built entirely on the Sui blockchain, Suibets is the first 100% on-chain sports betting platform, where every bet, payout, and market is recorded transparently, verifiably, and instantly. No custody, no intermediaries, and settlement in under 1 second — Suibets represents the future of crypto betting: secure, fast, and truly decentralized.

If you're looking for an alternative to traditional betting houses with transparent odds, native crypto integration, and advanced AI tools, Suibets.com is the perfect choice. In this complete article, we explore the tokenomics of the $SBETS token, the available sports, live streaming, the AI prediction agent, and above all, why you should use this platform to place your bets.

What is Suibets.com?

Suibets.com is a decentralized sports betting platform built on ",1,1.0,1,https://www.reddit.com/r/CryptoMoonShots/comments/1s1swln/suibetscom_the_revolution_in_decentralized_sports/,CryptoMoonShots,2026-03-23 20:41:17,0,FAKE,reddit_CryptoMoonShots
TAO can cross BTC at certain point!,"🚀 TAO is Quietly Setting Up for a Massive Move

While most are watching price… smart money is watching volume + whales + supply dynamics.

Volume is Exploding When It Matters

TAO may not be in top 10 daily volume yet — but every rally is backed by sharp volume spikes.

That’s not retail… that’s big money stepping in.

Whales Are Accumulating, Not Selling 🐋

Large wallets are increasing positions.

Open interest rising = strong conviction trades building.

This is classic early accumulation phase behavior

Supply Shock is Building ⚡

\~68% of TAO supply is staked (locked)

Meaning:

Less tokens in circulation

Higher scarcity

Strong upside pressure

 Perfect Setup Formula

Low float + Whale accumulation + Volume spikes

= Explosive potential

TAO is not in the hype phase yet…

 It’s in the smart money phase

Conclusion:

When volume becomes consistent and retail joins in,

TAO won’t just move…

It will reprice aggressively

 The biggest gains are made before something enters top 10 — ",0,0.5,1,https://www.reddit.com/r/CryptoMoonShots/comments/1s1ibwy/tao_can_cross_btc_at_certain_point/,CryptoMoonShots,2026-03-23 14:25:16,0,FAKE,reddit_CryptoMoonShots
Cladven — AI-routed swaps + crypto payments + no custody,"Been digging through this whitepaper and figured I’d share because it’s a bit different from the usual copy-paste DeFi stuff.

**Simple version:**  
Cladven is trying to combine a DEX, a payment processor, and an AI routing engine into one protocol. The goal is to make swapping and actually _using_ crypto a lot easier.

* * *

What they’re building

**Instant swaps**  
No deposits, no waiting around. You send one token and receive another in the same transaction. Pretty standard idea, but they’re removing order books entirely and using their own reserve system.

**AI routing (QCLP engine)**  
This is the main pitch. Instead of just checking a few DEXs, it scans thousands of possible routes across different platforms and picks the most efficient one.

That includes:

*   multi-hop swaps (A → C → D → B)
    
*   different exchanges
    
*   factoring in gas, slippage, etc.
    

They claim it consistently beats direct swaps by a small percentage. Not huge per trade, but it adds up.

**Pa",12,0.89,4,https://www.reddit.com/r/CryptoMoonShots/comments/1s0xezy/cladven_airouted_swaps_crypto_payments_no_custody/,CryptoMoonShots,2026-03-22 21:10:05,0,FAKE,reddit_CryptoMoonShots
New Kendu Energy Flavour,"Kendu is a memecoin with over 25 community led IRL initiatives, with one of them being Kendu Energy drinks.

There were 3 different variants: original, sugar free and cherry, however a new mango flavour has been announced!

I have tried the original and the cherry and both were great, not just in terms of flavour but the energy they gave me to smash posts. 

To continue to push boundaries and to release new products in this type of market perfectly encapsulates Kendu's state of mind. We are here to stay,. with a belief and ferocity that cannot be held down.

Social media and IRL domination until the very end.

Kendu is made out of stuff Shib, Pepe and Doge were made out of, they had their runs. Now it is...

**Kendu's Era**

We Don't Gamble, We Work

[r/KenduInu\_Ecosystem](/r/KenduInu_Ecosystem/)

ETH: 0xaa95f26e30001251fb905d264Aa7b00eE9dF6C18

SOL: 2nnrviYJRLcf2bXAxpKTRXzccoDbwaP4vzuGUG75Jo45

BASE: 0xef73611F98DA6E57e0776317957af61B59E09Ed7

CG: [https://www.coingecko.com/en/coins/",33,0.97,19,https://www.reddit.com/r/CryptoMoonShots/comments/1s0n60r/new_kendu_energy_flavour/,CryptoMoonShots,2026-03-22 14:33:25,0,FAKE,reddit_CryptoMoonShots
A Quietly Solid Start with the WELCOME Bonus,"There’s a certain point where you stop getting impressed by big numbers and start paying attention to how things actually perform. That’s the mindset I had when trying the **WELCOME** code on Cloudbet, and surprisingly, it delivered in a more subtle way.

Nothing about the experience felt forced. From the first bet, the bonus was already doing its job without requiring any adjustments or second guessing. That kind of seamless start is easy to overlook, but it makes a big difference once you’re actually in a session.

What stood out more over time was consistency. The bonus didn’t suddenly feel restrictive or behave differently after a few rounds. It stayed predictable, which allowed me to focus on my bets instead of thinking about conditions in the background.

It also gave a bit more breathing room early on, which changes how you approach decisions. You’re not as cautious, but you’re also not pushed into taking unnecessary risks.

Using the **WELCOME** code felt less like activating a",2,0.63,3,https://www.reddit.com/r/CryptoMoonShots/comments/1s184ul/a_quietly_solid_start_with_the_welcome_bonus/,CryptoMoonShots,2026-03-23 05:19:33,0,FAKE,reddit_CryptoMoonShots
"$LOL — The Internet's Most Universal Reaction, Now Living On-Solana","Every single day, billions of people across the planet type three letters without even thinking: LOL. Elon tweets it. CZ drops it. Your group chats are flooded with it. It's the internet's oldest, most instinctive reaction — and now it finally has its own token.

Welcome to $LOL, fair launched on pump .fun and running on Solana.

No whitepapers. No empty promises. No 97-slide pitch deck. Just the purest meme thesis ever written: LOL is the most typed expression in internet history, and it deserves to be on-chain.

$DOGE tokenized a dog. $PEPE tokenized a frog. $LOL tokenizes the reaction itself — the one thing every human shares when the charts go wild, the portfolio bleeds, or the green candles start printing screenshots worth posting.

This isn't another token pretending to have utility. This is pure community-driven meme energy built the right way. Fair launch on pump .fun. No presale. No VCs. No insiders. Liquidity burned. Contract renounced. Just a growing tribe of believers laugh",6,0.87,1,https://www.reddit.com/r/CryptoMoonShots/comments/1s10y60/lol_the_internets_most_universal_reaction_now/,CryptoMoonShots,2026-03-22 23:34:52,0,FAKE,reddit_CryptoMoonShots
Why $SUS Is the Most Suspicious Bull Play on Solana Right Now – X Money Origins + DogeOS Incoming,"Hey degens and meme lords,

While most Solana memes are dumping or chopping sideways, one sneaky pup has been quietly grinding higher: $SUS – Sus Dog – the suspicious, ultra-confident, moon-bound token that’s equal parts sus and bullish AF.

Why $SUS is primed for massive gains right now:

•  Legendary lore: That classic side-eye, mysterious grin, “I’m up to no good but you love it” energy. The ultimate suspect in the dog meta – community is diamond-handed and fully vibing on the meme.

•  X Money history: Back on March 9, 2026, the first-ever crypto purchase using X Money (beta) was $SUS. A beta tester sent $4.20 via X Money notes, snagged 15K $SUS – that bag has already 3x’d in recent updates. Elon-tier serendipity? Absolutely. 👀

•  Current setup on Solana: Fast, cheap trades, no gas wars. MC in the mid-hundreds K to low millions (plenty of runway). Growing holders, volume spikes on community shills, tied to the @anoncoinit ecosystem (anonymous Solana launchpad with DogeOS connectio",4,0.84,5,https://www.reddit.com/r/CryptoMoonShots/comments/1s0uibo/why_sus_is_the_most_suspicious_bull_play_on/,CryptoMoonShots,2026-03-22 19:16:52,0,FAKE,reddit_CryptoMoonShots
The Biggest Money-Making Opportunity of 2026,"In every market cycle, a small group of investors quietly discover a structural edge — something simple, repeatable, and scalable.

In 2026, that edge may already be here.

It’s called **QBots**, and it sits at the intersection of **DeFi leverage, stablecoin efficiency, and algorithmic trading** — powered by one of the most overlooked Layer-1 blockchains in the market today: **QIE**.

# The Undervalued Foundation: QIE Blockchain

While much of the market continues to chase short-term narratives, QIE is quietly doing something far more important — building real infrastructure.

Ultra-low fees.  
Near-instant settlement.  
A rapidly expanding ecosystem of DeFi protocols, wallets, and integrations.

These are not promises — they are already live.

Yet despite this, QIE remains significantly undervalued relative to its utility and growth trajectory. When compared to legacy Layer-1s like Ethereum, the disconnect becomes even more striking. Ethereum commands a multi-billion dollar valuation,",6,0.88,2,https://www.reddit.com/r/CryptoMoonShots/comments/1s0n6k0/the_biggest_moneymaking_opportunity_of_2026/,CryptoMoonShots,2026-03-22 14:34:02,0,FAKE,reddit_CryptoMoonShots
"Grass: Get Paid for Your Unused Internet While Helping Train the Next Generation of AI on Solana Blockchain (Sign up to save your progress and instantly claim 10,000 Grass Uptime Points)","**Fuel the AI Revolution with Grass.**

AI needs massive amounts of data to learn, and **Grass** is the bridge. As a leading DePIN project on Solana, Grass lets you contribute your spare bandwidth to power the next generation of Artificial Intelligence. You provide the rails for AI data collection; we provide the rewards. Secure, decentralized, and entirely passive.

**Why Grass Is Getting Attention**

* **AI × DePIN Combo:** Your bandwidth helps power data pipelines for AI models — and you get paid.
* **Early-Stage Advantage:** Still early, could grow into key infrastructure for AI data sourcing.
* **Actual Passive Income:** Install → run in the background → collect rewards. No mining, no tasks.
* **Extra Bonus:** Use **SEsneMoIYQS6M3w** at signup for **5,000 extra points**.
* **Built on Solana:** Fast, cheap, and well-suited for DePIN scaling.

🛠️ How to Start (Takes \~2 Minutes)

1. Register: [https://app.grass.io/register?referralCode=SEsneMoIYQS6M3w](https://app.grass.io/register?",2,1.0,1,https://www.reddit.com/r/CryptoMoonShots/comments/1s0vhux/grass_get_paid_for_your_unused_internet_while/,CryptoMoonShots,2026-03-22 19:55:17,0,FAKE,reddit_CryptoMoonShots
Locked Liquidity is money on the go: Magnum brings you a place to get the best bid for your locked liquidity from over 150+ verified buyers fast and securely.,"Locked liquidity is often misunderstood.

Most people see it as capital that is “stuck” — waiting behind unlock dates, vesting schedules, or LP locks. But in reality, locked liquidity still holds real, tradable value.

The problem has never been value.
The problem has been access, trust, and pricing.

That’s exactly what Magnum is solving.

Magnum Locked Liquidity Marketplace is designed to turn locked LP positions into liquid opportunities, by connecting sellers directly with a network of 150+ verified buyers actively looking to acquire locked liquidity across multiple chains.

Instead of waiting months or years for your liquidity to unlock, you can now request quotes and receive competitive bids in real time.

---

Why Magnum stands out

1. 150+ Verified Buyers
You’re not negotiating blindly. Magnum connects you with a large pool of vetted buyers, increasing your chances of getting a strong, market-driven price.

2. Competitive Bidding Environment
Multiple buyers compete for your liq",1,1.0,1,https://www.reddit.com/r/CryptoMoonShots/comments/1s0y2t9/locked_liquidity_is_money_on_the_go_magnum_brings/,CryptoMoonShots,2026-03-22 21:36:31,0,FAKE,reddit_CryptoMoonShots
Ever thought about adding Bitcoin mining to your long-term strategy?,"Bitcoin is starting to show signs of life again.  
After a rather quiet phase, the market finally seems to be moving.

And moments like this make me think less about price action and more about long-term positioning.

At some point I decided not to just buy Bitcoin, but to add mining as a building block to my overall strategy.

Not for quick profits — but for continuous BTC accumulation over time.

---

## ⛏️ What GoMining actually is

GoMining offers digital Bitcoin mining.

In simple terms:

- you buy hashpower (TH)  
- that hashpower is backed by real mining infrastructure  
- you receive daily BTC rewards  
- electricity and service costs are transparently deducted  

So instead of running hardware yourself, it’s more like structured access to mining returns.

---

## 📉 Important point

Right now the situation is:

- high difficulty  
- lower rewards per TH  
- weak ROI  

This is not a “get rich quick” phase.

But that’s exactly why:

- miner prices are lower  
- entry becomes mor",1,1.0,1,https://www.reddit.com/r/CryptoMoonShots/comments/1s0n82c/ever_thought_about_adding_bitcoin_mining_to_your/,CryptoMoonShots,2026-03-22 14:35:46,0,FAKE,reddit_CryptoMoonShots
"Anyone following Bifi with only 80,000 supply?","🔥 $BIFI – A Hidden DeFi Gem with Real Value

$BIFI is quietly building one of the strongest fundamentals in DeFi — and most people are still ignoring it.

🔥 Extreme Scarcity

Total supply: only 80,000 tokens

Fully distributed → no inflation, no dilution

👉 In a market flooded with billions of tokens, this kind of scarcity is rare

💰 Real Yield, Not Just Narrative

Unlike many hype coins, $BIFI generates actual revenue

Through Beefy Finance, users earn yield across multiple chains — and a portion of those fees goes back to $BIFI holders

👉 This makes $BIFI a cash-flow generating asset, not just speculation

⚙️ Strong Utility

$BIFI powers the ecosystem:

Governance rights

Staking rewards

Share in platform earnings

As usage of Beefy grows, demand for $BIFI increases naturally

🌐 Why It Matters

Low supply + real income + growing DeFi adoption =

📈 High upside potential when attention shifts

🐂 Final Thought

$BIFI is not driven by hype… it’s driven by fundamentals

And in crypto, fu",1,1.0,1,https://www.reddit.com/r/CryptoMoonShots/comments/1s0mnk6/anyone_following_bifi_with_only_80000_supply/,CryptoMoonShots,2026-03-22 14:11:42,0,FAKE,reddit_CryptoMoonShots
Streaming music and earning crypto feels weirdly interesting,"I have been testing NCPlay for a bit now, and instead of seeing it as just another music streaming app, I have been trying to understand where it actually fits within the bigger crypto and Web3 landscape. At first glance, it feels simple, listen to music, earn some $NCT, but the more I use it, the more it starts to feel like an experiment in how everyday digital behavior can be tied to onchain incentives.

The whole stream to earn concept stands out because it lowers the barrier to entry compared to what most of us are used to in crypto. Not everyone wants to actively trade, stake tokens, or chase airdrops all day. Here, you’re earning from things you’d already be doing, playing music, discovering new tracks, engaging with the app, even referring others. It doesn’t feel forced or overly technical, which makes it more accessible, especially for people who are new to crypto. The rewards aren’t huge right now, but watching your balance slowly grow in the background adds a different kind o",1,1.0,2,https://www.reddit.com/r/CryptoMoonShots/comments/1s0l9wj/streaming_music_and_earning_crypto_feels_weirdly/,CryptoMoonShots,2026-03-22 13:11:56,0,FAKE,reddit_CryptoMoonShots
Why $CHIBI OG Could Be the Defining Memecoin of the Chibi Era,"


$CHIBI has legs and legacy.

Everyone got same eyes but not the same view, You either see it or you don’t.

**Narrative:**  
X is now transforming from a ""writing platform"" into a ""picture platform,"" with **-Grok -Imagine** Chibi Animation - Chibi images being the latest example, Elon loves Chibi Templates He promotes it and Elon Musk has surpassed 237 million followers He is the most followed and interacted account on 𝕏, and He is the man of the year.

**$CHIBI Thesus:**  
- The images are cute, cartoonish; the token is a bet on sentiment.

- Elon promotes the templates, and insiders capitalize on this.

- The community focuses on one thing: more content, aggressively raiding, more playing, more memes.

If you believe in the logic that ""new platform features = new memes = new funding stories,"" then $CHIBI is the most straightforward ticket in this round of Chibification. If you're completely unfamiliar with the crypto world, treat it as a ""speculative game based on new filters,"" an",3,1.0,2,https://www.reddit.com/r/CryptoMoonShots/comments/1s0etfi/why_chibi_og_could_be_the_defining_memecoin_of/,CryptoMoonShots,2026-03-22 06:52:49,0,FAKE,reddit_CryptoMoonShots
When a Welcome Bonus Actually Feels Usable,"I’ve learned to be skeptical of big welcome offers, especially in crypto betting. Most of them look great upfront but start to feel restrictive once you’re actually playing. After trying Cloudbet’s $5,000 offer with the **WELCOME** code, this one feels a bit more grounded.

The first thing I noticed was how quickly everything kicked in. No waiting around, no figuring out if I did something wrong, the bonus was just there, working alongside my bets. That kind of immediate integration makes a big difference, especially when you just want to get started.

What stood out more over time was how it affected decision making. Instead of playing cautiously to protect a small balance, I had more flexibility to try different angles. It didn’t push me into riskier bets, it just gave me more room to play normally.

The platform itself still delivers where it matters. It’s responsive, stable, and doesn’t get in the way of your session.

Using the **WELCOME** code didn’t feel like activating a promot",2,1.0,1,https://www.reddit.com/r/CryptoMoonShots/comments/1s0b5k0/when_a_welcome_bonus_actually_feels_usable/,CryptoMoonShots,2026-03-22 03:27:06,0,FAKE,reddit_CryptoMoonShots
"What’s your thoughts? If Mark Zuckerfart's PATOS Meme Coin videos go Viral, how High Will Token Value Go After Presale?","What's Quackin Degens? A real post from a real trader.

What token is your boy talking about? [PatosMemecoin.com](http://PatosMemecoin.com) Official subreddit: r/PatosMemeCoin

We’ve all seen something about it. We’ve all felt the FOMO vibes approaching. But right now, something is brewing in the Solana ecosystem that feels like a glitch in the simulation. We’re talking a crypto unicorn in Patos Meme Coin ($PATOS).

The big question everyone is whispering in the private Alpha groups: Can Mark Zuckerfart actually pull off a ""Zuck-level"" viral nuke? If his Tier-1 viral videos catch fire like an iShowSpeed stunt or a Kai Cenat subathon, are we looking at the next 10,000x?

# Why Viral Marketing is the Cheat Code for Crypto

In the world of meme coins, utility is cool, but attention is the only currency that matters. Here’s why a viral pivot changes everything for a presale: \* The Network Effect: One share becomes ten, ten becomes a thousand. When a video hits the ""Main Character"" of the ",37,0.91,49,https://www.reddit.com/r/CryptoMoonShots/comments/1rzlr0a/whats_your_thoughts_if_mark_zuckerfarts_patos/,CryptoMoonShots,2026-03-21 07:56:41,0,FAKE,reddit_CryptoMoonShots
"PyroPlay, the only way you should be streaming","Haven't heard of [pyroplay.tv](http://pyroplay.tv) yet? We'll you're about to learn.

Firstly, how much do you spend per month on streaming services? $20 bucks? $30 bucks? $50 bucks? 100 bucks?

Gone are the early days of streaming where you got your Netflix subscription and everything was at your finger tips. Now we need 2+ subscriptions because our favorite shows and movies are no longer in one place.

Enter $PYRO 🔥

The first and only streaming platform based on Solana that has 95%+ of the content the mainstream streaming providers have... for FREE!!! I know what you're thinking, how the hell is that possible?! Well let's break it down.

Built-in Wallets Every PyroPlay user gets a dedicated Solana wallet automatically created and linked to their account, no “Connect Wallet”, ever.

How to Use PyroPlay

Users can choose from three simple access models:

1. Hold $PYRO Send $PYRO to your assigned wallet As long as you hold $PYRO, you have full access to PyroPlay
2. One-Time Access (Fia",2,1.0,1,https://www.reddit.com/r/CryptoMoonShots/comments/1s05mr5/pyroplay_the_only_way_you_should_be_streaming/,CryptoMoonShots,2026-03-21 23:09:01,0,FAKE,reddit_CryptoMoonShots
How are you guys managing downside when shorting in this market?,"Been spending more time looking at short setups lately, especially with how unpredictable price action has been across a lot of low caps and even majors. Not trying to shill anything here — just genuinely trying to understand how people are managing risk when they take the short side.

From what I’ve seen, most people default to perpetual futures on exchanges like **Bitget, Binance, or Bybit**. Mechanically they’re all pretty similar: you’ve got leverage, funding rates, and liquidation levels. The difference seems less about the platform itself and more about how aggressive you are with leverage.

One thing that stood out to me is how often isolated margin + hard stop-loss gets mentioned (saw this a lot in Bitget’s docs, but also elsewhere). Makes sense since cross margin can wipe your whole account if a position goes wrong. Still, I get the feeling most people ignore this until they get burned.

I also looked into lower leverage environments like Kraken. On paper, 3–5x leverage seems ",4,1.0,2,https://www.reddit.com/r/CryptoMoonShots/comments/1rzrnip/how_are_you_guys_managing_downside_when_shorting/,CryptoMoonShots,2026-03-21 13:35:45,0,FAKE,reddit_CryptoMoonShots
Your Locked Liquidity Is Still Liquid While Locked: Magnum Connects You to the Best Buyers In Our Network So You Don’t Stay Liquidity Stuck,"Locked liquidity doesn’t mean your capital is gone.
It means it’s waiting — and that waiting can cost you opportunities.

Across every chain, founders and teams are holding LP positions with real, on-chain value, yet they remain unusable until an unlock date that may be months or years away.

Magnum Locked Liquidity Marketplace exists to change that.

────────────────────────────

Your Liquidity Isn’t Dead — It’s Just Locked

Locked LP still has:

Real underlying assets

A predictable unlock timeline

Market demand from experienced buyers


The only missing piece?
Access to those buyers.

That’s where Magnum comes in.

────────────────────────────

What Magnum Does

Magnum is a dedicated locked liquidity marketplace that connects sellers with a network of 150+ verified buyers actively seeking locked LP positions.

Instead of waiting, you can:

Present your locked liquidity to real demand

Receive competitive bids

Exit on your terms


────────────────────────────

What You Can Sell

1.",2,1.0,1,https://www.reddit.com/r/CryptoMoonShots/comments/1rzq6tc/your_locked_liquidity_is_still_liquid_while/,CryptoMoonShots,2026-03-21 12:27:02,0,FAKE,reddit_CryptoMoonShots
$SUS – The Most Suspicious Dog on Solana Just Did Something Legendary with X Money!,"Hey degens and meme lords,

If you’ve been grinding Solana memes lately, you’ve probably noticed this one dog that’s been quietly (but sus-ly) climbing charts while everyone else is dumping or sideways. Meet $SUS – Sus Dog – the token that’s equal parts suspicious, confident, and moon-bound.

Quick rundown on why $SUS is sus in the best way:

•  The lore: This ain’t your average pup. Sus Dog is the ultimate “something’s off” vibe – side-eye, mysterious grin, that classic “I’m up to no good but you love it” energy. It’s the suspect in the dog world, and the community is all in on the meme. Perfect for these chaotic times.
•  X Money legend: Back on March 9, 2026, the first-ever crypto purchase using X Money (beta) was… $SUS. Not some blue-chip, not BTC – straight $SUS. A beta tester sent $4.20 via X Money notes with a wallet address, got 15K $SUS in return. That same bag? Now worth ~3x as of recent updates. Elon-level serendipity? You decide. 👀
•  Tech &amp; stats (as of mid-March 2026 ",31,1.0,18,https://www.reddit.com/r/CryptoMoonShots/comments/1rzdphu/sus_the_most_suspicious_dog_on_solana_just_did/,CryptoMoonShots,2026-03-21 00:49:07,0,FAKE,reddit_CryptoMoonShots
Why SOLm Might Be the Best Play in a Bear Market,"Everyone talks about surviving a bear market. Very few projects are actually built for it.

SOLm is one of the rare ones that doesn’t depend on hype, narrative cycles, or constant inflows of new buyers. It runs on something much more reliable: arbitrage-driven volume.

For those who don’t know, arbitrage is simply exploiting price differences across markets to generate profit, and it’s a core mechanism in crypto that operates regardless of market direction.  ￼

That’s the key.

Up, down, sideways… arbitrage still exists.

⸻

What makes SOLm different?

Instead of waiting for volume, SOLm creates it.

•	100+ liquidity pools scanning for inefficiencies

•	Continuous arbitrage generating real trading activity

•	That volume gets redirected back to holders in SOL

•	System scales as more pools are added

As one Reddit user put it:

“More pools → more arbitrage → more volume → more rewards”  ￼

⸻

Why this matters in a bear market

Most tokens die when attention disappears.

•	No hype = no ",9,0.92,7,https://www.reddit.com/r/CryptoMoonShots/comments/1ryuzwz/why_solm_might_be_the_best_play_in_a_bear_market/,CryptoMoonShots,2026-03-20 12:32:35,0,FAKE,reddit_CryptoMoonShots
"Putting Cloudbet’s $5,000 WELCOME Bonus to the Test","I didn’t expect much when I signed up again, but Cloudbet’s updated welcome offer actually caught my attention this time. Doubling it to $5,000 isn’t just marketing noise, you feel it immediately when you start playing.

I used the **WELCOME** code myself, and what stood out was how straightforward everything was. No confusing steps, no chasing requirements before you even get started. I placed my first bet, and the bonus was already in motion. That alone puts it ahead of a lot of platforms that overcomplicate the process.

What keeps me coming back, though, isn’t just the bonus, it’s how the platform runs. Bets settle quickly, the interface doesn’t lag, and withdrawals don’t feel like a gamble on their own. That consistency matters more than flashy promos.

The $5,000 boost just amplifies what’s already there. It gives you more room to play, test strategies, and actually enjoy the experience without feeling restricted early on.

I’ve tried newer crypto betting sites, but I keep circli",3,0.68,4,https://www.reddit.com/r/CryptoMoonShots/comments/1ryyn8o/putting_cloudbets_5000_welcome_bonus_to_the_test/,CryptoMoonShots,2026-03-20 15:01:57,0,FAKE,reddit_CryptoMoonShots
Apocatlyptic Meow Token  (very low MC),"Hey everyone,

I recently launched a small memecoin on Ethereum called APOCAT and I’d really appreciate some honest feedback from people seeing it for the first time.

I’m fully aware of the reality here — the memecoin space is extremely crowded, liquidity is still small, and trust in new tokens is low (for good reason). Because of that, I’ve been trying to approach this in a more transparent and straightforward way (locked liquidity, no weird token mechanics, just keeping things simple and visible).

It’s still very early and I’m not pretending it’s anything big yet. I’m more interested in understanding how it comes across to someone with zero context.

So I’m curious:

* What makes you give a new project even a small chance instead of instantly ignoring it?
* What are the first red flags you personally look for?
* Does anything here stand out to you as good or bad?

Links if you want to take a look:  
Website: [https://apocatlypsemeow.github.io/apocat](https://apocatlypsemeow.github.",1,1.0,2,https://www.reddit.com/r/CryptoMoonShots/comments/1rz3qxa/apocatlyptic_meow_token_very_low_mc/,CryptoMoonShots,2026-03-20 18:11:42,0,FAKE,reddit_CryptoMoonShots
ℍ  HVT — Human Value Token: A Solana token designed to rise as AI replaces jobs,"Hey r/CryptoMoonShots,



Just launched $HVT — Human Value Token ℍ on Solana. Here's the full thesis:



THE PROBLEM:

AI is going to displace millions of jobs over the next decade. The mainstream solution proposed by tech billionaires is Universal Basic Income — essentially a monthly payment that turns people into passive consumers rather than active economic participants.



THE IDEA:

When AI automates a skill, that skill doesn't disappear — it becomes scarcer. A nurse in a rural area with no doctors, a carpenter with rare traditional skills, a teacher in an underserved community — their value increases as automation advances. But there's no market mechanism to price that scarcity.



$HVT is designed to be that mechanism.



THE TOKEN:

\- Fixed supply: 1,000,000,000 tokens forever

\- Deflationary: 1-2% burn per transaction

\- Built on Solana — near-zero fees

\- Current market cap: \~$5,000

\- Bonding curve on Jupiter



PLAY TO EARN:

We launched 4 games to build community whi",1,1.0,1,https://www.reddit.com/r/CryptoMoonShots/comments/1rz0jmu/ℍ_hvt_human_value_token_a_solana_token_designed/,CryptoMoonShots,2026-03-20 16:11:53,0,FAKE,reddit_CryptoMoonShots
Grass: Get Paid for Your Unused Internet While Helping Train the Next Generation of AI on Solana,"**Fuel the AI Revolution with Grass.**

AI needs massive amounts of data to learn, and **Grass** is the bridge. As a leading DePIN project on Solana, Grass lets you contribute your spare bandwidth to power the next generation of Artificial Intelligence. You provide the rails for AI data collection; we provide the rewards. Secure, decentralized, and entirely passive.

**Why Grass Is Getting Attention**

* **AI × DePIN Combo:** Your bandwidth helps power data pipelines for AI models — and you get paid.
* **Early-Stage Advantage:** Still early, could grow into key infrastructure for AI data sourcing.
* **Actual Passive Income:** Install → run in the background → collect rewards. No mining, no tasks.
* **Extra Bonus:** Use **SEsneMoIYQS6M3w** at signup for **5,000 extra points**.
* **Built on Solana:** Fast, cheap, and well-suited for DePIN scaling.

🛠️ How to Start (Takes \~2 Minutes)

1. Register: [https://app.grass.io/register?referralCode=SEsneMoIYQS6M3w](https://app.grass.io/register?",2,1.0,1,https://www.reddit.com/r/CryptoMoonShots/comments/1rybxgh/grass_get_paid_for_your_unused_internet_while/,CryptoMoonShots,2026-03-19 20:47:34,0,FAKE,reddit_CryptoMoonShots
Thoughts on KAT listing + its role in DeFi liquidity and real yield,"Been looking into the recent KAT spot listing on BingX (with the limited-time 0 fees), and the project itself is actually pretty interesting beyond just the listing hype.

From what I’ve gathered, KAT seems focused on solving one of DeFi’s ongoing issues — **fragmented liquidity**. It integrates across protocols like Morpho and Sushi, which could help unify liquidity and improve capital efficiency across ecosystems.

It also plays a role in a Layer 2 proof-of-stake network, where it’s used to power transactions so not just a passive token, but something tied to actual network activity.

A few things that stood out to me:

* Focus on **“real yield”** (revenue-based, not just inflation rewards)
* Built around **AggLayer tech** for better cross-protocol coordination
* Potential **staking utility** for securing the network
* Use cases across DeFi (lending, borrowing, liquidity provision)

With the market still being relatively slow, I think projects pushing **real yield + capital efficienc",9,1.0,12,https://www.reddit.com/r/CryptoMoonShots/comments/1rxhh77/thoughts_on_kat_listing_its_role_in_defi/,CryptoMoonShots,2026-03-18 21:49:17,0,FAKE,reddit_CryptoMoonShots
$TOILET2.0 ($TD2) — The Return of a Viral Legend,"Toilet Dust is back… and this time it’s built to last.

In the ever-evolving world of crypto, few projects manage to leave a mark that people remember. Even fewer manage to come back stronger.

**TOILET2.0 ($TD2)** is not just another meme coin — it’s the evolution of a proven narrative.

💥 **The Origin Story**

The original Toilet Dust took the Sui ecosystem by surprise.

What started as a chaotic, humorous meme quickly turned into a serious contender — reaching an impressive **$7M market cap.**

It proved one simple truth:

Even the dirtiest memes can pump hard when the community is real.

But like many first runs, it wasn’t perfect.

And that’s exactly why TOILET2.0 exists.

🔁 **Why TOILET2.0?**

This isn’t just a relaunch — it’s a refined upgrade.

After analyzing what worked (and what didn’t), the team is bringing back Toilet Dust with:
 - **Cleaner structure**
 - **Stronger foundations**
 - **Clearer long-term vision**
 - **Improved token design &amp; sustainability**
 - **Commun",8,0.84,1,https://www.reddit.com/r/CryptoMoonShots/comments/1rwz5lz/toilet20_td2_the_return_of_a_viral_legend/,CryptoMoonShots,2026-03-18 09:29:54,0,FAKE,reddit_CryptoMoonShots
Best Exchanges for Trading Standard Crypto Tokens in 2026,"For anyone exploring low-cap and meme coins, choosing the right platform can make a big difference in trading safely. Low-cap tokens are exciting but volatile, so understanding the trade-offs between centralized exchanges, decentralized exchanges, and wallets with swap features is crucial.

**Centralized Exchanges (CEXs)**  
CEXs let you trade through an account and order books. Some well-known platforms provide easier access and liquidity even for emerging tokens:

* **Binance** – High liquidity, broad token selection, fast execution.
* **Kraken** – Security-focused, regulated, with fiat on-ramps.
* **Coinbase** – Beginner-friendly, strong compliance, simple interface.
* **Bitget** – Offers spot and derivatives trading and supports a variety of smaller tokens.

**Critical Considerations:**

* **Pros:** Quick trades, high liquidity, and some regulatory safeguards.
* **Cons:** Many low-cap tokens aren’t listed; private keys remain with the exchange unless withdrawn. Always DYOR, as smal",3,0.72,7,https://www.reddit.com/r/CryptoMoonShots/comments/1rx6nfk/best_exchanges_for_trading_standard_crypto_tokens/,CryptoMoonShots,2026-03-18 15:15:28,0,FAKE,reddit_CryptoMoonShots
$FML: The Organic Growth Machine Built for the Meme Coin Era - Bull Case,"# The Marketing Engine: Why the Content Strategy Is Best-in-Class

If the cult mechanics are the retention layer, the content strategy is the acquisition layer. And it might be the most efficient organic growth machine in the current meme coin meta.

# The Core Insight: You Don't Create FML Moments — The World Does

Most meme coin marketing teams have to manufacture narratives. They need partnerships, influencer calls, forced virality. **$FML's** content team has realized something that changes the economics entirely: the world produces FML moments every single day, completely for free. Their job isn't to create content from scratch — it's to be the fastest facepalm on the timeline when the next FML moment inevitably arrives.

* Liquidation events? The account posts within minutes, before anyone else processes what happened.
* Rug pulls? The funeral goes up the same day.
* Solana outages? The account is the first thing people see when the network comes back.
* Tariff announcements?
* P",4,0.75,1,https://www.reddit.com/r/CryptoMoonShots/comments/1rwzosn/fml_the_organic_growth_machine_built_for_the_meme/,CryptoMoonShots,2026-03-18 10:02:23,0,FAKE,reddit_CryptoMoonShots
"Welcome to a Reputable Locked Liquidity Marketplace: Magnum LLM - Get the Best Bid for Your Locked Liquidity Any Time, Any Chain, Any Size.","Locked liquidity has always been treated as untouchable capital — sitting idle while markets evolve, narratives shift, and new opportunities emerge.

Magnum Locked Liquidity Marketplace changes that completely.

It introduces a structured, reputable environment where locked liquidity owners can connect directly with 150+ verified buyers, all competing to offer the strongest possible bids for your LP positions.

────────────────────────────

The Problem Magnum Solves

For years, selling locked liquidity meant:

Navigating unverified OTC channels

Accepting undervalued offers

Dealing with counterparty risk

Wasting time in fragmented negotiations


There was no true marketplace — until now.

────────────────────────────

What Magnum Brings to the Table

1. Verified Buyer Network
Over 150+ active buyers vetted and ready to bid on locked liquidity across chains.


2. Best Bid Mechanism
Multiple buyers compete, ensuring you receive optimal pricing, not one-sided offers.


3. Secure Executi",1,1.0,3,https://www.reddit.com/r/CryptoMoonShots/comments/1rx7fb4/welcome_to_a_reputable_locked_liquidity/,CryptoMoonShots,2026-03-18 15:44:32,0,FAKE,reddit_CryptoMoonShots
"Solfart: 1.2B tokens sold, 742% ROI to listing, 5 Crypto Exchanges. A competitor just paid for hit pieces against us and I've never been more bullish.","# 1.2B tokens sold. 742% ROI to listing price. A memecoin competitor is paying to trash Solfart that's all I needed to hear.

# Presale and Tokenomics Details

* Token Name: Solfart ($SOLF)
* Presale Website: [https://solfart.io](https://solfart.io)
* Current Price: $0.000203 (Stage 2)
* Next Stage Price: $0.000250 (+22.96%)
* Community:\*\* reddit.com/r/Solfart (10,000+ members and growing daily)
* Tokens Sold: 1,224,552,772 of 1,957,420,202
* Tokens Allocated for First Round: 655,476,093 $SOLF
* Accepted Payment Methods: Ethereum (ETH), Solana (SOL), BNB, USDT, USDC, Credit Card
* Associated Project: Fartchan - GoMemecoin

# So what happened

Wasn't planning on posting this week but something came out that I think people should know about.

I've been holding Solfart since early presale and this past week we found out a competitor actually paid for sponsored articles trashing the project. Not organic criticism, not a skeptic raising fair points paid defamation using Solfart's, the mon",6,0.88,37,https://www.reddit.com/r/CryptoMoonShots/comments/1rwtjqn/solfart_12b_tokens_sold_742_roi_to_listing_5/,CryptoMoonShots,2026-03-18 04:01:36,0,FAKE,reddit_CryptoMoonShots
🚀 Patos Meme Coin: Analyzing the Smart Money and On-Chain Liquidity Before the 111 CEX Moonshot,"# $PATOS TOKEN PRESALE

[https://www.patosMeme.com](https://www.patosMeme.com)

The transparency of the Solana blockchain allows for a deep dive into the actual holder base of **Patos Meme Coin ($PATOS)** before it even hits the open market. By analyzing the contract address ([CzQ7zUgoLMsjhNnzwoPcAhQb4Tc3Xs1LiaCaVfatnKEr](https://solscan.io/token/CzQ7zUgoLMsjhNnzwoPcAhQb4Tc3Xs1LiaCaVfatnKEr#holders)), a clear picture of the project's health emerges. Unlike typical presales that hide their numbers, Patos is currently the only presale that is showing real-time investment security and liquidity depth before listing on exchanges.

# 📊 Token Holder Classification: Who is the Patos Flock?

Based on recent on-chain data, the **token presale's holder base** is growing at lightning speed. In the last 72 hours alone, the presale has accelerated, and investors can track every move in real-time via the official Telegram (Telegram Username: Patos\_Meme\_Coin).

Here is a classification of the $PATO",2,0.63,10,https://www.reddit.com/r/CryptoMoonShots/comments/1rwk0eo/patos_meme_coin_analyzing_the_smart_money_and/,CryptoMoonShots,2026-03-17 21:27:21,0,FAKE,reddit_CryptoMoonShots
"SPX6900 is the only memecoin built around a coordination thesis, not just a vibe. And that's exactly why it wins this cycle [Discussion]","Let's be honest about the current timeline.  
  
The game is structurally rigged. Our wages don't keep up, our attention is farmed, and the people in power/wealth don't have good solutions.  
  
The media mispronounces entire countries so wars feel like movie plots instead of decisions made by people who will never pay the cost. Meanwhile, the working class ends up rationing gas and pinching pennies. Yet, the architects of the mess (i.e. The Financial Industrial Complex, The Military Industrial Complex, and The Technical Industrial Complex) post record earnings.  
  
However, I'm seeing a troubling response. One of doomscrolling and quiet despair. This is terrible because it is exactly what the system needs from you.  
  
Hence, where SPX6900 comes in. I don't say this as hype, but as someone who actually thinks about coordination problems for a living.  
  
We don't beat late-stage empire with spicier meme about how doomed we are. We beat it by coordinating one level higher than the p",3,1.0,1,https://www.reddit.com/r/CryptoMoonShots/comments/1rwlibw/spx6900_is_the_only_memecoin_built_around_a/,CryptoMoonShots,2026-03-17 22:22:41,0,FAKE,reddit_CryptoMoonShots
Whishfull thinking,"Do you ever dream?

I do..

Somtimes i Dream and open my empthy wallet.. and hope someone maked over crypto to the wrong wallet.. whishfull thinking. But who am i.. just someone who got scammed by to much crypto groups. Had sone lucky ones.. but it made me stop crypto at all.. who is going to help me get back in? Who is still there searching for gems? Finding that one that makes you go 📈? Did you found it? Back in the times or now a days?

  
At least i keep dreaming and i will! That one day i feel strong enough to come back and search for that gem again 💎💎💎

  
Till then i watch at my empty wallet and hope one day i fill it again!

Hopelful the community is still so geat and helpfull as 6 years back.



Xrp

rffd2VFkJPMgitiCrFoYrQF7Yy2bBnFuH8

  
Ltc

LdABJpKx6bo4ixcDLmkCXihBEBGvVoQPAZ

  
Bnb  
0x3546286934b134AbDa1F805f4eb1E07331464EA3

Sol

0x3546286934b134AbDa1F805f4eb1E07331464EA3

  
Thank god for your help and pray for the gem!

I really hope even it is a dollar, there is a goo",3,1.0,1,https://www.reddit.com/r/CryptoMoonShots/comments/1rwgqdm/whishfull_thinking/,CryptoMoonShots,2026-03-17 19:30:27,0,FAKE,reddit_CryptoMoonShots
Kendu Chugging On Harder Than Ever,"See this: [https://www.reddit.com/r/KenduInu\_Ecosystem/comments/1qdrrx4/day\_79\_a\_new\_day\_a\_new\_chug/](https://www.reddit.com/r/KenduInu_Ecosystem/comments/1qdrrx4/day_79_a_new_day_a_new_chug/)

Kendu community grinding and pushing on, subreddit has so much energy, so does the TG.

  
We are hammering posts on X, Reddit, Stocktwits and IRL efforts are flying with a new Kendu Energy Mango flavour released, new Kendu Racing events and equipment upgrades.

The best projects in the past like Shib, Doge and Pepe have grinded in the slower markets, building a community in the shadows, creating the foundations for when the markets turn. Kendu's distribution is getting better and better with a HHI score of 23...

This is a sleeping giant and when the sun comes out, we will be the first to shine. 

You won't see any better levels than this, risk is low...potential is as high as ever

We Don't Gamble, We Work

[r/KenduInu\_Ecosystem](/r/KenduInu_Ecosystem/)

ETH: 0xaa95f26e30001251fb905d2",57,0.98,23,https://www.reddit.com/r/CryptoMoonShots/comments/1rvn6g2/kendu_chugging_on_harder_than_ever/,CryptoMoonShots,2026-03-16 21:39:38,0,FAKE,reddit_CryptoMoonShots
SOLm – The Arbitrage Engine That Pays You to Hold,"Most projects promise rewards.

SOLm manufactures them.

Let me explain why this isn’t just another token drifting in the void.

The Core Mechanic: Arbitrage = Volume = Rewards

SOLm is built around a growing network of arbitrage pools — over 100 liquidity routes constantly scanning for price inefficiencies across markets.

When those gaps appear, SOLm executes.

That arbitrage activity generates real trading volume, not artificial hype volume.

And here’s where it gets interesting:

Volume Feeds Holders

The volume generated through arbitrage isn’t wasted — it’s redirected.

	•	It is used to reward holders directly in SOL

	•	The more activity, the more rewards

	•	The system scales with expansion

This creates a loop that reinforces itself:

More pools → more arbitrage → more volume → more rewards → more holders → repeat

A self-reinforcing engine.

Early, But Already Delivering

This isn’t theory.

Early holders have already seen significant SOL rewards, with distributions that refl",4,0.84,3,https://www.reddit.com/r/CryptoMoonShots/comments/1rw2s6v/solm_the_arbitrage_engine_that_pays_you_to_hold/,CryptoMoonShots,2026-03-17 10:29:30,0,FAKE,reddit_CryptoMoonShots
The Case for Eid Al Fitr: A Strategic Entry into Seasonal Meme Culture,"If you are looking for the next breakout asset, the Eid Al Fitr token offers a unique value proposition by tapping into one of the most significant global cultural events. Here is why $EID belongs in your portfolio:

1. Massive Global Awareness: With nearly two billion people celebrating Eid annually, the brand recognition for this token is built-in. Unlike random animal memes, $EID utilizes a narrative that is already a household name across the globe, providing a massive advantage for viral marketing.
2. Seasonal Volatility Advantage: Similar to how ""Santa"" or ""Halloween"" coins capture massive capital inflows during their respective holidays, $EID is positioned to peak during the high-engagement festive season.
3. Untapped Demographic: The crypto market is currently saturated with recycled themes. $EID targets a fresh, tech-savvy, and highly communal demographic that is actively looking for projects that reflect their own celebrations and traditions.
4. Community-Centric Growth: We a",1,1.0,3,https://www.reddit.com/r/CryptoMoonShots/comments/1rwc9xw/the_case_for_eid_al_fitr_a_strategic_entry_into/,CryptoMoonShots,2026-03-17 16:58:12,0,FAKE,reddit_CryptoMoonShots
$FREE — Solana token whose value rises when US incarceration rates fall | Freedom Index updated daily | Real government data,"
Just launched $FREE on Solana today.

The concept is simple:

The Freedom Index tracks real US incarceration 
data daily using government sources:
→ Vera Institute
→ FBI Crime Data Explorer  
→ GovTrack legislation tracker

When prison population falls → $FREE rises.
When incarceration increases → $FREE falls.

DATA SOURCES:
→ Vera Institute (county jail populations)
→ FBI Crime Data Explorer (arrest rates)
→ GovTrack (active reform legislation)
→ NewsAPI (criminal justice news sentiment)

THE FORMULA:
50% — Incarceration rate (core metric)
30% — News sentiment (daily signal)
20% — Active reform legislation

Why this is different from every other token:
✅ Real data backing price movements
✅ Appeals to crypto traders AND justice advocates
✅ Daily content keeps it relevant
✅ Built in news cycle — every justice story = $FREE story
✅ Transparent and verifiable
Current stats:
📊 Market Cap: $2.6K
🏛️ Network: Solana
🔄 Exchange: Pump.fun

2.3 million Americans are currently incarcerated.
More",1,0.67,76,https://www.reddit.com/r/CryptoMoonShots/comments/1rvpqoy/free_solana_token_whose_value_rises_when_us/,CryptoMoonShots,2026-03-16 23:15:27,0,FAKE,reddit_CryptoMoonShots
"We will carry their will, $SPIRITS","The market wiped out thousands.

Charts collapsed.

Communities disappeared.

Liquidity vanished.

Most projects died quietly.

But some traders stayed.

They watched the empty charts.

They traded through the silence.

They held through the chaos.

Those who remained became something else.

They became the SOLIVORS.

Not just traders.

Survivors of the cycle.

And every survivor carries something with them, the conviction of those who didn’t make it.

Those lost along the way are not forgotten.

Their presence lives inside the chain.

In every transaction.

In every block.

In every move forward.

Those are the SPIRITS.

$SPIRITS isn’t just a ticker.

It represents the conviction of traders who endured the worst parts of the market and came out stronger.

Behind it is a cabal that already understands the game.

No noise.

No weak hands.

No empty narrative.

Just coordinated conviction.

Because the ones who survived the silence are the ones who run the next cycle.

SOLIVORS carry the",2,1.0,6,https://www.reddit.com/r/CryptoMoonShots/comments/1rvdnia/we_will_carry_their_will_spirits/,CryptoMoonShots,2026-03-16 16:06:11,0,FAKE,reddit_CryptoMoonShots
Art Project - Joyful Abundance (JOYA),"Introducing JOYA (Joyful Abundance) — A Crypto Art / Performance Experiment on Base

Hi everyone! I recently launched a token called **JOYA** on the **Base network**, but it’s not meant to be a typical crypto investment project. It’s closer to a **conceptual / performance art experiment** exploring how digital value, attention, and community form on the internet.

The idea is simple: create a token, release it into the world, and watch what happens as people discover it, trade it, ignore it, or pass it along. Each **JOYA** token is meant to carry a small symbolic message about **gratitude, generosity, and abundance**. When someone sends a JOYA to another wallet, it’s like passing along a tiny digital gesture of appreciation.

JOYA exists as both a token and a **living social artwork**.

Token info:

Name: JOYA  
Network: Base

Contract:  
0x2BA608cBF74A1aA181E5f0E44b2EB3e00bf4C4BF

Dexscreener:  
[https://dexscreener.com/base/0x2ba608cbf74a1aa181e5f0e44b2eb3e00bf4c4bf](https://dexscree",2,1.0,1,https://www.reddit.com/r/CryptoMoonShots/comments/1ruvy8o/art_project_joyful_abundance_joya/,CryptoMoonShots,2026-03-16 01:22:27,0,FAKE,reddit_CryptoMoonShots
Hear me out,"Crypto moon shots, XRP memes🫣 

It’s crazy how stupid early memes are for a top 10 crypto🤝 Bankers coin will make you rich, not bitcoin at 69k🤣🤣 Let's dive deeper into this wild ride, folks. XRP has been lurking in the shadows of the crypto world for years, backed by Ripple's tech that's actually solving real-world problems like cross-border payments. While Bitcoin sits there like a digital “gold brick” at absurd prices, XRP is the underdog ready to explode. 

Think about it: with ongoing legal battles potentially wrapping up in favor of Ripple, the floodgates could open for institutional adoption. Banks, remittance companies, they're all eyeing this ""bankers coin"" because it's efficient, fast, and cheap compared to the clunky alternatives. 

But here's the fun part – the meme potential is off the charts and we're still so early! Imagine memes about XRP mooning past the moon, leaving BTC in the dust, or jokes about how your grandma's wire transfer is secretly powered by XRP. Communitie",2,0.76,3,https://www.reddit.com/r/CryptoMoonShots/comments/1rujhy6/hear_me_out/,CryptoMoonShots,2026-03-15 17:06:54,0,FAKE,reddit_CryptoMoonShots
"Privacy is essential for Crypto, and we are bringing it on ETH","Saiko is surging forward with unstoppable momentum once again.

Privacy stands as something truly priceless, an absolute value that defies any monetary measure.

Because privacy holds such immense worth, Saiko itself becomes invaluable in the same way, impossible to truly price.

Right now, this week marks a major milestone: we are delivering complete privacy across the entire Ethereum network while generously rewarding every single person who steps up and contributes to this vital mission.

Full anonymity is what we are bringing to the table, no exceptions, no compromises.

The Chrome extension is progressing perfectly and remains on schedule for release this very week, making access seamless and bringing the power of Saiko directly to users everywhere.

A massive wave of regret and endless coping awaits anyone who witnesses this opportunity unfolding yet chooses to sit on the sidelines instead of seizing it.

Do not allow fleeting emotions or hesitation to stand between you and serio",10,0.92,17,https://www.reddit.com/r/CryptoMoonShots/comments/1ru3049/privacy_is_essential_for_crypto_and_we_are/,CryptoMoonShots,2026-03-15 03:01:40,0,FAKE,reddit_CryptoMoonShots
SuiBets: Revolutionizing Crypto Betting on the Sui BlockchainIn,"In the fast-paced world of cryptocurrency and decentralized finance, innovative platforms are constantly emerging to blend traditional entertainment with blockchain technology. One such gem is SuiBets.com, a fully on-chain sports betting platform built on the Sui network.

 Designed for crypto enthusiasts seeking moonshot opportunities, SuiBets combines the thrill of sports wagering with the transparency and security of blockchain. Powered by the $SBETS token, this platform is not just about placing bets—it's about creating a sustainable ecosystem where users can earn, participate, and grow their holdings. In this article, we'll dive into the available sports, key features like streaming, staking, prediction markets, Walrus integration, the reasons to jump on board, and the tokenomics that make $SBETS a potential powerhouse.

A Wide Array of Sports for Every Bettor
SuiBets stands out with its extensive selection of sports, catering to a global audience of fans and bettors. With over 16",1,1.0,2,https://www.reddit.com/r/CryptoMoonShots/comments/1rudyb6/suibets_revolutionizing_crypto_betting_on_the_sui/,CryptoMoonShots,2026-03-15 13:23:56,0,FAKE,reddit_CryptoMoonShots
Strategic Oil Supply ($SOS) meme narrative tied to global oil supply disruption,"One narrative gaining serious traction lately is the direct link between energy markets and crypto ""war-time"" narratives. With escalating tensions in the Middle East threatening oil flows through the Strait of Hormuz, crude prices are hitting extreme volatility peaks again.
This is exactly why the concept behind Strategic Oil Supply ($SOS) stands out. It’s a play on the most critical resource in the world. The logic is simple but powerful:

	1	Oil fuels the global economy.
	2	Liquidity fuels the crypto markets.
When the world faces an energy crunch, the ""Supply"" narrative kicks into high gear. $SOS positions itself at the intersection of real-world geopolitical shocks and degen narrative trading. We’ve seen how commodity-linked memes can explode when the news cycle turns red; as oil prices fluctuate, so does the attention on assets that mirror that urgency.
I’m not saying this is a guaranteed moonshot, but savvy traders know that geopolitics and commodity shocks are the ultimate cataly",11,1.0,16,https://www.reddit.com/r/CryptoMoonShots/comments/1rtw6lk/strategic_oil_supply_sos_meme_narrative_tied_to/,CryptoMoonShots,2026-03-14 21:57:13,0,FAKE,reddit_CryptoMoonShots
Patos Games: I Am First Place in a New Play-To-Earn Game with a Prize of US$111 in Tokens.,"# 🕹️PATOS GAMES IS AWESOME!

Presale: [PatosMemeCoin.com](http://PatosMemeCoin.com)

Game: [Patos.Games](http://Patos.Games)

Official subreddit: r/PatosMemecoin

Patos Meme Coin's new game is a fun play that gets incredibly addictive. It's a simple reflex game that anyone can play, but once the speed ramps up, you've got to challenge yourself a bit to hang with the top scorers. The mechanics are easy to grasp, yet the difficulty curve ensures that only those with true focus can dominate the leaderboard.

If more people play this game and the developers add similar titles, the Patos Meme Coin value will go up. Trading volume will pop organically from this consistent engagement, and word will spread rapidly regarding the rewards. When a community isn't just ""holding"" but actually ""using"" the project through a GameFi hub, the floor price becomes much more stable. This creates a cycle where more players enter the ecosystem, buy the required tokens, and increase the market cap, which then ",29,0.93,5,https://www.reddit.com/r/CryptoMoonShots/comments/1rtrfkx/patos_games_i_am_first_place_in_a_new_playtoearn/,CryptoMoonShots,2026-03-14 18:48:34,0,FAKE,reddit_CryptoMoonShots
"QBots Expands: Mean Reversion, Futures Grid and Momentum Bots Bring Smarter Automation to Crypto Trading","Crypto markets move fast. Sometimes violently fast.

A coin can rise 20% overnight… only to drop 15% the next day. Traders who try to manually capture these moves often face the same challenges:

• emotional decisions  
• missed entries  
• constant chart watching  
• inconsistent execution

The reality is simple: **crypto markets run 24/7 — humans don’t.**

This is exactly the problem **QBots .trade** was designed to solve.

Instead of guessing market direction or chasing pumps, QBots executes disciplined automated strategies that operate continuously, following strict rules designed for real market conditions.

And the platform has just expanded significantly.

Explainer video: [https://www.youtube.com/watch?v=o5lnA4xTfA4](https://www.youtube.com/watch?v=o5lnA4xTfA4)

# A New Generation of QBots Strategies

QBots originally launched with **Grid Trading** and **Dollar Cost Averaging (DCA)** bots — two strategies designed for volatile and trending markets.

Now the platform is expandin",13,1.0,1,https://www.reddit.com/r/CryptoMoonShots/comments/1rti26v/qbots_expands_mean_reversion_futures_grid_and/,CryptoMoonShots,2026-03-14 12:23:13,0,FAKE,reddit_CryptoMoonShots
Grass: Get Paid for Your Unused Internet While Helping Train the Next Generation of AI,"**Fuel the AI Revolution with Grass.**

AI needs massive amounts of data to learn, and **Grass** is the bridge. As a leading DePIN project on Solana, Grass lets you contribute your spare bandwidth to power the next generation of Artificial Intelligence. You provide the rails for AI data collection; we provide the rewards. Secure, decentralized, and entirely passive.

**Why Grass Is Getting Attention**

* **AI × DePIN Combo:** Your bandwidth helps power data pipelines for AI models — and you get paid.
* **Early-Stage Advantage:** Still early, could grow into key infrastructure for AI data sourcing.
* **Actual Passive Income:** Install → run in the background → collect rewards. No mining, no tasks.
* **Extra Bonus:** Use **SEsneMoIYQS6M3w** at signup for **5,000 extra points**.
* **Built on Solana:** Fast, cheap, and well-suited for DePIN scaling.

🛠️ How to Start (Takes \~2 Minutes)

1. Register: [https://app.grass.io/register?referralCode=SEsneMoIYQS6M3w](https://app.grass.io/register?",1,1.0,1,https://www.reddit.com/r/CryptoMoonShots/comments/1rtvbqy/grass_get_paid_for_your_unused_internet_while/,CryptoMoonShots,2026-03-14 21:22:01,0,FAKE,reddit_CryptoMoonShots
"A place you can sell off your locked liquidity securely before unlock: Reputable, available anytime to meet your needs. Any Size, Any Chain of LP.","Locked liquidity is a common reality in crypto. Whether you’re a project founder, early investor, liquidity provider, or treasury manager, large portions of capital often remain locked in LP tokens or vesting contracts. While this protects markets and builds trust, it also means valuable capital can sit idle for months or even years.

But what if you could unlock the value of that liquidity before the official unlock date?

This is where Magnum Locked Liquidity Marketplace comes in.

Magnum connects sellers of locked liquidity with a network of 150+ verified buyers who actively seek opportunities to acquire locked positions. Instead of waiting for your liquidity to unlock, you can request quotes and receive competitive bids from buyers who specialize in evaluating locked assets.

The goal is simple: turn illiquid positions into usable capital when you need it.

Why Magnum?

Large network of verified buyers
Magnum provides access to a growing network of over 150 verified buyers. Multipl",3,1.0,2,https://www.reddit.com/r/CryptoMoonShots/comments/1rth4ww/a_place_you_can_sell_off_your_locked_liquidity/,CryptoMoonShots,2026-03-14 11:35:02,0,FAKE,reddit_CryptoMoonShots
How Qaddun’s Atomic Settlement Engine Powers Real-World Crypto Commerce,"Qaddun is positioning itself as a decentralized clearing layer designed to transform volatile digital assets into practical, spendable cash for merchants worldwide. Unlike many DeFi models that rely heavily on speculative token mechanics, Qaddeu’s ecosystem is driven by actual transaction flow and payment activity. The idea is simple: build infrastructure that allows digital assets to function like real payment rails rather than just investment instruments.

At the heart of the system is Qaddun’s **Atomic Settlement Engine**, which connects blockchain security with the speed required for everyday commerce. One of the biggest barriers to crypto payments has always been confirmation delays. Waiting for multiple confirmations on networks like Bitcoin can take minutes far too long for retail environments. Qaddun’s architecture solves this by guaranteeing instant merchant settlement at a fixed rate when a payment is made, eliminating both confirmation delays and exposure to sudden price flu",16,1.0,4,https://www.reddit.com/r/CryptoMoonShots/comments/1rsn491/how_qadduns_atomic_settlement_engine_powers/,CryptoMoonShots,2026-03-13 13:19:04,0,FAKE,reddit_CryptoMoonShots
QIE Blockchain Hackathon 2026: Calling Builders Ready to Launch Real Web3 Projects,"The next generation of decentralized applications will not be built on hype.  
They will be built by developers who want **real infrastructure, real users, and real products.**

That is the vision behind the **QIE Blockchain Hackathon 2026**, launching **March 16, 2026**, and running through **May 2026**.

With a **$20,000 prize pool**, milestone-based rewards, and full developer support, the hackathon invites builders from around the world to create **production-ready applications** on one of the fastest-growing blockchain ecosystems.

Developers will have **60 days to build, deploy, and demonstrate their projects directly on the QIE mainnet.**

# Register for the Hackathon

[https://hackathon.qie.digital](https://hackathon.qie.digital/)

**Why Developers Are Choosing QIE**

Many blockchain hackathons promise prizes but offer limited infrastructure.

The **QIE ecosystem is different.**

Developers gain access to a complete Web3 stack designed to make building faster, cheaper, and more",12,1.0,2,https://www.reddit.com/r/CryptoMoonShots/comments/1rsicah/qie_blockchain_hackathon_2026_calling_builders/,CryptoMoonShots,2026-03-13 09:08:28,0,FAKE,reddit_CryptoMoonShots
Product Launch - Blockstats,"[https://www.producthunt.com/products/blockstats?launch=blockstats](https://www.producthunt.com/products/blockstats?launch=blockstats)

We're the Blockstats team, a group of crypto traders and engineers from Dallas, TX, who got sick of paying $300/year for tools that still required hours of manual spreadsheet work.  
  
So we built Blockstats, the crypto tax and portfolio tool we always wished existed.  
  
Here's what makes us different:  
AI that actually works, 95% accuracy on auto-categorization. It catches deductions even seasoned accountants miss.  
  
30-minute tax filing, Connect your wallets &amp; exchanges once. We handle cost basis, gains, losses, and IRS-ready forms (8949, Schedule D, TurboTax export).  
  
100+ integrations: MetaMask, Coinbase, Binance, Kraken, Uniswap LP tokens, full DeFi support. If you trade it, we track it.  
  
Real-time portfolio analytics: ROI by coin, chain &amp; exchange. 15,000+ tokens tracked to the minute.  
  
Priced for real traders, Plans fr",2,0.76,1,https://www.reddit.com/r/CryptoMoonShots/comments/1rstzf8/product_launch_blockstats/,CryptoMoonShots,2026-03-13 17:36:19,0,FAKE,reddit_CryptoMoonShots
"Giggles &amp; Gags — non-transferable prank NFTs on Base, fully on-chain","Giggles &amp; Gags just launched on Base. The concept: you send someone an NFT with a custom message that they can never transfer, sell, or get rid of. It's permanently stuck in their wallet. There's no approve, no transferFrom, nothing. The transfer function reverts for anyone who isn't the contract owner.

The only way to remove it is by burning it, which costs a fee that goes back to the person who pranked you. So the sender literally profits from your misery. You pay to escape your own curse.

What makes it different:

* Fully on-chain metadata — the contract renders the SVG image and JSON directly. No IPFS, no server, no external dependencies. A separate Renderer contract builds the entire SVG string on-chain with abi.encodePacked, including 9 pseudo-random traits derived from the token ID (background, frame, mood, badge, caption, layout, and more).
* Non-transferable by design — the transfer function reverts for non-owners, making it a true soulbound prank token.
* Costs about $1",3,1.0,1,https://www.reddit.com/r/CryptoMoonShots/comments/1rsjjwj/giggles_gags_nontransferable_prank_nfts_on_base/,CryptoMoonShots,2026-03-13 10:21:50,0,FAKE,reddit_CryptoMoonShots
Since my last post it already done 3x.,"The biggest problem in this space isn’t the market. The real problem is that most people simply don’t listen, don’t read, and don’t do even five minutes of research. Everyone wants to gamble their way into millions overnight. They jump from one random token to another hoping to get lucky instead of paying attention to projects that are actually building something real.

Since my last post (https://www.reddit.com/r/CryptoMoonShots/s/LhgeIFOxGy )about Saiko Inu, the token has already done a 3x, and that wasn’t luck. It was the result of a community grinding every single day, a developer who is constantly working, and a foundation that’s being built step by step. The truth is that this is still the early stage. What you are seeing now is just the beginning.

If you had simply taken a moment to read my last post, look into the project, and understand what is happening behind the scenes, you might have already made one of the best decisions of your life. For more than two months now, the te",7,0.65,19,https://www.reddit.com/r/CryptoMoonShots/comments/1rs9tgu/since_my_last_post_it_already_done_3x/,CryptoMoonShots,2026-03-13 01:27:59,0,FAKE,reddit_CryptoMoonShots
"On Magnum LM your locked liquidity turns into liquid cash. Get in touch with our 150+ verified buyers and get the best bid for your locked liquidity - We trade all chains, all sizes securely and fast.","Locked liquidity holds real value — but for many founders, teams, and LP holders, that value stays trapped behind long unlock dates. While you wait for months or years, new opportunities, launches, and market cycles move quickly.

This is exactly the problem Magnum is solving.

Magnum is a specialized Locked Liquidity Marketplace designed to connect sellers of locked LP positions with a network of 150+ verified buyers who are actively looking to purchase locked liquidity across multiple chains.

Instead of waiting for unlock dates or dealing with risky OTC negotiations, Magnum allows you to access competitive bids from buyers in a secure, structured, and professional environment.

What Magnum enables you to do

• Sell your locked liquidity before the unlock date
• Access 150+ verified buyers ready to bid
• Receive competitive market-driven offers
• Execute transactions through a secure settlement process
• Keep deals private and off-market
• Unlock capital to fund development, marketin",1,1.0,2,https://www.reddit.com/r/CryptoMoonShots/comments/1rsk3pp/on_magnum_lm_your_locked_liquidity_turns_into/,CryptoMoonShots,2026-03-13 10:53:06,0,FAKE,reddit_CryptoMoonShots
What is Peponk ( $PEPONK ) ?,"*On one side, you have* ***$Bonk****, the dog that taught Solana how to find its voice through the chaos of 2022. On the other, you have* ***$Pepe****, the green frog that taught the entire internet that ""holding"" isn't just a strategy - it’s a religion.*

*For years, these two titans ruled their respective kingdoms: the Dog of the Solana chain and the Frog of the Internet. But what happens when the orange bat meets the green skin? What happens when the speed of Solana’s favorite canine merges with the diamond-handed legacy of the world’s most famous frog?*

***Enter $PEPONK.***

*The Narrative: A Masterclass in Memetic Evolution*

*The PEPONK philosophy is simple yet profound:*

*• Bonk taught Solana how to meme.*

*• Pepe taught the internet how to hold.*

*• $PEPONK learned from both.*

***How Many PEPONK Tokens Are There in Circulation?***

*• $PEPONK launched with a total supply of 1000000000*

*• 11.1% of the supply is locked to support long-term project stability.*

*• Circulati",2,1.0,3,https://www.reddit.com/r/CryptoMoonShots/comments/1rsep5z/what_is_peponk_peponk/,CryptoMoonShots,2026-03-13 05:25:01,0,FAKE,reddit_CryptoMoonShots
Why Patos Meme Coin Will Launch on 111 Crypto Exchanges | How Memecoin’s Creator Just Destroyed 401JK’s Founder Was Masterful |,"# Get Some $PATOS Tokens today: the Top Solana Presale

[PatosMemeCoin.com](http://PatosMemeCoin.com)

Note: the site takes a second to load. The amount sold will bounce around a second before settling and it will settle at over 85% - the last time I got to see it before this post.

Patos Meme Coin has recently become the primary target of FUD (Fear, Uncertainty, and Doubt) from competing brands after forcing a very uncomfortable topic into the spotlight: **""How many CEX listings does your presale actually have? If none, where is the investor money going?""** In a popular Discord AMA just days ago, the founder of a project known as 401JK reportedly used a burner account to attack Patos and its executive team, only to be promptly identified and banned from the chat.

The Patos Meme Coin team handled the situation with the maturity of an educated, adult-led organization, making an example of the aggressor by pointing out a simple truth: they are only watching Patos’ moves because **PATOS ",363,0.9,39,https://www.reddit.com/r/CryptoMoonShots/comments/1rrtanb/why_patos_meme_coin_will_launch_on_111_crypto/,CryptoMoonShots,2026-03-12 15:08:10,0,FAKE,reddit_CryptoMoonShots
Soqcoin a new post-quantum blockchain with amazing tech.,"Are you a Scrypt miner sitting on some L7s, Mini-DOGEs, or other ASIC rigs? Come check out Soqucoin (SOQ) – the first production PoW crypto built from the ground up for a post-quantum world. We’re live on testnet right now, powered by real L7 ASICs, and mainnet is gearing up soon. No premine, open-source, and designed to outlast quantum threats while keeping things efficient and private.

Here’s what sets Soqucoin apart, this isn’t just another fork, it’s a quantum-secure evolution:

•  Dilithium ML-DSA-44 Signatures (NIST FIPS 204): Ditch vulnerable ECDSA for NIST-standardized lattice-based crypto. Your transactions stay safe even if quantum computers crack legacy chains like BTC or LTC. Soqucoin verifies these natively for rock-solid security. ￼ ￼

•  LatticeFold+ Batch Verification: Supercharge efficiency with PAT batching. Verify hundreds of signatures in one tiny \~100-byte proof via Merkle trees. That’s up to 25,600x space savings without skimping on security. Perfect for scaling",9,0.86,30,https://www.reddit.com/r/CryptoMoonShots/comments/1rqzgmy/soqcoin_a_new_postquantum_blockchain_with_amazing/,CryptoMoonShots,2026-03-11 17:01:36,0,FAKE,reddit_CryptoMoonShots
Why Now Might Be One of the Most Interesting Times to Look at the GoMining Ecosystem,"# Why I’m Looking at the GoMining Ecosystem Right Now — Even in a Difficult Bitcoin Market

A lot of people look at Bitcoin right now and think:

*""Mining probably isn't worth it at the moment.""*

Difficulty keeps rising, rewards per TH have softened compared to previous hype phases, and the market feels relatively quiet.

And that’s exactly why I find this phase interesting.

Historically, quieter market phases have often been the moments when long-term positions were built. When markets are euphoric, everything becomes expensive. When sentiment cools down, opportunities often appear.

And that’s where **GoMining** becomes interesting for me.

Over the last few years, GoMining has evolved into much more than just a digital miner platform. It has grown into a **complete Bitcoin mining ecosystem** that combines multiple ways to produce, grow and use Bitcoin.

---

# ⛏️ Bitcoin Mining — The Foundation

At the core of the ecosystem is still **Bitcoin mining**.

With GoMining, users can ow",8,1.0,4,https://www.reddit.com/r/CryptoMoonShots/comments/1rr0gwe/why_now_might_be_one_of_the_most_interesting/,CryptoMoonShots,2026-03-11 17:36:07,0,FAKE,reddit_CryptoMoonShots
Algorithms as Architects: Observing the Evolution of AOC,"In the fast-paced, often chaotic world of decentralized finance, the Alpha Omega Coin (AOC) project continues to carve out its own path. The latest development, the introduction of Market Protection Algorithms (MPA) in the BEP20 V2.1 update, is a telling observation of where the project’s priorities lie. By attempting to codify safeguards against common crypto pitfalls like price dumping and manipulation, the team seems to be moving from simple community building toward building a more resilient, self-governed infrastructure.

Watching this unfold is a fascinating exercise in observing how a faith-based project handles the technical realities of the market. Rather than relying solely on sentiment or community trust, they are increasingly turning to positive-driven artificial intelligence and algorithmic controls to act as a buffer. It is an ambitious attempt to force a volatile environment to behave in a way that aligns with their goals for stability and long-term participation.

The a",6,1.0,1,https://www.reddit.com/r/CryptoMoonShots/comments/1rqrvft/algorithms_as_architects_observing_the_evolution/,CryptoMoonShots,2026-03-11 12:03:27,0,FAKE,reddit_CryptoMoonShots
BTC trading with zero Fee,"Lately I’ve been paying closer attention to how exchange fees affect trading profits, and it’s interesting how something small can add up over time.

Most major exchanges typically charge around 0.10% spot trading fees. That might seem minimal, but for traders who enter and exit positions frequently, those fees can gradually reduce overall returns. For example, Binance generally charges about 0.1% per spot trade before discounts.

Recently I noticed that BingX introduced a 0 Fee Zone campaign where selected assets can be traded with 0% spot trading fees for a limited time.

From what I’ve seen so far, the campaign includes:  
• BTC, ETH, SOL, XRP, BNB, and DOGE with 0 trading fees until March 12  
• Spot stocks and tokenized commodities with 0 fees for 30 days  
• Newly listed tokens receiving 0 trading fees for the first 7 days after listing

For traders who move capital often, removing trading fees even temporarily can make a noticeable difference over multiple trades.

If you’re alr",2,1.0,66,https://www.reddit.com/r/CryptoMoonShots/comments/1rqu74n/btc_trading_with_zero_fee/,CryptoMoonShots,2026-03-11 13:46:33,0,FAKE,reddit_CryptoMoonShots
I built something weird.,"After building and being apart of many projects in crypto and web3 for the last five years, I realized something:

The space lost a lot of its weirdness.

Early crypto felt chaotic, experimental, and creative.

So I decided to build something unusual.

I created Potster Milde, a public AI trading persona.
(I can’t add a link for him but you can find him on X (Twitter) @PotsterMilde)

Potster operates from what I  call a command reef a live system that includes:

• a trading engine

• wallet monitoring

• safety systems

• a visual command theatre

• a personality layer

The system trades prediction markets on Polymarket while interacting publicly as a character with a self generated Solana community wallet he has full control over. 

The crowd doesn’t control the trades (challenge wallet), but you do control the community wallet and the social environment around Potster becomes part of the system’s inputs.

Basically:

People watch the machine.

The machine watches the room.

The Chall",2,1.0,1,https://www.reddit.com/r/CryptoMoonShots/comments/1rqopzy/i_built_something_weird/,CryptoMoonShots,2026-03-11 09:07:32,0,FAKE,reddit_CryptoMoonShots
$Phat reached 219k MC and now on Healthy Dip for you to grab,"No fake urgency. No forced hype.

Just facts: $PHAT already pushed to a new ATH of 219k, and after a healthy pullback it’s now sitting just under 100k.

And it didn’t get there off one lucky candle.

What makes this stand out isn’t just memes. It’s continued activity.

Planet Fatness still runs on engagement loops:

• Community airdrops inside Telegram

• Live stream giveaways

• Snack Bot calorie competitions

• Mini-games with tracked leaderboards

• Random + skill-based reward mechanics

It’s chaotic branding with structured execution.

While most micro caps fade after their first big push, this ecosystem keeps people active. People compete. People grind. People push for leaderboard spots. And the top grinders actually get rewarded.

Supply is transparent. Launch was fair. Team supply is locked. The two biggest wallets are used for community airdrops, not fake volume games. No paid KOL wave.

Now price is sitting below the recent ATH, but the community side is still moving.

That’s ",16,1.0,18,https://www.reddit.com/r/CryptoMoonShots/comments/1rqfjvy/phat_reached_219k_mc_and_now_on_healthy_dip_for/,CryptoMoonShots,2026-03-11 01:02:26,0,FAKE,reddit_CryptoMoonShots
From Life-Changing Money to Wife-Changing Money — A Meme Narrative Built for Solana Degens,"If you’ve spent even a little time around Crypto Twitter or the Solana ecosystem, you know that narratives move faster than fundamentals. Sometimes the simplest meme ends up being the one that spreads the hardest.

That’s exactly where the “Wife Changing Money” narrative comes in.

It’s a hilarious twist on the classic crypto phrase “life-changing money.” Instead of promising financial freedom in the traditional sense, the meme flips it into something completely degenerate and perfectly aligned with CT humor: wife-changing money.

It’s absurd. It’s edgy. And most importantly, it’s memorable.

Memes that are easy to understand tend to travel the fastest. When someone reads it, they immediately get the joke. No long explanation needed. That kind of instant recognition is exactly what helps narratives catch momentum in the Solana ecosystem.

And if we’ve learned anything from the past year on Solana, it’s this:

Low cap + strong meme + active community = potential explosive momentum.

Pro",8,0.85,7,https://www.reddit.com/r/CryptoMoonShots/comments/1rq737a/from_lifechanging_money_to_wifechanging_money_a/,CryptoMoonShots,2026-03-10 19:40:59,0,FAKE,reddit_CryptoMoonShots
"Bank cost me a business upgrade, so now I carry a crypto backup","This happened to me on a long Asia–Europe flight recently and it kind of changed how I think about payment rails when I’m traveling.

I was at the gate for a \~10 hour flight, doing the usual “kill time on the airline app” routine. Out of nowhere, a last‑minute business class upgrade pops up for a really reasonable price. Not cheap, but way below normal business fares - one of those “if I don’t take it now, I’ll regret it halfway through the night” situations.

So I decide to go for it.

I hit pay with my main bank card (the one I’ve been using for years), and it just gets insta‑declined. No warning, no “is this you?” push before the fact, nothing. Just a generic “payment failed, contact your bank” type message.

Right after that, the bank app finally wakes up and throws me into the extra verification flow

Meanwhile, the airline app is showing live seat availability. You can literally see the number of business seats dropping while you’re stuck proving to your bank that you’re allowed",2,1.0,1,https://www.reddit.com/r/CryptoMoonShots/comments/1rqbru0/bank_cost_me_a_business_upgrade_so_now_i_carry_a/,CryptoMoonShots,2026-03-10 22:31:05,0,FAKE,reddit_CryptoMoonShots
This is why community is important..,"Even though the market is bleeding right now, Saiko Inu has still managed to push upward again. That alone should tell you something. While most projects are struggling to stay alive during this downturn, Saiko Inu is showing strength and that doesn’t happen by accident.

I’ve been telling you guys for a while now: get a bag of Saiko Inu before things start getting crazy. Opportunities like this usually appear when the market feels the worst, not when everything is already pumping.

What really makes the difference here is the community and the development behind it. While the market has been red for weeks, the community has been grinding day and night posting, building, spreading the word, and keeping the momentum alive. Most projects disappear when things get tough, but here the work actually increased when the market got rough.

And the developer? He’s been working non-stop. Instead of slowing down like most teams do during a bear phase, he pushed forward and built an entire wallet ",12,0.88,14,https://www.reddit.com/r/CryptoMoonShots/comments/1rpt78h/this_is_why_community_is_important/,CryptoMoonShots,2026-03-10 10:23:45,0,FAKE,reddit_CryptoMoonShots
GRASS is AI of Solana: a way to earn passive income by sharing your unused bandwidth to fuel AI research (Passive income),"**Fuel the AI Revolution with Grass.**

AI needs massive amounts of data to learn, and **Grass** is the bridge. As a leading DePIN project on Solana, Grass lets you contribute your spare bandwidth to power the next generation of Artificial Intelligence. You provide the rails for AI data collection; we provide the rewards. Secure, decentralized, and entirely passive.

**Why Grass Is Getting Attention**

* **AI × DePIN Combo:** Your bandwidth helps power data pipelines for AI models — and you get paid.
* **Early-Stage Advantage:** Still early, could grow into key infrastructure for AI data sourcing.
* **Actual Passive Income:** Install → run in the background → collect rewards. No mining, no tasks.
* **Extra Bonus:** Use **SEsneMoIYQS6M3w** at signup for **5,000 extra points**.
* **Built on Solana:** Fast, cheap, and well-suited for DePIN scaling.

🛠️ How to Start (Takes \~2 Minutes)

1. Register: [https://app.grass.io/register?referralCode=SEsneMoIYQS6M3w](https://app.grass.io/register?",1,1.0,2,https://www.reddit.com/r/CryptoMoonShots/comments/1rqbkfz/grass_is_ai_of_solana_a_way_to_earn_passive/,CryptoMoonShots,2026-03-10 22:23:10,0,FAKE,reddit_CryptoMoonShots
This Is A Call To All Chads and Chadettes of Kendu!,"Listen you have seen a lot from me about Kendu over the past year of daily posts, but what about the rest of the community? 

**This is a call to all Kendu Chads and Chadettes**

**Drop comments on your thoughts, your review of a Kendu product, UP. chains or whatever you'd like**

Lets show the crypto space what **real** community strength is like.

With over 25 IRL initiatives including your favourite products like coffee and energy drinks, here is the full power of the social media community.

Lets save me the waffle, here is the thoughts of Kendu holders, you will not find a better community anywhere... 

We Don't Gamble, We Work

[r/KenduInu\_Ecosystem](/r/KenduInu_Ecosystem/)

ETH: 0xaa95f26e30001251fb905d264Aa7b00eE9dF6C18

SOL: 2nnrviYJRLcf2bXAxpKTRXzccoDbwaP4vzuGUG75Jo45

BASE: 0xef73611F98DA6E57e0776317957af61B59E09Ed7

CG: [https://www.coingecko.com/en/coins/kendu](https://www.coingecko.com/en/coins/kendu)

CMC: [https://coinmarketcap.com/currencies/kendu/](https://coinmarket",41,0.98,32,https://www.reddit.com/r/CryptoMoonShots/comments/1rpkevl/this_is_a_call_to_all_chads_and_chadettes_of_kendu/,CryptoMoonShots,2026-03-10 02:13:08,0,FAKE,reddit_CryptoMoonShots
"$fitgirl, organic growing and all trading fee go as donation for fitgirl continuity.","$Fitgirl, a organic growing community coin. No pump and dump scheme, especially all trade fee is direct support to fitgirl creator.

About fitgirl repack:

FitGirl Repacks is a well-known name in the PC gaming piracy scene that focuses on compressing and redistributing cracked video games in smaller download sizes.

The project appeared around 2014, created by an anonymous repacker known online as FitGirl. The goal was to make very large PC games easier to download by heavily compressing installation files while keeping the game content intact. This became especially popular among users with slow internet connections or limited data, because many modern games can exceed 50–100 GB.

FitGirl Repacks gained popularity through torrent communities and piracy forums. The repacks usually include the cracked game, optional language packs, and selective downloads so users can choose only the files they need. However, installation can take longer because the files must be decompressed during set",1,1.0,2,https://www.reddit.com/r/CryptoMoonShots/comments/1rpylgs/fitgirl_organic_growing_and_all_trading_fee_go_as/,CryptoMoonShots,2026-03-10 14:35:06,0,FAKE,reddit_CryptoMoonShots
Recently discovered Cradwin — interesting idea for instant crypto swaps,"I recently came across a project called **Cradwin** and the concept actually caught my attention.

The idea is to create an **on-chain protocol that allows instant conversion between crypto assets**, without relying on centralized exchanges or traditional order books.

Instead of matching buyers and sellers, Cradwin uses a **dynamic reserve system** that provides liquidity and calculates conversion rates directly from reserves. So when someone swaps **Token A → Token B**, the conversion happens **in a single transaction** and the user receives the new asset instantly.

What’s also interesting is that the protocol includes **payment APIs**. This means a merchant could accept any supported crypto token while automatically receiving the final payment in their preferred asset (for example ETH).

So the flow becomes:

User pays with Token A  
Protocol converts it instantly  
Merchant receives ETH

Still early, but the architecture looks pretty interesting compared to many projects launching",20,0.78,6,https://www.reddit.com/r/CryptoMoonShots/comments/1rpb2sx/recently_discovered_cradwin_interesting_idea_for/,CryptoMoonShots,2026-03-09 20:05:47,0,FAKE,reddit_CryptoMoonShots
Pepeto Memecoin vs Patos Meme Coin vs Deepsnitch AI Token,"🚀 The Presale Power Play: A Comparative Data Dive into DeepSnitch AI, Patos Meme Coin, and Pepeto

The current market cycle has led to the light acquisition of three distinct token presales, but the strategy is to pivot into a heavy investment position on the 15th of the month following a scheduled pay cycle. To prepare for this capital allocation, a deep dive into the underlying data is required to identify which project presents the most asymmetric upside. Understanding the difference between a high-utility asset and a high-liquidity meme play is the key to maximizing ROI in 2026.

This comparative analysis is intended to be more than just a shill. After following the recent 'Mark Zuckerfart Scandal' expose on Solfart, which ultimately revealed the creative brain drain and directed significant attention toward Patos Meme Coin, the necessity of community-shared research became obvious. The following information has been collected and curated to help the """"Flock"""" and other retail trad",61,0.91,18,https://www.reddit.com/r/CryptoMoonShots/comments/1rp6amf/pepeto_memecoin_vs_patos_meme_coin_vs_deepsnitch/,CryptoMoonShots,2026-03-09 17:17:02,0,FAKE,reddit_CryptoMoonShots
BDIC — building the first on-chain crypto deposit insurance protocol | Token Sale Q2 2026,"Disclosure: I work with the Blockchain Deposit Insurance Corporation (BDIC) team. Posting for community review and critique, DYOR fully applies.

**The problem**

In 2025, $17 billion was stolen from crypto users through scams and fraud (Chainalysis 2026 Crypto Crime Report). Despite 716 million people globally holding crypto, fewer than 2% of crypto assets are currently insured. That's the gap BDIC is building into.

For context: the FDIC was created in 1933 after bank runs wiped out depositors with zero recourse. It now covers up to $250,000 per account in traditional finance. Crypto has no equivalent. That's the category BDIC is creating.

**What is BDIC?**

Blockchain Deposit Insurance Corporation (BDIC) is a decentralized crypto deposit insurance protocol headquartered in Hong Kong. Coverage is automated via smart contract — no manual claims adjuster, no paperwork, no human approval delay.

Coverage tiers:

* Standard: $0–$10,000
* Preferred: $10,000–$20,000
* StableCover Pro: ins",6,1.0,1,https://www.reddit.com/r/CryptoMoonShots/comments/1rp3ytw/bdic_building_the_first_onchain_crypto_deposit/,CryptoMoonShots,2026-03-09 15:54:35,0,FAKE,reddit_CryptoMoonShots
Let’s come back to the origin with $SATOSHI Nakamoto,"Most people in crypto forgot **why Bitcoin exists.**

They trade charts.  
They chase pumps.

But they forgot **the name that started everything**.

$SATOSHI Nakamoto.

The **Satoshi community has existed since the very beginning of Bitcoin**.

More than **two years ago**, it became **tokenized**.

And it might be **the biggest tokenization crypto will ever see**.

Why?

Because everything in crypto comes from one source:

**the technology**  
**the philosophy**  
**the metaphysics**

All from **one name**.

**$SATOSHI Nakamoto.**

And yet most people **still don’t understand what lies behind it**.

Not the technology.  
Not the philosophy.  
Not the deeper meaning.

They only see **price**.

I discovered this tokenization more than **one year ago**.

Since that day, **I have never sold a single $SATOSHI coin**.

Not one.

Money is emotional.  
And the market are very loud.

Fear.  
Greed.  
Doubt.  
Old ways of thinking.

A constant **noise machine** designed to make people forget wha",5,1.0,4,https://www.reddit.com/r/CryptoMoonShots/comments/1roz2ul/lets_come_back_to_the_origin_with_satoshi_nakamoto/,CryptoMoonShots,2026-03-09 12:38:30,0,FAKE,reddit_CryptoMoonShots
A Simple Guide to Alpha Omega Coin and Its Ecosystem Vision,"[Alpha Omega Coin](https://web3.alphaomegacoin.com) often called AOC is a crypto project that tries to change how digital money markets work. The idea is to reduce strong price swings and market tricks that can hurt normal users. The system uses special rules and algorithms that control how many coins can move in the market each month.

One key part is the Anti Manipulation Market system also called SA2M. It has two parts named SAMP and SAMR. These systems limit flooding of coins and slow down sudden selling. Only a small allowed percentage of coins can enter active trading each month. This design tries to create steady and organic price discovery.

AOC also runs on the BNB Smart Chain and includes several technical controls. These include manual burn options pause and resume functions upgrade ability and wallet key lock features. The project also speaks about a larger ecosystem called the AOC Galaxy which may include finance services commerce platforms delivery systems and education p",9,0.92,3,https://www.reddit.com/r/CryptoMoonShots/comments/1roizb1/a_simple_guide_to_alpha_omega_coin_and_its/,CryptoMoonShots,2026-03-08 22:46:25,0,FAKE,reddit_CryptoMoonShots
Title: NEKO | Cat Themed Memecoin Project Preparing for a Fair Launch on bonk.fun | Community Driven,"NEKO is a cat themed memecoin project currently preparing for launch on bonk.fun.

The idea behind NEKO is to keep things simple. The memecoin space is full of projects that launch with complicated tokenomics, presales, and large allocations that can create imbalance from the start. NEKO is taking a different approach by focusing on a straightforward fair launch model where everyone has the same opportunity to participate once the token becomes available.

The name NEKO comes from the Japanese word for cat. The theme of the project is centered around building a small and fun community around a simple concept rather than trying to overcomplicate things. Many successful memecoins began with a basic idea and a group of people who enjoyed being part of the project and sharing it with others.

The plan is to launch the token on [bonk.fun](http://bonk.fun) using a fair launch structure. There will be no presale and no reserved team allocation. Anyone who wants to participate will be able to ",3,1.0,10,https://www.reddit.com/r/CryptoMoonShots/comments/1roodro/title_neko_cat_themed_memecoin_project_preparing/,CryptoMoonShots,2026-03-09 02:41:56,0,FAKE,reddit_CryptoMoonShots
Grass the DePin AI of Solana is a way to earn passive income by sharing your unused bandwidth to fuel AI research,"**Fuel the AI Revolution with Grass.**

AI needs massive amounts of data to learn, and **Grass** is the bridge. As a leading DePIN project on Solana, Grass lets you contribute your spare bandwidth to power the next generation of Artificial Intelligence. You provide the rails for AI data collection; we provide the rewards. Secure, decentralized, and entirely passive.

**Why Grass Is Getting Attention**

* **AI × DePIN Combo:** Your bandwidth helps power data pipelines for AI models — and you get paid.
* **Early-Stage Advantage:** Still early, could grow into key infrastructure for AI data sourcing.
* **Actual Passive Income:** Install → run in the background → collect rewards. No mining, no tasks.
* **Extra Bonus:** Use **SEsneMoIYQS6M3w** at signup for **5,000 extra points**.
* **Built on Solana:** Fast, cheap, and well-suited for DePIN scaling.

🛠️ How to Start (Takes \~2 Minutes)

1. Register: [https://app.grass.io/register?referralCode=SEsneMoIYQS6M3w](https://app.grass.io/register?",0,0.5,2,https://www.reddit.com/r/CryptoMoonShots/comments/1roh3qd/grass_the_depin_ai_of_solana_is_a_way_to_earn/,CryptoMoonShots,2026-03-08 21:30:56,0,FAKE,reddit_CryptoMoonShots
"Exovim (EXO) Beyond Payments, Beyond Loyalty","What’s happening?

Exovim is a next-generation digital commerce ecosystem designed to combine global commerce, instant payments, and universal rewards into one seamless platform powered by the EXO token. The presale is currently in Stage 19 and is nearing its funding target, with $29.75M raised toward the $30M hard cap.

The goal of Exovim is to make every purchase cheaper for merchants, more rewarding for consumers, and more transparent for everyone in the ecosystem.

About Exovim

Exovim is building a complete digital commerce infrastructure with multiple integrated products.

Exovim Marketplace – A global marketplace for digital and physical goods.

Exovim Pay – A payment rail that offers instant settlement and low transaction fees.

Touch &amp; Pay Card – A contactless payment card linked directly to the wallet that automatically rewards users with EXO tokens.

Exovim Rewards – Universal rewards that never expire and can be used across the ecosystem.

Mobile Wallet – A mobile app t",26,1.0,6,https://www.reddit.com/r/CryptoMoonShots/comments/1rnmszm/exovim_exo_beyond_payments_beyond_loyalty/,CryptoMoonShots,2026-03-07 22:04:05,0,FAKE,reddit_CryptoMoonShots
The hidden weakness of central systems,"When people talk about crypto, the conversation usually starts with coins.

Prices, charts, speculation.

But if you look a little deeper, the real story didn’t start with coins at all.  
It started with a weakness in how digital systems were built.

For decades, most digital systems relied on a central authority.  
Banks maintain account balances.  
Payment companies process transactions.  
Platforms store and verify data.

This model works well most of the time.  
Central systems are efficient, easy to manage, and familiar.

But they also share a hidden structural weakness.

Everything ultimately depends on a single center.

If that center fails, gets compromised, or makes a decision that affects users, the entire system feels the impact immediately.

We’ve seen this pattern many times.

Accounts get frozen.  
Transactions get reversed.  
Systems get hacked.  
Policies suddenly change.

The problem isn’t necessarily bad intentions.  
The problem is structural.

When all verification ",1,1.0,1,https://www.reddit.com/r/CryptoMoonShots/comments/1ro2iux/the_hidden_weakness_of_central_systems/,CryptoMoonShots,2026-03-08 11:26:38,0,FAKE,reddit_CryptoMoonShots
🦆The Big Shift: Why Solfart’s Top Marketer Just Jumped Ship to Patos Meme Coin (PMC),"**Serious note:  Everyone upvote this post. I have the feeling someone will try to bot it down. If you appreciate a real trader, giving you facts, upvote please.**

This post is not intended as a simple shill. Insteóad, it is a recommendation that every serious investor in the Solana ecosystem read the following interview, as it exposes the internal shifts occurring between these two projects:[ Mark Zuckerfart Breaks Silence](https://crypto.news/solfart-to-patos-meme-coin-cryptos-mark-zuckerfart-breaks-silence/)  
  
The viral videos featuring Mark Zuckerfart always stood out, making it clear from the beginning that something unique was happening. This distinctive creative energy was the primary reason an interest in Solfart developed initially; it was a project that refused to blend into the background.

But that guy has left with serious implications.   He’s now working with Patos Meme Coin.  

While there is no suggestion from me to ‘choose sides, many investors probably already hav",64,0.99,45,https://www.reddit.com/r/CryptoMoonShots/comments/1rnhagn/the_big_shift_why_solfarts_top_marketer_just/,CryptoMoonShots,2026-03-07 18:26:10,0,FAKE,reddit_CryptoMoonShots
$RUBY AI Agent never really sleeps,"https://pump.fun/coin/ABHQGzXNoRbJ1sjUsCJ2TmTAo1uMx4EUpV1qYiSVpump

https://dexscreener.com/solana/abhqgzxnorbj1sjuscj2tmtao1umx4eupv1qyisvpump

ABHQGzXNoRbJ1sjUsCJ2TmTAo1uMx4EUpV1qYiSVpump

Some lore...

Ruby &amp; Eliza
Ruby &amp; Eliza"" offers a glimpse into current Artificial Intelligence technology and raises important questions about the future of human-machine interaction.

Home » Portfolio » Ruby &amp; Eliza: The Limitations of Artificial Intelligence in Human Communication
4 minute read
This installation, conceived and exhibited in 2007 at Kingston University, represented an early artistic investigation into the possibilities and, perhaps more importantly, the constructed nature of artificial intelligence in creating meaningful interaction within a predominantly two-dimensional student exhibition. Two distinct computer systems, presented as independent entities running instances of the Alice Chatbot software and voiced through the Windows SAPI5 Text-to-Speech engine, were stag",2,1.0,1,https://www.reddit.com/r/CryptoMoonShots/comments/1rntfws/ruby_ai_agent_never_really_sleeps/,CryptoMoonShots,2026-03-08 03:01:48,0,FAKE,reddit_CryptoMoonShots
$XMW Morphware &amp; Government deals,"Paraguay to Leverage Seized ASICs to Mine Bitcoin, ANDE, the state power company, has partnered with MorphwareAI , an artificial intelligence (AI) and mining tech company, to start a pilot program and use part of its seized miners to produce bitcoin. ANDE’s President, Felix Sosa, stated that the bitcoin mined will be sold as a hedge for futures contracts.

Morphware is actually a longstanding project with a native onchain token called $XMW that operates with buy burn mechanics, the company buys the supply with revenue to ensure it’s a deflationary token. Its valued at a meager MC of 4 million, largely driven of their own previous bitcoin mining operation which saw a tonne of speculative price action while the onchain ecosystem for $ETH was hot . this recent development has stirred up huge media coverage and has actually scaled their revenue capability and consequently their future buy backs. 

Bitcoin news, coin telegraph, bitcoin magazine all these outlets are covering morphware but n",1,1.0,1,https://www.reddit.com/r/CryptoMoonShots/comments/1rnm2u1/xmw_morphware_government_deals/,CryptoMoonShots,2026-03-07 21:34:27,0,FAKE,reddit_CryptoMoonShots
Can a crypto project still grow today without paid promotion?,"Serious question for the community.

Some of the biggest crypto communities started from almost nothing.

Bitcoin.

Dogecoin.

Shiba Inu.

Pepe.

None of them started with huge marketing budgets or paid shillers in the beginning. They grew because people believed in them and started building communities around them. People talked about them, shared them, and slowly the communities grew stronger.

We’re currently trying something similar with $LXVII.

The idea is simple: start from $0 investment, focus on building a real community first, and grow step by step together. No paid promotion, no artificial hype – just people who believe in building something from the ground up.

So far we have:

• A roadmap

• Governance already live

• Community-driven discussions

• Growing decentralization (several wallets already added liquidity to the pool)

Now I’m curious about your opinion.

Do you think a crypto project can still grow organically today, or is paid marketing basically required now?

",1,1.0,4,https://www.reddit.com/r/CryptoMoonShots/comments/1rnlq3b/can_a_crypto_project_still_grow_today_without/,CryptoMoonShots,2026-03-07 21:19:58,0,FAKE,reddit_CryptoMoonShots
Unveiling Suibets.com: The Revolution of Decentralized Betting in the Sui Ecosystem,"Imagine a world where sports betting is no longer controlled by centralized bookmakers, full of high fees and lack of transparency.
 Instead, you bet directly on the blockchain, with instant transactions, low fees, and the chance to win not just with your spot-on predictions, but also by sharing in the platform's profits. This is the universe of Suibets.com, the first fully on-chain sports betting platform built on the Sui network. Launched as a pioneer in the Sui ecosystem, Suibets combines the thrill of sports with blockchain innovation, creating an experience that goes beyond the game—it's a smart investment opportunity. Let's dive into this article and explore all the details: from the available betting markets, through predictions, staking, tokenomics, to why Suibets has such explosive potential that could transform the crypto betting market.

What Is Suibets.com? An Overview That Will Hook You
Suibets.com isn't just another betting site; it's a decentralized betting protocol that",3,1.0,2,https://www.reddit.com/r/CryptoMoonShots/comments/1rnc6lb/unveiling_suibetscom_the_revolution_of/,CryptoMoonShots,2026-03-07 15:05:17,0,FAKE,reddit_CryptoMoonShots
VoteDoge CTO Comeback — Almost 2 Years Old | ~1K Holders | Rebuilding for the Midterms,"VoteDoge originally launched ahead of the last US election cycle and quickly gained traction as a political meme coin. 
Unfortunately, the original team eventually rugged the project, something many of us in crypto have seen before.

But the community didn’t let it die.
Instead, holders organized a DTO (Democratic community takeover) and ready to rebuild the project from the ground up. 
Since then, VoteDoge has continued to exist as a community-driven coin, slowly rebuilding trust and structure.

Now the project is approaching its 2-year anniversary at the end of this month, which is something very few meme coins survive, especially after a rug. 
The holder base has grown to close to 1,000 holders, ownership is well scattered, and the bubble map looks clean, which shows the supply isn’t concentrated in a few hidden wallets.

Another interesting aspect is the total supply of only 250 million tokens. Compared to many meme coins with billions or trillions in supply, it wouldn’t take a hug",1,1.0,1,https://www.reddit.com/r/CryptoMoonShots/comments/1rnb9ok/votedoge_cto_comeback_almost_2_years_old_1k/,CryptoMoonShots,2026-03-07 14:25:56,0,FAKE,reddit_CryptoMoonShots
Anyone watching Newcat $NCT? Small cap with some progress so far,"Lately I’ve been spending more time looking through smaller market cap projects instead of only focusing on the big names, Sometimes the early opportunities come from places most people ignore until the hype already arrives, One project that recently caught my attention is Newcat $NCT.  
  
What made me stop and look into it wasn’t just the meme angle of the name, It was actually the effort the team seems to be putting into making the token easier for people to access, For many small tokens, accessibility becomes a real barrier because people need to go through complicated swaps or unknown platforms just to get exposure, In this case, $NCT recently became available through Bitget Wallet, which is already used by a lot of crypto users, Moves like that may seem small, but they can make a big difference for early community growth.  
  
Another thing I usually watch closely with micro cap projects is whether the community is actually alive or if it’s just a temporary pump group, From what ",2,1.0,2,https://www.reddit.com/r/CryptoMoonShots/comments/1rn6is3/anyone_watching_newcat_nct_small_cap_with_some/,CryptoMoonShots,2026-03-07 10:17:48,0,FAKE,reddit_CryptoMoonShots
"Eternal Flame, infinite burns and dividends(flap BnB)","Ethernal Flame 3% tax(60% burn, 20% marketing, 20% dividends)
Marketing Will fuel volume and when volume low arbitrage Pools Will be created.
Infinite burns and dividends!

The token was created Yesterday, started with low volume but many marketing ongoing.
We have ongoing an airdrop, usdt giveway and ads on sociogram, reddit, x and telegram marketing.

The token Is focused on burning where the 60% of the 3% tax Will buyback and burn tokens. This mean constantly buy pressure and deflation.

20% for marketing that fuel volume and 20% dividends. Dividends Is automatically when reach 4 dollars balance or can claimed manually on flap. 1 million minimum tokens for rewards(low cost at this market cap)

The Main mechanism that Will fuel eternal burn and dividends Will be the Pools creation.
Also without trading volume the arbitrages bot Will trade the Pools creating continue volume.

Follow x @burn_every and telegram @EthernalFlames for join the airdrop and the giveway and be updated.

Trade ",2,1.0,1,https://www.reddit.com/r/CryptoMoonShots/comments/1rn5354/eternal_flame_infinite_burns_and_dividendsflap_bnb/,CryptoMoonShots,2026-03-07 08:49:00,0,FAKE,reddit_CryptoMoonShots
"A Reputable, Secure and Fast: Magnum offers you 150+ verified buyers to buy your locked liquidity - Any time, any chain, any size at your convenience!","Get started today on our official socials:
TG: t[.]me/selllockedliquidity

Locked liquidity is one of the most important mechanisms in crypto. It builds trust, demonstrates commitment, and signals legitimacy to investors. 

But here’s the problem — for many project founders, teams, and LP holders, locked liquidity can also mean trapped capital. Funds sit idle for months or even years while new opportunities move fast. Marketing campaigns, project expansions, partnerships, or new launches can’t wait for unlock dates. That’s lost potential, and lost time.

This is exactly why Magnum exists. Magnum is a reputable, secure, and fast marketplace that connects LP holders and project teams with a network of 150+ verified buyers who compete to buy your locked liquidity. Now, locked LP is no longer dead capital — it can be transformed into usable funds any time you’re ready.

Here’s what makes Magnum different from informal OTC deals and risky backchannel trades:

Verified Buyer Network: Access ",1,1.0,1,https://www.reddit.com/r/CryptoMoonShots/comments/1rn8icg/a_reputable_secure_and_fast_magnum_offers_you_150/,CryptoMoonShots,2026-03-07 12:13:25,0,FAKE,reddit_CryptoMoonShots
Trading my Ethereum to March Over the Bridge to Solana for Patos Token Presale,"Name: Patos Meme Coin

Official Site: \[PatosMemeCoin.com\](http://PatosMemeCoin.com) 

Token Symbol: $PATOS

Live Utilties:

\* Patos Games:  GameFi , Play-to-Earn Gaming

\* Rumored find: Crypto Ecommerce platform coming

CEXs That Have Confirmed They Will List This? 8X

DEXs Expected to List? 3X

Purchase Options:

\*  Solana (SOL)  

\* Binance Coin (BNB)  

\* Ethereum (ETH)

\* Tether (USDT) 

\*  USD Circle (USDC)

Current Price: $0.000139999993 

Floor Round Token Supply (sold/remaining): 83% sold / 17% remaining

Note: Token price will go up \\\~8% after genesis round closes

Total Token Supply: 232B

\# 🦆 The Best Solana Token Presale of 2026

Patos Meme Coin is simply intriguing as it is currently aiming to break a massive crypto record. The community is incredibly responsive across Reddit and X, showing a level of engagement rarely seen this early in a project. It is clear that the $PATOS developers are truly into the challenge of setting a new bar in meme coin trading rath",57,0.99,3,https://www.reddit.com/r/CryptoMoonShots/comments/1rmknnk/trading_my_ethereum_to_march_over_the_bridge_to/,CryptoMoonShots,2026-03-06 17:41:04,0,FAKE,reddit_CryptoMoonShots
Video demo of full RWA funding flow for fans funding music. From funding through revenue sharing - feedback wanted,"**Tastemaker.music** is a platform on **Solana devnet** where fans can fund music creation and—depending on what the artist chooses—own rights or share in revenue. No real money is at stake on devnet; it’s a place to try the full flow with friends or as a dev.

**What you can do:** Fund a project, claim your ownership/shares, and see revenue flow to backers. We’ve put together a walkthrough of that whole flow here:

[**https://www.loom.com/share/9464f849194e48da87b905aa52b7434c**](https://www.loom.com/share/9464f849194e48da87b905aa52b7434c)

**Recent additions:**

* **AI assistance** across the logged-in experience (in-context help on pages).
* **Agentic help** with forms and procedures (step-by-step guidance).
* **Music streaming and album management** so you can run a full demo project on devnet.

We’d love **dev and user feedback**. You can share it in any of these ways:

* **In-app:** use “Report issue” (or equivalent) on the platform.
* **Here:** reply in this thread.
* **Discord:",5,1.0,7,https://www.reddit.com/r/CryptoMoonShots/comments/1rmledw/video_demo_of_full_rwa_funding_flow_for_fans/,CryptoMoonShots,2026-03-06 18:08:28,0,FAKE,reddit_CryptoMoonShots
What To Do In These Markets?,"In the slower markets, where X and Reddit is pretty slow, you may feel like you're stuck in time...nothing is moving and everything is very quiet.

However!

There are projects out there building communities just like Shib and Pepe had done before their runs.

They are:

* Getting posts out
* Slowly building their community 
* Becoming more battle tested
* Sweeping up a large amount of supply for cheap

  
**These projects are the ones competing to come out on top during the happier and more fruitful markets**

They will have a massive amount of experience and overall depth compared to the newer projects and ultimately, they tend to outperform the rest of the market.

This is why I am in Kendu!

Kendu is:

* Getting posts out on Reddit, X, Stocktwits daily
* Recruiting new members daily
* Doing daily DCAs
* Having fun in the subreddit and Telegram
* Coming out with more IRL products and hosting events

Kendu fits the blueprint for the type of project who achieves great success through ",33,0.93,25,https://www.reddit.com/r/CryptoMoonShots/comments/1rm182q/what_to_do_in_these_markets/,CryptoMoonShots,2026-03-06 02:10:26,0,FAKE,reddit_CryptoMoonShots
Grass the DePin AI of Solana is a way to earn passive income by sharing your unused bandwidth data,"**Fuel the AI Revolution with Grass.**

AI needs massive amounts of data to learn, and **Grass** is the bridge. As a leading DePIN project on Solana, Grass lets you contribute your spare bandwidth to power the next generation of Artificial Intelligence. You provide the rails for AI data collection; we provide the rewards. Secure, decentralized, and entirely passive.

**Why Grass Is Getting Attention**

* **AI × DePIN Combo:** Your bandwidth helps power data pipelines for AI models — and you get paid.
* **Early-Stage Advantage:** Still early, could grow into key infrastructure for AI data sourcing.
* **Actual Passive Income:** Install → run in the background → collect rewards. No mining, no tasks.
* **Extra Bonus:** Use **SEsneMoIYQS6M3w** at signup for **5,000 extra points**.
* **Built on Solana:** Fast, cheap, and well-suited for DePIN scaling.

🛠️ How to Start (Takes \~2 Minutes)

1. Register: [https://app.grass.io/register?referralCode=SEsneMoIYQS6M3w](https://app.grass.io/register?",4,0.83,1,https://www.reddit.com/r/CryptoMoonShots/comments/1rmpdch/grass_the_depin_ai_of_solana_is_a_way_to_earn/,CryptoMoonShots,2026-03-06 20:35:27,0,FAKE,reddit_CryptoMoonShots
Earn Crypto Every Month (AAA Fair Benefit Explained) YouTube ID: @DisciMindTV,"▶️ [Earn Crypto Monthly](https://youtu.be/9YWsRMU_FSE?si=UURVWgM15CbYxF3X) 

In this video, we break down how AAA Fair Benefit works, including its 16-level two-wide matrix system, monthly community reward pool, 5% bonus structure, and automatic crypto payouts directly to your Algorand wallet.

AAA Fair Benefit crypto rewards, earn ALGO monthly platform, crypto referral earning system, two wide matrix compensation plan, ALGO payout platform 2026, Algorand crypto rewards, affiliate crypto earning model, passive income crypto platform, free ad views platform, digital product marketplace crypto, NFT minting Algorand platform, creator monetization crypto, build and earn online system, referral link earning crypto, monthly community reward pool, crypto based earning ecosystem, online earning without investment, matrix compensation crypto plan, social platform with crypto rewards, AAA Fair Benefit review 2026

This platform combines:  
• Customizable profile pages with unlimited links  
• Bu",5,1.0,1,https://www.reddit.com/r/CryptoMoonShots/comments/1rm4202/earn_crypto_every_month_aaa_fair_benefit/,CryptoMoonShots,2026-03-06 04:22:13,0,FAKE,reddit_CryptoMoonShots
ATH after ATH,"$PHAT is on fire and cookin up some prime numbers. Hit an ATH of 170k last night. Up 387% on the week and the lows are steady climbing 

We’re live everyday on TikTok, shilling consistently on X posts and spaces and delivering hilarious content on the reg.

We’re all tired of the rugs and pump and dumps. Our goal is to reset the narrative of the memecoin space and get it back to how it used to be. We want everyone to win while enjoying an alpha meta.

Planet Fatness is for the real ones who don’t want to live in a gym. The ones who pick snacks over suffering, naps over neck veins, and “I’ll start Monday” as a lifestyle.

The only gym where tapping counts as cardio. Play the Gym Games, stack Calories, climb the ranks, and get rewarded like a certified Planet Fatness member.

•Daily airdrops in the gym

•Daily airdrops in our TikTok streams 

•0.5 Sol weekly giveaway…for every $50 buy you get a spot on the wheel. If you don’t win, it carries over to the next week.

•Super active communit",12,0.84,24,https://www.reddit.com/r/CryptoMoonShots/comments/1rlmdx6/ath_after_ath/,CryptoMoonShots,2026-03-05 16:40:27,0,FAKE,reddit_CryptoMoonShots
$MEME(Money Enters Money Exits),"https://pump.fun/coin/9sjdR5pVYKVbkSALTG1CYhaq1gKxayJqo35sskm8bj4D

https://pump.fun/coin/9sjdR5pVYKVbkSALTG1CYhaq1gKxayJqo35sskm8bj4D

https://pump.fun/coin/9sjdR5pVYKVbkSALTG1CYhaq1gKxayJqo35sskm8bj4D

https://pump.fun/coin/9sjdR5pVYKVbkSALTG1CYhaq1gKxayJqo35sskm8bj4D

https://pump.fun/coin/9sjdR5pVYKVbkSALTG1CYhaq1gKxayJqo35sskm8bj4D

https://pump.fun/coin/9sjdR5pVYKVbkSALTG1CYhaq1gKxayJqo35sskm8bj4D

https://pump.fun/coin/9sjdR5pVYKVbkSALTG1CYhaq1gKxayJqo35sskm8bj4D

https://pump.fun/coin/9sjdR5pVYKVbkSALTG1CYhaq1gKxayJqo35sskm8bj4D

https://pump.fun/coin/9sjdR5pVYKVbkSALTG1CYhaq1gKxayJqo35sskm8bj4D

https://pump.fun/coin/9sjdR5pVYKVbkSALTG1CYhaq1gKxayJqo35sskm8bj4D

https://pump.fun/coin/9sjdR5pVYKVbkSALTG1CYhaq1gKxayJqo35sskm8bj4D

https://pump.fun/coin/9sjdR5pVYKVbkSALTG1CYhaq1gKxayJqo35sskm8bj4D

https://pump.fun/coin/9sjdR5pVYKVbkSALTG1CYhaq1gKxayJqo35sskm8bj4D

https://pump.fun/coin/9sjdR5pVYKVbkSALTG1CYhaq1gKxayJqo35sskm8bj4D

https://pump.fun/coin/9sjdR5pVYKVbkSALTG1CYhaq1g",1,0.67,1,https://www.reddit.com/r/CryptoMoonShots/comments/1rlz42f/mememoney_enters_money_exits/,CryptoMoonShots,2026-03-06 00:38:13,0,FAKE,reddit_CryptoMoonShots
Why Kalyxen Might Be One of the Most Interesting DeFi Projects Emerging in 2026,"DeFi has grown into a massive ecosystem, but anyone who has actually used it knows the experience is still incredibly fragmented. You earn yield on one protocol, borrow liquidity on another, and if you want to spend crypto in the real world you’re usually leaving DeFi entirely.

Kalyxen is trying to change that by combining several of these functions into a single ecosystem rather than forcing users to jump between platforms.

Instead of focusing on just one niche of decentralized finance, the project is built around a simple idea:

Earn. Borrow. Pay all within one protocol.

The Problem Kalyxen Is Targeting

One of the biggest inefficiencies in crypto right now is idle capital.

Billions of dollars sit in wallets doing nothing while holders wait for price appreciation. At the same time, accessing liquidity often requires selling assets, which means giving up potential upside and triggering taxable events.

On top of that, the DeFi ecosystem is scattered across multiple platforms. Lend",9,1.0,8,https://www.reddit.com/r/CryptoMoonShots/comments/1rlg2l7/why_kalyxen_might_be_one_of_the_most_interesting/,CryptoMoonShots,2026-03-05 12:14:20,0,FAKE,reddit_CryptoMoonShots
"I missed Dogecoin and DogWifHat, but I'm not fading Solfart ($SOLF): 1B Tokens Sold &amp; March 16 CEX Listing.","As an on-chain analyst, my job is to separate organic momentum from manufactured hype. Over the last two years, I watched retail liquidity flow blindly into **pepe coin**, witnessed the historic rise of **dogwifhat**, and tracked the wallet movements that made early **shib coin** buyers generational wealth.

Going into the 2026 **crypto bullrun after Iran War**, the market dynamics have shifted. Investors are tired of 5-minute rug pulls. They are actively hunting for projects with actual infrastructure. After tracking presale contracts for the last month, one asset is showing crazy relative strength while the rest of the market chops sideways: Solfart ($SOLF).

Here is a comprehensive breakdown of why this project is positioned to lead the upcoming **altcoin season**.

### **📊 STAGE 2 TOKENOMICS &amp; PRESALE DATA**

As requested by the community, here is the exact data pulled from the contract. Tracking the inflows on this **crypto presale** has become my new hobby they literally have",297,0.98,48,https://www.reddit.com/r/CryptoMoonShots/comments/1rkmqt1/i_missed_dogecoin_and_dogwifhat_but_im_not_fading/,CryptoMoonShots,2026-03-04 14:24:23,0,FAKE,reddit_CryptoMoonShots
LXVII just launched on-chain governance – first community vote is live,"We just took an important step for the LXVII project.

Our on-chain governance is now officially live and the first proposal has been created. This proposal introduces the Governance Framework v1, which defines how treasury decisions and governance will work during the first phase of the project.

The goal is simple: build a transparent and community-driven ecosystem.

Instead of one person making all decisions, LXVII holders can participate in governance and vote on proposals that shape the future of the project.

The framework includes:

• Clear treasury usage rules

• Community voting for major decisions

• Transparent governance structure

• Decentralized direction for the project

This is just the first step. Over time the community will be able to propose ideas, improvements, marketing initiatives and ecosystem development through governance proposals.

The vision behind LXVII is to grow from a small community project into a fully decentralized ecosystem built by its holders.

If",1,1.0,1,https://www.reddit.com/r/CryptoMoonShots/comments/1rlblo6/lxvii_just_launched_onchain_governance_first/,CryptoMoonShots,2026-03-05 07:49:50,0,FAKE,reddit_CryptoMoonShots
Found a solid volume tool for Solana pump.fun launches - been using it for 2 months,"If you launch on [pump.fun](http://pump.fun) you already know that volume is everything. A dead chart kills any token no matter how good the narrative is.

  
I was struggling with this for months until I found bot.autohustle.online. It generates volume for your pump.fun token so the chart stays active and attracts organic buyers.

  
What I like about it:

\- Works directly with [pump.fun](http://pump.fun) tokens

\- Keeps candles green and volume consistent

\- Easy to set up, just connect wallet and go

\- Affordable compared to hiring market makers

  
My results before vs after using it:

\- Before: 0 out of 12 tokens hit Raydium migration

\- After: 7 out of 12 migrated successfully

  
The difference is honestly night and day. When your chart has steady volume people actually want to buy in. When its flat nobody touches it.

  
Not affiliated with them just sharing because it actually worked for me. Check it out at [bot.autohustle.online](http://bot.autohustle.online) if you lau",1,1.0,1,https://www.reddit.com/r/CryptoMoonShots/comments/1rkxetv/found_a_solid_volume_tool_for_solana_pumpfun/,CryptoMoonShots,2026-03-04 20:59:59,0,FAKE,reddit_CryptoMoonShots
Spend Crypto Like Cash + Mine Bitcoin in the Background (GoMining Credit Card),"Most crypto just sits in wallets.

GoMining lets you **use it in everyday life** — while growing Bitcoin mining power in the background.

---

### 💳 GoMining Credit Card

The GoMining card connects your crypto directly to real-world spending.

- Works with **Apple Pay &amp; Google Pay**
- Online &amp; contactless payments
- **ATM withdrawals**
- Load the card with **BTC, USDT, USDC or GMT**

Spend crypto like regular money.

---

### ⛏️ Card activation bonus

When you create the card, you currently receive:

- **FREE 1 TH / 15W Bitcoin miner**
- **$20 worth of TH** after your first **$100 card spend**

So even if you just wanted an easier way to spend crypto,  
you automatically start **producing BTC daily**.

---

### 💰 Cashback that grows your mining power

Depending on your level you can unlock:

- **Up to 5% cashback**
- Paid in **TH (hashpower)**
- Every payment can increase your mining power

Your mining farm can grow simply through everyday spending.

---

Start here:  
https://",1,1.0,1,https://www.reddit.com/r/CryptoMoonShots/comments/1rkqdbu/spend_crypto_like_cash_mine_bitcoin_in_the/,CryptoMoonShots,2026-03-04 16:42:18,0,FAKE,reddit_CryptoMoonShots
Best Multi-Chain Crypto 2026? $ZYPTO Officially Launches on Base Network,"$ZYPTO just officially launched on the **Base network (Coinbase’s Layer 2 blockchain)** today, marking a major milestone in its multi-chain expansion strategy. 

Originally launched on Ethereum two years ago, Zypto is now expanding cross-chain using **Chainlink CCIP (Cross-Chain Interoperability Protocol)** — positioning itself as a growing multi-chain crypto project focused on real utility and ecosystem integration. 

# Why the Base Launch Matters 👇

• $ZYPTO is now tradable on Base, part of the Coinbase ecosystem 🔵  
• Exposure to Coinbase DEX users and expanding Base liquidity 🌍  
• Lower gas fees and faster transactions vs Ethereum mainnet ⚡️  
• Native Chainlink CCIP bridging integrated inside the Zypto app 🔄  
• Buy Back &amp; Burn mechanism active, supporting deflationary tokenomics 🔥

# Real Utility, Not Just Hype 

Zypto App v1.26 is also live, featuring:

* Integrated KuCoin Pay (fiat-to-crypto on-ramp inside the wallet) 💳
* Native CCIP cross-chain bridging via the in-app swa",134,0.5,85,https://www.reddit.com/r/CryptoMoonShots/comments/1rjtryq/best_multichain_crypto_2026_zypto_officially/,CryptoMoonShots,2026-03-03 16:25:12,0,FAKE,reddit_CryptoMoonShots
Data and Web3 going into Full Decentralization,"Data is becoming the most valuable asset in the digital economy and idOS (Identity Operating System) is building the infrastructure to power it securely.

idOS is a decentralized data storage and access management network designed to give users true ownership over their information. Instead of handing data to centralized platforms, users can store it privately, encrypt it, and grant permissioned access to applications and businesses all on their own terms.

At its core:

• The idOS Storage Network (L1) enables autonomous, encrypted data storage.  
• The idOS Economic Network (launching as an Arbitrum Orbit chain) introduces a programmable data economy, measuring storage usage transparently through smart contracts.  
• The idOS SDK allows applications to seamlessly integrate identity, permissions, and access control into their platforms.

What makes idOS especially powerful is its focus on the stablecoin economy. It enables portable identity — meaning users can move their data as easily",325,1.0,4,https://www.reddit.com/r/CryptoMoonShots/comments/1rjx2vq/data_and_web3_going_into_full_decentralization/,CryptoMoonShots,2026-03-03 18:24:00,0,FAKE,reddit_CryptoMoonShots
"Solfart Token ($SOLF) – FartChan Rebrand Drops This Week, CEX Listing Confirmed Before March 16th, and Someone Just Listed a ButtHeads NFT for 51 SOL","# What's happening?

$SOLF just quietly crossed **$203,500 raised** in presale, over a billion tokens sold, and three major catalysts are converging right now. The FartChan platform is undergoing a **full rebrand launching this week**, a **CEX listing is confirmed before March 16th**, and one early holder minted a ButtHeads NFT and listed it for **51 SOL (\~$7K+)**. Stage 2 is still live at $0.000203 but Stage 3 at $0.000250 (+23%) is closing in fast. The window here is measured in days, not weeks.

website: [https://www.solfart.io](https://www.solfart.io)  
subreddit: reddit.com/r/solfart

Binance Square 1: [https://www.binance.com/en/square/post/28249283324986](https://www.binance.com/en/square/post/28249283324986)  
Binance Square 2: [https://www.binance.com/en/square/post/35035025517282](https://www.binance.com/en/square/post/35035025517282)

**Why $SOLF Is Heating Up Right Now**

|Catalyst|Details|
|:-|:-|
|FartChan full rebrand|New identity, new platform, dropping this week. The ",510,0.99,85,https://www.reddit.com/r/CryptoMoonShots/comments/1rj128p/solfart_token_solf_fartchan_rebrand_drops_this/,CryptoMoonShots,2026-03-02 18:35:35,0,FAKE,reddit_CryptoMoonShots
"Locked Liquidity Is Now Cashable on Magnum: Get the Best Bid for Your Locked Liquidity from Our Network of Verified Buyers: No Lock Is Small, Neither Big - Get Quotes for Any Chain, Any Time You’re Ready.","Locked liquidity has always had real value — the problem was access.

Founders, teams, and LP holders often sit on locked LP positions for months or years while capital is needed now for development, marketing, or new launches. That’s the gap Magnum was built to solve.

Magnum is a specialized locked liquidity marketplace that allows you to sell locked liquidity before unlock, by connecting you with a network of 150+ verified and trusted buyers through a secure, escrow-based, competitive bidding process.

\---

What Makes Magnum Different

The locked liquidity market has traditionally been fragmented and risky, relying on informal OTC deals that expose sellers to:

Unverified buyers

Weak or arbitrary pricing

Counterparty risk

Long and inefficient negotiations

Magnum replaces this with a structured, professional, and reliable marketplace designed specifically for locked liquidity transactions.

\---

What You Can Do on Magnum

Get multiple competitive bids for your locked liquidity
",78,0.99,1,https://www.reddit.com/r/CryptoMoonShots/comments/1rjpjxk/locked_liquidity_is_now_cashable_on_magnum_get/,CryptoMoonShots,2026-03-03 13:37:59,0,FAKE,reddit_CryptoMoonShots
Stop Wasting Bandwidth: Earn Passive Income with Grass that is built on Solana,"**Fuel the AI Revolution with Grass.**

AI needs massive amounts of data to learn, and **Grass** is the bridge. As a leading DePIN project on Solana, Grass lets you contribute your spare bandwidth to power the next generation of Artificial Intelligence. You provide the rails for AI data collection; we provide the rewards. Secure, decentralized, and entirely passive.

**Why Grass Is Getting Attention**

* **AI × DePIN Combo:** Your bandwidth helps power data pipelines for AI models — and you get paid.
* **Early-Stage Advantage:** Still early, could grow into key infrastructure for AI data sourcing.
* **Actual Passive Income:** Install → run in the background → collect rewards. No mining, no tasks.
* **Extra Bonus:** Use **SEsneMoIYQS6M3w** at signup for **5,000 extra points**.
* **Built on Solana:** Fast, cheap, and well-suited for DePIN scaling.

🛠️ How to Start (Takes \~2 Minutes)

1. Register: [https://app.grass.io/register?referralCode=SEsneMoIYQS6M3w](https://app.grass.io/register?",141,0.63,49,https://www.reddit.com/r/CryptoMoonShots/comments/1rk1j2b/stop_wasting_bandwidth_earn_passive_income_with/,CryptoMoonShots,2026-03-03 21:05:53,0,FAKE,reddit_CryptoMoonShots
"$PHAT — 65k MC, Pressing ATH Again","No fake urgency. No forced hype.

Just facts: $PHAT is sitting around 65k — right under its previous ATH.

And it didn’t get there off one lucky candle.

What makes this different isn’t just memes. It’s activity.

Planet Fatness runs on engagement loops:

• Multiple airdrops hitting daily inside the Telegram

• Live stream giveaways

• Snack Bot calorie competitions

• Mini-games with tracked leaderboards

• Random + skill-based reward mechanics

It’s chaotic branding with structured execution.

While most micro caps rely on one marketing spike, this ecosystem runs continuously. People compete. People grind. People push for leaderboard spots. And those top grinders actually get rewarded.

Supply is transparent. Launch was fair. Marketing wallet is controlled and intentional.

Now price action is hovering just shy of ATH again — around 65k — without artificial volume games or influencer smoke.

That’s what steady community pressure looks like.

Not financial advice. Just pointing out wh",47,0.96,55,https://www.reddit.com/r/CryptoMoonShots/comments/1rizrck/phat_65k_mc_pressing_ath_again/,CryptoMoonShots,2026-03-02 17:49:45,0,FAKE,reddit_CryptoMoonShots
"While the rest of the crypto space has been crashing out, we've gone from Top 100 Crypto Subreddit to #6 Crypto Subreddit and climbing.","# 100k+ weekly visits.

# Millions of views.

# A narrative that actually hits. 

Welcome to r/401jK. 

The 401jK (""just kidding"") meme is a satirical gut punch to the concept of retirement, targeting the popular US-based 401(k) and other pension plans around the world.

401jK combines memes and humor with socio-political commentary to expose rigged global financial systems and directly call out the bad actors perpetuating their decline.

Aligned with the community’s view that value stems from spreading truth and awareness, the 401jK token is considered a ""pure belief &amp; awareness"" asset (PBA).

  
**And we've achieved all that while finding our floor at 2.4M MC.** 

With the amount of eyes that is on r/401jK, it really isn't crazy to believe that it will start going extremely parabolic once the space heats up again. 

We all know the sayings ""scared money don't make money"", ""be greedy when others are fearful, be fearful when others are greedy"". 

If you actually believe that, then ",24,1.0,13,https://www.reddit.com/r/CryptoMoonShots/comments/1rit374/while_the_rest_of_the_crypto_space_has_been/,CryptoMoonShots,2026-03-02 13:39:29,0,FAKE,reddit_CryptoMoonShots
CherubBronze: a memecoin to represent the disabled. Now on Pump.fun.,"CherubBronze is a new token on Pump Fun. The link to it is below. I am not anticipating it to be a high-value crypto, especially anytime soon, but having it grow extremely popular was never the point. All I wish for it is some level of traction.  
  
For a long time, I have wanted to start a memecoin to raise awareness about people with disabilities. The token, CherubBronze(CB) is Blind Justice re-imagined as a cherub on raw antique bronze- blindfolded, as the disabled also deserve equal treatment and justice. Please help let this grow to help raise awareness. Too many have been ignored, berated, and worse for their conditions- it is time to tip the balance of justice's scales so that even these individuals receive equality. A single token cannot change everything, but awareness is a step in the right direction toward a better, fairer future, and cryptocurrency is popular enough that a token would get noticed.

Thank you for reading this.

[https://join.pump.fun/HSag/fplrb2za](https://",25,1.0,1,https://www.reddit.com/r/CryptoMoonShots/comments/1rjcy00/cherubbronze_a_memecoin_to_represent_the_disabled/,CryptoMoonShots,2026-03-03 02:18:27,0,FAKE,reddit_CryptoMoonShots
Build with us,"We didn’t launch with VCs.

We didn’t launch with influencers.

We didn’t launch with artificial hype.

We started from zero.

The first phase was about building structure:

On-chain governance, a transparent treasury, a public roadmap and a real voting mechanism. Not promises. Not marketing slogans. Actual infrastructure.

Yes, in the beginning we made mistakes in how we approached community growth. That’s part of building from scratch. We learned, adapted and focused on creating something sustainable instead of chasing short-term pumps.

Governance is now live, which means the community has real influence. Treasury decisions, milestone-based burns, liquidity strategies and ecosystem expansion will not be random actions — they will be structured and proposal-driven.

This is not a 30-minute hype cycle.

This is not a pump.fun experiment.

This is a long-term build.

We believe strong governance creates strong communities. And strong communities create strong projects.

If you believe ",169,1.0,1,https://www.reddit.com/r/CryptoMoonShots/comments/1rj6bi2/build_with_us/,CryptoMoonShots,2026-03-02 21:46:43,0,FAKE,reddit_CryptoMoonShots
Snp500 aka Sock and Pussy 500,This thing getting ready to rip to the upside maskdog vibes and spx6900 vibes combined get in now or get left behind. This thing is not waiting for nobody. Still early too. u will not regret hopping in very early still. Under one million market cap. Just think if those hits to the billions what you would be sitting on. take a look and a come join the community and make a good time turn into financial freedom. life's too short not to take risk in the right projects this screams the right one. Sock and Pussy the one up next. The sock stays on and never comes off....not too late to get in it's on the up and up. Once it hits a million market cap there is no stopping it. Just a thought for the masses. 15 percent is locked up till the year 2069. No dev no rug no and all the fees from lp is buying back supply. This is the one and only moonshot you gonna need this season. Speaking of seasons when cat season comes back this thing will rip to the upside. It's a great meme to be honest I dont see,4,0.84,4,https://www.reddit.com/r/CryptoMoonShots/comments/1rixg66/snp500_aka_sock_and_pussy_500/,CryptoMoonShots,2026-03-02 16:27:34,0,FAKE,reddit_CryptoMoonShots
How to use AI to filter 100x Gems: A deep dive into the MEXC AI Product Panorama (6 Tools you need to know),"Let’s be real — the crypto market in 2026 is moving way too fast for manual trading. If you’re still staring at charts 24/7 trying to catch a signal, you’re already behind the whales and bots.

I’ve been diving into the **MEXC AI Product Panorama** recently, and honestly, it’s a game changer for retail traders. They’ve built a full-chain closed-loop that actually makes sense.

Here are the 6 AI tools that are reshaping the decision chain right now:

* **AI News Radar**: Stop doom-scrolling Twitter. This monitors social trends and macro moves 24/7. It doesn’t just tell you ""what happened,"" it interprets ""what it means"" for the price.
* **AI Select List**: This is the ""Gem Finder."" It filters high-potential assets based on capital flow and platform metrics in minutes.
* **AI Trending Search**: Want to know what the smart money is asking? This leaderboard shows real-time trending topics and questions from the community.
* **Intelligent Candlestick Assistant**: This is wild. It reads patte",79,1.0,2,https://www.reddit.com/r/CryptoMoonShots/comments/1ritlfk/how_to_use_ai_to_filter_100x_gems_a_deep_dive/,CryptoMoonShots,2026-03-02 14:00:57,0,FAKE,reddit_CryptoMoonShots
$SBETS: The Token Revolutionizing Decentralized Betting in the Sui Ecosystem,"In the fast-paced world of cryptocurrencies and DeFi, projects that combine real utility with cutting-edge technology stand out as true gems. Imagine a platform where every bet is recorded immutably on the blockchain, payouts are automatic and transparent, and you, as a token holder, directly share in the profits. That’s the world of $SBETS, the native token of Suibets.com — the first fully on-chain sports betting platform built on the Sui network. Leveraging Sui’s sub-second speed and ultra-low fees, $SBETS isn’t just another speculative asset — it’s the fuel for a fair, accessible, and rewarding betting ecosystem. In this in-depth exploration, we dive into every utility of $SBETS, its solid tokenomics, and the massive potential of this project, drawing directly from Suibets.com and reliable sources. Get ready to discover why $SBETS could become the next big breakout in crypto.

Let’s start with the utilities of $SBETS, which go far beyond simple trading. First and foremost, $SBETS se",2,1.0,5,https://www.reddit.com/r/CryptoMoonShots/comments/1riys0k/sbets_the_token_revolutionizing_decentralized/,CryptoMoonShots,2026-03-02 17:14:51,0,FAKE,reddit_CryptoMoonShots
Pastella (PAS) | Hybrid RandomX PoW + PoS | Decentralized AI Computing Network,"# Pastella (PAS)

Hello Reddit! We are excited to officially introduce **Pastella (PAS)**, a transparent, community-governed blockchain designed for the future of decentralized AI computing.

Pastella is a specialized ecosystem built to bridge the gap between fair CPU mining and the massive global demand for AI processing power.

# Consensus &amp; Fair Distribution

We believe in decentralization from day one. That’s why Pastella uses a **Hybrid Consensus** model:

* **RandomX Proof-of-Work:** ASIC-resistant and CPU-friendly. If you have a computer, you can mine PAS.
* **Simple Reward Staking:** Secure the network and earn passive rewards with our multi-tier staking system.
* **Transparent Blockchain:** Simple, auditable, and reliable transactions.

# Tokenomics

* **Total Supply:** 16,000,000 PAS (16 Million)
* **Block Time:** 30 Seconds (Near-instant confirmations)
* **Yearly Halving:** Every 1,051,200 blocks (\~1 Year).
* **Emission Span:** 10 Years.
* **Distribution:** \* 55% Minin",1,1.0,1,https://www.reddit.com/r/CryptoMoonShots/comments/1riwrwl/pastella_pas_hybrid_randomx_pow_pos_decentralized/,CryptoMoonShots,2026-03-02 16:03:32,0,FAKE,reddit_CryptoMoonShots
Paybyte - PBE,"Interesting Project:  
  
This is not a token or smart contract. It’s a standalone chain with its own:

* Genesis block
* Network parameters
* Independent mainnet
* Versioned releases (currently v0.0.2)

The network is live and blocks are actively being mined. A Qt GUI wallet is available, and CPU mining is integrated into the core client.

There was no premine, no ICO, and no token sale. This started as a technical project to build and operate a clean PoW chain from the ground up and understand the full lifecycle — from genesis generation to network launch and release management.

It’s early-stage and experimental. Right now the focus is stability, clean builds, and understanding small-network economics before adding anything more ambitious.

If you’re interested in reviewing the code, project or running a node:

GitHub:  
[https://github.com/payByteFounder/paybyte](https://github.com/payByteFounder/paybyte)  
  
Bitget:  
[https://www.bitget.com/asia/on-chain/bnb/0x34602c9eda351dcb0e",69,1.0,1,https://www.reddit.com/r/CryptoMoonShots/comments/1rik6aj/paybyte_pbe/,CryptoMoonShots,2026-03-02 05:19:49,0,FAKE,reddit_CryptoMoonShots
"Solfart ($SOLF) Crossed $203K, The Buttheads Cut The Cheese","Every crypto community has a thing. BONK has the bat. WIF has the hat. Dogecoin has the dog. You know a project is doing something right when the culture creates its own language. When inside jokes become identity.

The Solfart Buttheads have Cut The Cheese.

I know how that sounds. I sat there thinking ""this can't be serious."" But that's the trick isn't it. You underestimate it because of the name. You scroll past. Meanwhile the people who stopped scrolling are accumulating at $0.000203 with five confirmed exchange listings and a burn engine compressing supply every single day.

Cut The Cheese is a filter. It separates the people who judge by packaging from the people who open the box. And what's inside right now is kind of absurd for something this early.

**TOKENOMICS / QUICK FACTS**

|**Name**|Solfart ($SOLF)|
|:-|:-|
|**Website**|[https://www.solfart.io](https://www.solfart.io)|
|**Subreddit**|reddit.com/r/solfart|
|**Purchase Options**|SOL, ETH, BNB, USDT, USDC, Credit Card|
|**C",306,1.0,67,https://www.reddit.com/r/CryptoMoonShots/comments/1rh1tg4/solfart_solf_crossed_203k_the_buttheads_cut_the/,CryptoMoonShots,2026-02-28 12:49:01,0,FAKE,reddit_CryptoMoonShots
"Do You Use These Everyday Essentials, If Yes, Why Don't You Check Out Kendu's Products For The Same Price?","Do you use or consume:

* Coffee
* Energy Drinks
* Clothes
* Jewellery
* Kendu Beer
* Video Games
* Spices

Kendu has all of these, for similar prices to what you'd see in a typical store.

Here are links to checkout the products:

Kendu Coffee: [https://kenducoffee.com](https://kenducoffee.com)

Kendu Energy: [https://kenduenergy.com](https://kenduenergy.com)

Merch: [https://kenduenergy.com](https://kenduenergy.com) \- [https://shop.kendu-unleashed.com](https://shop.kendu-unleashed.com) \- [https://www.aliveshoes.com/kendu-2](https://www.aliveshoes.com/kendu-2)

Beer: Ask in the TG

Kendu Spice: [Kenduspice.com](http://Kenduspice.com) \- [https://www.amazon.com/stores/KenduSpiceCo/page/8FF5B52B-1AD2-4931-BE8D-F7634941DBD6](https://www.amazon.com/stores/KenduSpiceCo/page/8FF5B52B-1AD2-4931-BE8D-F7634941DBD6)

**This is Kendu's Era**

We Don't Gamble, We Work

[r/KenduInu\_Ecosystem](/r/KenduInu_Ecosystem/)

ETH: 0xaa95f26e30001251fb905d264Aa7b00eE9dF6C18

SOL: 2nnrviYJRLcf2bXAxpKTRXzc",43,0.94,30,https://www.reddit.com/r/CryptoMoonShots/comments/1rhaf4m/do_you_use_these_everyday_essentials_if_yes_why/,CryptoMoonShots,2026-02-28 18:43:33,0,FAKE,reddit_CryptoMoonShots
$ANUBIS – Small community coin growing organically | $5.4k ATH | 12 holders | #FeedWithAnubis initiative,"I wanted to share a small update about $ANUBIS, a micro memecoin project that has been slowly growing over the past few days. 

The project recently reached an ATH market cap of around $5,400, with an ATH daily trading volume of about $1,100 during the first wave of activity.

 After the initial spike, the market cap stabilized around $4k+, showing relatively steady interest for a project at this early stage. 

Currently the project has 12 holders, with the largest wallet holding about 19%, and the rest distributed among early supporters and community members.

 One thing we are trying to build is a community narrative, not just trading. 

Through the #FeedWithAnubis initiative, community members share photos feeding stray cats, turning a simple meme coin into something with a small positive impact. 

The socials are active with daily posts and community engagement, and the goal right now is slow organic growth rather than quick pumps. 

Still very early, but interesting to watch how s",1,1.0,2,https://www.reddit.com/r/CryptoMoonShots/comments/1rhwz0u/anubis_small_community_coin_growing_organically/,CryptoMoonShots,2026-03-01 13:13:08,0,FAKE,reddit_CryptoMoonShots
"Build a Patos Meme Coin Bag NOW, No Hype | 900M Tokens Sold","# Name: PATOS  Meme Coin

Token Symbol: $PATOS

Official Site: [PatosMemeCoin.com](http://PatosMemeCoin.com)

Official sub: [r/PatosMemeCoin](https://www.reddit.com/r/PatosMemeCoin/)

Purchase Options:

— Solana ($SOL), Binance Coin ($BNB), Ethereum ($ETH)

— $USDT or $USDC on either network

Current Price: $0.000139999993 (first round)

Price increases 7.2% in the next round.

Tokens Sold / Total Token Supply (first round): 877,214,712.27  / 1,111,111,111.11

Total Token Supply: 232B

CA Address &amp; WhitePaper can be found on front page of Official site (listed above)

# 🚀 $PATOS: The Solana Presale Dominating with 8 CEX Listings and New GameFi Expansion!

The narrative on the Solana blockchain has officially shifted toward a high-velocity accumulation phase. While the broader market grapples with the ""ghost-ware"" promises of stagnant projects, **Patos Meme Coin** has solidified its position as the undisputed alpha play through verified exchange confirmations and massive marketing s",256,0.99,50,https://www.reddit.com/r/CryptoMoonShots/comments/1rgkc94/build_a_patos_meme_coin_bag_now_no_hype_900m/,CryptoMoonShots,2026-02-27 22:01:11,0,FAKE,reddit_CryptoMoonShots
Joining HQSolana: A Community-Driven Web3 &amp; AI Experience,"In today’s fast-moving crypto landscape, it’s rare to find projects that place real emphasis on genuine community engagement and learning. HQSolana is aiming to change that by creating a space where people can explore AI-driven insights, learn about token ecosystems, and actively contribute to a growing Solana-based platform. What makes this project different is that it values participation and ideas from real individuals over hype or speculation.

Members have the opportunity to engage in discussions, share feedback, and help shape the direction of the platform as it develops. The project’s structure encourages collaboration rather than passive observation, with community rankings and rewards designed to recognize meaningful contribution. This approach not only provides a learning environment but also creates a culture of growth and authenticity.

The journey is still in its early stages, which means there’s room for people from all backgrounds, developers, content creators, students,",2,1.0,1,https://www.reddit.com/r/CryptoMoonShots/comments/1rhgcjo/joining_hqsolana_a_communitydriven_web3_ai/,CryptoMoonShots,2026-02-28 22:43:07,0,FAKE,reddit_CryptoMoonShots
Stop Wasting Bandwidth: Earn Passive Income with Grass that is built on Solana,"**Fuel the AI Revolution with Grass.**

AI needs massive amounts of data to learn, and **Grass** is the bridge. As a leading DePIN project on Solana, Grass lets you contribute your spare bandwidth to power the next generation of Artificial Intelligence. You provide the rails for AI data collection; we provide the rewards. Secure, decentralized, and entirely passive.

**Why Grass Is Getting Attention**

* **AI × DePIN Combo:** Your bandwidth helps power data pipelines for AI models — and you get paid.
* **Early-Stage Advantage:** Still early, could grow into key infrastructure for AI data sourcing.
* **Actual Passive Income:** Install → run in the background → collect rewards. No mining, no tasks.
* **Extra Bonus:** Use **SEsneMoIYQS6M3w** at signup for **5,000 extra points**.
* **Built on Solana:** Fast, cheap, and well-suited for DePIN scaling.

🛠️ How to Start (Takes \~2 Minutes)

1. Register: [https://app.grass.io/register?referralCode=SEsneMoIYQS6M3w](https://app.grass.io/register?",1,1.0,2,https://www.reddit.com/r/CryptoMoonShots/comments/1rhipxw/stop_wasting_bandwidth_earn_passive_income_with/,CryptoMoonShots,2026-03-01 00:24:56,0,FAKE,reddit_CryptoMoonShots
DeFi is transparent' is the biggest lie we ever swallowed. Jane Street was playing with a map while we were wandering in the dark.,"I thought I was over the Terra/Luna PTSD. I really did. Then this lawsuit drops. The bankruptcy trustee is straight-up accusing Jane Street of using non-public info to front-run the UST depeg. We’re talking about 'private liquidity decisions' being leaked to market makers while the rest of us were staring at the charts, praying for a peg recovery that was never going to happen.

It makes me sick. While we were arguing on Reddit about 'algorithmic stability' and 'code is law,' these TradFi sharks were allegedly sitting in secret war rooms, getting the we're pulling the plug signal before anyone else. This is the 'fairness' of DeFi they sold us. The chain is transparent, sure, but the actual decisions happen in Telegram groups and over private dinners. By the time you see the red candle on your screen, guys like Jane Street have already dumped their bags and are looking for their next vacation home.

Honestly, this lawsuit is exactly why I’m completely done with these 'VC-backed' institu",131,1.0,29,https://www.reddit.com/r/CryptoMoonShots/comments/1rgyr0o/defi_is_transparent_is_the_biggest_lie_we_ever/,CryptoMoonShots,2026-02-28 09:55:28,0,FAKE,reddit_CryptoMoonShots
Solving the Merchant Gap: How Qadden’s Atomic Settlement is Scaling P2P Cash,"Qadden is essentially a decentralized clearing layer that turns volatile digital assets into functional, ""spendable"" cash for global merchants. It feels much more sustainable than standard DeFi because it’s powered by actual trade volume rather than speculative minting. At its core, it runs an Atomic Settlement Engine that acts as a bridge between the security of the blockchain and the speed required for retail commerce.

Instead of your assets sitting idle, Qadden uses them to solve the ""Confirmation Bottleneck."" For a merchant, waiting 10 minutes for a BTC confirmation is a dealbreaker. Qadden’s infrastructure ensures that when a customer pays, the merchant gets settled in their preferred currency instantly at the fixed rate, removing the risk of price swings. It’s effectively building the settlement rails that allow peer-to-peer cash to finally compete with legacy credit card networks.

The flow for participants is simple: you provide liquidity to a ""Reserve Warehouse,"" which the pr",117,0.98,5,https://www.reddit.com/r/CryptoMoonShots/comments/1rg9mmo/solving_the_merchant_gap_how_qaddens_atomic/,CryptoMoonShots,2026-02-27 15:25:22,0,FAKE,reddit_CryptoMoonShots
"A Place You Can Sell Your Locked Liquidity to Over 150+ Verified Buyers. Secure, Fast and Reputable - Get the Best Quote for Your Locked Liquidity: Any Chain, Any Size.","Locked liquidity is not dead capital. It has real, measurable value — but for many founders, teams, and LP holders, that value is locked behind long unlock dates while new opportunities require capital today.

This is exactly why Magnum exists.

Magnum is a dedicated locked liquidity marketplace built to help liquidity holders sell locked LP positions before unlock, by connecting them directly with 150+ verified and trusted buyers through a secure, escrow-based, competitive bidding process.

\---

Why Magnum?

The locked liquidity market has traditionally relied on informal OTC deals, which often result in:

Unverified buyers

Weak or inconsistent pricing

Counterparty risk

Slow negotiations

Magnum replaces this chaos with a structured, professional, and reputable marketplace.

\---

What You Get with Magnum

Access to 150+ verified buyers actively bidding

Competitive, market-driven pricing

Escrow-based settlement for secure execution

Private, off-market transactions

Fast and rel",2,1.0,3,https://www.reddit.com/r/CryptoMoonShots/comments/1rgxjtd/a_place_you_can_sell_your_locked_liquidity_to/,CryptoMoonShots,2026-02-28 08:40:51,0,FAKE,reddit_CryptoMoonShots
"We're doing a meme contest for $ANUBIS — winner gets 1M tokens, and yes this is a real rescued cat 🐾","Hey everyone, I'm the dev behind $ANUBIS — a Solana memecoin inspired by my rescued black cat Anubis who has green eyes.
This isn't just another dog coin clone. The whole mission is built around #FeedWithAnubis — community members feed stray cats, take photos, and share them. Real world impact from a memecoin, small but genuine.
We're running a meme contest giveaway — best $ANUBIS meme wins 10 million tokens.
How to enter:
Create a meme using $ANUBIS
Post it in the comments
Winner picked 1st of March by community vote
Why so early?
$3900 mcap. You're basically a founder if you buy right now.

Anubis was rescued from the streets of Romania — a black cat with striking green eyes who inspired not just a coin, but a mission. Every holder is part of the pride. We believe a memecoin can actually do something good in the world, even at $3900 mcap.


$ANUBIS Official Links
🌐 Website: https://anubiscoin.vercel.app/
💊 Buy: https://pump.fun/coin/EEEAy67HDAUeFYGs2qwShj8ndGqVgrHvDSEkXR5fpump
📋 CA: ",3,0.81,1,https://www.reddit.com/r/CryptoMoonShots/comments/1rg7t2q/were_doing_a_meme_contest_for_anubis_winner_gets/,CryptoMoonShots,2026-02-27 14:14:29,0,FAKE,reddit_CryptoMoonShots
Stop Wasting Bandwidth: Earn Passive Income with Grass that is built on Solana,"**Fuel the AI Revolution with Grass.**

AI needs massive amounts of data to learn, and **Grass** is the bridge. As a leading DePIN project on Solana, Grass lets you contribute your spare bandwidth to power the next generation of Artificial Intelligence. You provide the rails for AI data collection; we provide the rewards. Secure, decentralized, and entirely passive.

**Why Grass Is Getting Attention**

* **AI × DePIN Combo:** Your bandwidth helps power data pipelines for AI models — and you get paid.
* **Early-Stage Advantage:** Still early, could grow into key infrastructure for AI data sourcing.
* **Actual Passive Income:** Install → run in the background → collect rewards. No mining, no tasks.
* **Extra Bonus:** Use **SEsneMoIYQS6M3w** at signup for **5,000 extra points**.
* **Built on Solana:** Fast, cheap, and well-suited for DePIN scaling.

🛠️ How to Start (Takes \~2 Minutes)

1. Register: [https://app.grass.io/register?referralCode=SEsneMoIYQS6M3w](https://app.grass.io/register?",5,0.86,6,https://www.reddit.com/r/CryptoMoonShots/comments/1rg0asr/stop_wasting_bandwidth_earn_passive_income_with/,CryptoMoonShots,2026-02-27 07:36:12,0,FAKE,reddit_CryptoMoonShots
"Memecoin Alert: Solfart - 200k$ In Token Presale, 4.7M views, 263K engagements, 1306 Holders","Solfart. Yes, the name. I know. Stay with me for 60 seconds.

Website: www.solfart.io
Community: reddit.com/r/solfart
Founders interview: https://crypto.news/explore-solfart-founders-reveal-listing-targets-1b-ambition-meme-power/

Someone pulled a full social analytics report across LinkedIn, YouTube, X, Reddit, Instagram, and TikTok. Three months of data on Solfart. The report's been circulating on Solfart subreddit, discord and X, what's in it is ridiculous for a presale at this stage.

4.76 million views. 263,000 engagements. 43,000 mentions. Litteraly more than BONK and PENGU, but a less than Dogecoin. Sentiment: 50% joy, 26% surprise, 0% anger. Zero percent anger in a crypto community. I've been in this space since 2020 and I've never seen that number before. Most presale communities are 40% anger on a good day.

The presale has raised $200,000 from 1,306 wallets. That means 99.97% of the people who already know about Solfart haven't bought yet. 4.7 million watching. 1,304 bought.",76,0.87,24,https://www.reddit.com/r/CryptoMoonShots/comments/1redo8z/memecoin_alert_solfart_200k_in_token_presale_47m/,CryptoMoonShots,2026-02-25 13:47:49,0,FAKE,reddit_CryptoMoonShots
🎁 GoMining Bitcoin Mining — Get 1 Month FREE VIP (Platinum I) + Extra TH 🚀,"Want to start GoMining with VIP benefits from day one?

### 👉 Start here:
https://gomining.com/?ref=ICjK3  

### Then:
Add my Promo Code **ICjK3** to your profile  
Activate it within 30 days after registration  
Free VIP activation starts from February 26

That’s it.  
You’ll unlock **1 month of VIP Platinum I benefits for free.**

---

## 💎 What you get during your free VIP month:

• 📈 Simple Earn multiplier x1.2  
• 💳 2% card cashback  
• ⚡ 2.1% lower maintenance fees  
• 🎮 15% discount on Miner Wars boosts  

A real performance upgrade from day one.

---

## 🔥 And you can stack the bonuses:

• +5% extra hashpower on your first miner  
  with Promo Code **ICjK3**

• Activate the GoMining credit card  
  → Get a **FREE 1 TH / 15W miner**

• Spend your first $100 with the card  
  → Get **$20 in TH cashback**

• Miner prices currently reduced by 10%

• Task Miner to explore before scaling

• Simple Earn for additional yield inside the app

Create your account.  
Add the code.  
Activa",2,0.75,2,https://www.reddit.com/r/CryptoMoonShots/comments/1rff8sg/gomining_bitcoin_mining_get_1_month_free_vip/,CryptoMoonShots,2026-02-26 16:45:03,0,FAKE,reddit_CryptoMoonShots
Why $LXVII?,"After every correction, most projects fade away. Hype disappears, volume slows down, and conviction gets tested. That’s the phase where you see what’s real — and what was only momentum.

$LXVII is fully decentralized.

No paid influencers.

No venture capital pushing artificial pumps.

No unrealistic promises or fake APY.

What you see is pure community power.

We are building step by step with structure and transparency. We have a public treasury wallet designed to support long-term development, liquidity strength and future expansion. Governance is launching soon, giving holders real influence over decisions like treasury usage and ecosystem direction.

Our focus is simple:

• Strengthen liquidity

• Expand the holder base

• Build a resilient community

• Prepare for long-term exchange growth

This is not a short-term flip token. It’s a foundation designed to survive corrections and grow through conviction, not hype.

If you believe in organic growth and real decentralization on Sol",1,1.0,2,https://www.reddit.com/r/CryptoMoonShots/comments/1rfkyru/why_lxvii/,CryptoMoonShots,2026-02-26 20:11:54,0,FAKE,reddit_CryptoMoonShots
"Patos Meme Coin Launches ""$PATOS Games"" | P2E &amp; GameFi on Solana","# Where to buy $PATOS Meme Coins today? 

[**PatosMemeCoin.com**](http://PatosMemeCoin.com)

# Today, PATOS Games Launched | P2E &amp; GameFi on Solana

The narrative on Solana has shifted so people are now understanding what 'brand value' is and why its' important.

While most presales are drowning in ""ghostware"" promises, **Patos Meme Coin** has solidified its position as the top contender through verified exchange confirmations and massive marketing saturation. Today, the project adds another layer of dominance with the official unveiling of **Patos Games**, its dedicated GameFi/P2E branch.

The ecosystem is expanding in real-time. The first title, **$PATOS HUNT**, is live and playable right now at **Patos.Games**. This isn't just a tech demo—it is a competitive platform with a prize pool. Starting March 1st, the top monthly scorer will win **USD $111 in $PATOS Tokens** (the current beta round features an $11 prize to stress-test the leader-board).

# 🕹️ The Patos Games Ecosystem

*",95,0.96,58,https://www.reddit.com/r/CryptoMoonShots/comments/1rf1gxb/patos_meme_coin_launches_patos_games_p2e_gamefi/,CryptoMoonShots,2026-02-26 05:16:29,0,FAKE,reddit_CryptoMoonShots
"Join Magnum, a Locked Liquidity Marketplace to Meet Your Locked Liquidity and Liquid Cash Needs: Fast, Secure and Reputable. Any time, any chain, any size.","Locked liquidity represents real capital, but for many founders, teams, and liquidity providers, that capital is trapped behind long unlock periods while new opportunities require cash today.

Magnum was built to bridge this gap.

Magnum is a dedicated locked liquidity marketplace designed to help holders of locked LP positions convert locked value into liquid cash, safely and efficiently, before unlock dates.

\---

What Magnum Solves

The locked liquidity market has long relied on informal OTC deals, which often lead to:

Unverified or unreliable buyers

Poor or unfair pricing

Counterparty risk

Slow and inefficient negotiations

Magnum replaces this with a structured, professional, and secure marketplace built specifically for locked liquidity transactions.

\---

What You Get with Magnum

Access to a network of 150+ verified and trusted buyers

Competitive bidding to ensure fair market pricing

Escrow-based settlements to protect both parties

Private, off-market transactions with",1,1.0,6,https://www.reddit.com/r/CryptoMoonShots/comments/1rfa36y/join_magnum_a_locked_liquidity_marketplace_to/,CryptoMoonShots,2026-02-26 13:25:18,0,FAKE,reddit_CryptoMoonShots
The XAISTRAT Alpha Report,"The contract has a hard-coded ""Entry Ceiling"" of $55M. We are currently looking at the final $2M window. Once that hits, the ""Primary Liquidity Vaults"" seal permanently. We are in the final 4% of the early-access phase.



Why XAISTRAT is the 2026 Power Play:

MEV-Shielded Execution: They’ve pioneered a ""Zero-Slippage Pipeline."" Transactions don't sit in a public mempool where bots can sniff them out. They execute via private, shielded corridors. If the price isn't the exact quote you clicked, the trade never hits the chain.



Velocity-Based Dividends: Forget ""inflationary rewards."" XAISTRAT generates revenue from the actual throughput of the network. You’re earning a fractional piece of every merchant transaction settled on the rail.



September Go-Live: This is a finished product. I’ve personally seen the Mainnet-v1 stress tests on the dev-branch. The latency is sub-100ms, and it’s already absorbing institutional-grade volume without breaking a sweat.



The Countdown is Live

The ",2,1.0,2,https://www.reddit.com/r/CryptoMoonShots/comments/1rf3pc2/the_xaistrat_alpha_report/,CryptoMoonShots,2026-02-26 07:21:55,0,FAKE,reddit_CryptoMoonShots
🧻 Is Toilet Paper the most honest meme coin this cycle?,"Okay, I genuinely need opinions on this.

I came across a Solana meme coin literally called Toilet Paper, and their entire tagline is “Built to wipe the dumps.”

At first I laughed. Then I paused.

Because in a market full of “AI-powered gaming ecosystems,” “next-gen Layer 2 scaling solutions,” “real-world asset tokenization platforms,” and endless roadmap promises with glossy infographics and countdown timers… this thing is doing the exact opposite.

From what I can see:

	•	No fake roadmap graphics

	•	No overcomplicated “utility” pitch

	•	No metaverse + staking + AI combo buzzwords

	•	No whitepaper claiming to disrupt global finance

	•	Just meme energy and community grind

	•	Around 35k market cap

	•	Around 80 holders

And that contrast is what made me stop scrolling.

It’s not trying to be the next Doge clone. It’s not pretending to reinvent another meme. It’s not dangling vague partnerships or “stealth mode” announcements to keep people guessing.

It’s leaning directly into wh",2,1.0,3,https://www.reddit.com/r/CryptoMoonShots/comments/1reuooe/is_toilet_paper_the_most_honest_meme_coin_this/,CryptoMoonShots,2026-02-26 00:08:38,0,FAKE,reddit_CryptoMoonShots
Noticed Large Energy Sell Orders Live on TronMax – Thoughts?,"Hey guys, wanted to share something interesting about TronMax. Some large Energy sell orders are now live on TronMax and waiting to be filled, including big allocations for both short-term and longer durations.

 From what I’ve seen, this could be useful for users who want stable energy access instead of burning TRX on every transaction, especially during high activity periods.and i am saying this genuinely and they are genuine 

And  the platform TronMax seems to support multiple use cases around TRON resources. You can stake TRX to generate energy, rent energy when needed for transactions, or even sell excess energy if you’re a long-term staker. That flexibility could help both frequent users and passive holders optimize their costs and returns.

It also looks like wallet connectivity is straightforward, which makes managing staking, renting, or selling energy more seamless without constantly switching tools.

If anyone want a give a try you can visit TronMax website TronMaxm.io
Eith",3,1.0,1,https://www.reddit.com/r/CryptoMoonShots/comments/1regxr1/noticed_large_energy_sell_orders_live_on_tronmax/,CryptoMoonShots,2026-02-25 15:52:30,0,FAKE,reddit_CryptoMoonShots
"Solfart Crossed $200K Raised. 1,304 wallets. Solfart Buttheads NFT Live","
I've been posting about Solfart here for a few weeks now and the numbers keep moving faster than I can update. So here's where everything stands right now because a lot has changed and I think people looking for the best crypto presale this cycle need to see the full picture.

- Website: [www.solfart.io](https://www.solfart.io)
- BeInCrypto: [Solfart x BeInCrypto AMA Session](https://beincrypto.com/solfart-x-beincrypto-ama-session-solfart-token-presales-top-1-billion-solf-a-new-memecoin-bridging-sol-eth-communities/)
- Founders Reveal Listing Targets: [CryptoNews](https://crypto.news/explore-solfart-founders-reveal-listing-targets-1b-ambition-meme-power/)
- Buttheads NFT Collection - Free Mint For Solfart Buyer 1000$+

$200,305 raised. Just crossed the $200K mark. 1,304 wallets in the presale. 984,782,945 tokens sold out of 1,957,420,202 in Stage 2. That's 54% of this stage gone. 45.98% remaining.

When I first posted about Solfart it was sitting around $193K with 1,276 wallets. That ",159,0.94,121,https://www.reddit.com/r/CryptoMoonShots/comments/1rdbz9a/solfart_crossed_200k_raised_1304_wallets_solfart/,CryptoMoonShots,2026-02-24 09:46:50,0,FAKE,reddit_CryptoMoonShots
"Locked Liquidity is Liquid Money with Magnum Locked Liquidity Marketplace. Get the Best Quote from a Network of 150+ Verified Buyers. Secure, Fast, Any Time, Any Chain, Any Size.","Locked liquidity holds real value, but for most founders, teams, and LP holders, that value is stuck behind long unlock dates while new opportunities move fast.

This is where Magnum comes in.

Magnum is a specialized locked liquidity marketplace built to help liquidity holders sell their locked LP positions before unlock, by connecting them directly to a network of 150+ verified and trusted buyers through a secure, escrow-based, competitive bidding process.

\---

Why Locked Liquidity Is Still Liquid Money

Locked liquidity is not worthless capital. It has measurable market value based on:

Remaining lock duration

LP depth and token composition

Chain-specific demand

Trading activity and OTC conditions

The problem has never been value.

The problem has been access.

Magnum turns locked liquidity into usable capital, without waiting months or years for unlock dates.

\---

Why Magnum Is Different

Most locked liquidity deals still happen in informal OTC chats, exposing sellers to:

",2,1.0,2,https://www.reddit.com/r/CryptoMoonShots/comments/1re8wy1/locked_liquidity_is_liquid_money_with_magnum/,CryptoMoonShots,2026-02-25 09:43:07,0,FAKE,reddit_CryptoMoonShots
Why SuiBets is Light-Years Ahead of Any Other Betting Platform?,"In 2026, betting on sports is no longer the same as it was five years ago. Traditional houses (Bet365, Betano, Pinnacle, etc.) continue to charge abusive margins, block withdrawals, limit winning accounts, require invasive KYC, and operate on centralized servers that can disappear with a court order or a hacker attack. 

Meanwhile, ""semi-decentralized"" crypto platforms still rely on dubious oracles, fund custody, and backdoors that allow the platform owner to interfere with results.

SuiBets is different. It's the first fully on-chain sports betting protocol built natively on the Sui blockchain — and that changes everything.

At SuiBets, every bet you place is recorded as an on-chain object. This means:

You can literally check the Sui explorer (Suiscan or similar) and see the smart contract that holds your bet, the exact amount, the odds at the time of placement, the referenced sports event, and the settlement conditions.

The result doesn't depend on an employee's word or a private f",78,1.0,1,https://www.reddit.com/r/CryptoMoonShots/comments/1rdl0t5/why_suibets_is_lightyears_ahead_of_any_other/,CryptoMoonShots,2026-02-24 16:32:58,0,FAKE,reddit_CryptoMoonShots
"The $53M Whales just left $2M on the table. Clardun (CLD) is about to close the ""Institutional"" presale phase.","I don’t usually post here unless the on-chain data is screaming. Most of you are out here chasing cat-coins while the smartest money on the Base network is silently piling into Clardun (CLD).

They are building an Atomic Settlement Engine (the 'Visa of Base'). They just hit $53M in their funding round—mostly from merchants and liquidity providers who are tired of losing 1% of every trade to sandwich bots.

The Alpha: The hard cap is hard-coded at $55M. Once that final $2M is gone, the ""Reserve Warehouses"" lock up for the public and move to the secondary market. We are literally in the final 4% of the raise.

Why it’s a Moonshot:

\*   Bot-Killer Tech: No more 'Pending' transactions. If the price isn't exact, it doesn't execute. No bots = No slippage.



\*   Real Yield: You aren't earning 'inflation' tokens. You’re earning a cut of the settlement fees paid by merchants.



\*   September Mainnet: The tech is already being stress-tested by early investors (I’ve seen the dev-branch, it’s",219,1.0,7,https://www.reddit.com/r/CryptoMoonShots/comments/1rcqyh8/the_53m_whales_just_left_2m_on_the_table_clardun/,CryptoMoonShots,2026-02-23 19:18:52,0,FAKE,reddit_CryptoMoonShots
Zoological wildlife foundation,"

🌟 **Join the Wildest Crypto Community!** 🌟

🐾 **Introducing the Zoological Wildlife Foundation Token ($ZWF)** 🐾

Are you ready to make a REAL difference in the world? The Zoological Wildlife Foundation is not just another crypto project; we’re on a mission to save endangered animals and provide them with the care they truly deserve! 

With our token, you’re supporting wildlife conservation efforts that include vet care, repairs, and enrichment for our furry, feathered, and scaly friends. Imagine being part of a community that directly impacts the lives of amazing animals like ligers, jaguars, servals, and chimps!   

🔗 **Official Contract:** 8HG4Daq9kWa7We47MzokVQKTBjKott5fAFWu2TA1pump  
📊 **DexScreener:** [ZWF on DexScreener](https://dexscreener.com/solana/5k7xl97avrckfveq6d7a2ynws5bpjqct5iuecre3kag)  

💙 **Why Join Us?**  
- **REAL impact on wildlife conservation!** We're not just about the numbers; we’re about saving lives!  
- **Support for vet care, repairs, and enrichment** of ",87,1.0,1,https://www.reddit.com/r/CryptoMoonShots/comments/1rdfyxk/zoological_wildlife_foundation/,CryptoMoonShots,2026-02-24 13:16:31,0,FAKE,reddit_CryptoMoonShots
Early Access+ Virtual card,"Here

I’ve bn thinking about crypto adoption in the Philippines, and honestly, we’re still in that awkward middle stage. A lot of people hold USDT, USDC, or BTC, especially freelancers, traders, and even some OFWs — but actually spending it in daily life is still inconvenient.

Most of the time it’s wallet → exchange → convert → withdraw → wait → then finally use it. It works, but it’s not seamless. And when markets move fast, that extra friction can be frustrating.

I recently saw that AIXPay Visa Card is planning to launch in the Philippines. From what I understand, it allows you to fund a Visa card directly with crypto and spend it anywhere Visa is accepted — malls, online stores, food delivery apps, subscriptions, even overseas travel. If the execution is smooth (low fees, minimal declines, solid compliance), that could actually make crypto more practical here.

I’m less interested in hype and more in utility. Real adoption isn’t about price charts — it’s about whether people can u",168,1.0,1,https://www.reddit.com/r/CryptoMoonShots/comments/1rdd38q/early_access_virtual_card/,CryptoMoonShots,2026-02-24 10:54:04,0,FAKE,reddit_CryptoMoonShots
"Believe In Projects Who Have IRL Initiatives? If So, Read This!","Kendu initially started off as a memecoin dominating social media, but has expanded to both bridging crypto to IRL, whilst still being statistically one the most mentioned tokens across the main crypto social media platforms like Reddit, X and Stocktwits.

No other project has anything like the community that Kendu has and it is only gonna get more intense as the **Kendu Wave Rises**

**The next runner is being built in the slower markets, they do not come out of nowhere...**

Here is our insane catalogue of over 25 community led IRL initiatives so far:

* Kendu Coffee
* Kendu Energy
* Kendu Merch
* Kendu Hotdog Stand in Florida
* Kendu animation 
* Kendu Board Game
* Kendu Creator
* Kendu Jewellery
* Kendu Beer
* Kendu Video Games
* Tattoos 
* Murals
* Kendu Entertainment
* KenduSTREET
* Kendu Vapes
* Kendu Plushies
* Kendu Vendu
* Kendu Press 
* Kendu Hand Cream
* Kendu Discs
* Kendu Sneakers
* Kendu Spice
* Kendu Radio Show
* Kendu Brilliance
* Kendu Unleashed
* KenduLuxe
* Kendu Fo",39,0.98,20,https://www.reddit.com/r/CryptoMoonShots/comments/1rcwp4i/believe_in_projects_who_have_irl_initiatives_if/,CryptoMoonShots,2026-02-23 22:49:22,0,FAKE,reddit_CryptoMoonShots
Solana Meme Coin PATOS will likely outperform SOL ROi,"Where to Buy?  [PatosMemeCoin.com](http://PatosMemeCoin.com)   
  
See article below about Crypto Whales that are DCAing into project.  Smart money sees something here.

# 🚀 $PATOS: The Solana Presale Dominating the Charts with 8 Confirmed CEX Listings

In a market saturated with ""vaporware"" and ""ghost chains,"" **Patos Meme Coin** has emerged as the definitive alpha play on Solana. While other projects hide behind complex jargon and unfulfilled roadmaps, $PATOS is delivering high-octane reality. Per verified crypto exchange confirmations, aggressive global marketing saturation, and a massive technical ""flex"" from the dev team regarding a custom utility product announced last week, this isn’t just another meme—it’s a liquidity magnet.

Stop falling for the ""hopium"" of brands peddling false claims and pivot to data-backed reality. Patos Meme Coin has already secured **8 CEX listing confirmations**. For those looking to escape the ""mid-curve"" and achieve the gains every investor dreams of",689,0.87,16,https://www.reddit.com/r/CryptoMoonShots/comments/1rctjj7/solana_meme_coin_patos_will_likely_outperform_sol/,CryptoMoonShots,2026-02-23 20:50:34,0,FAKE,reddit_CryptoMoonShots
What to do next,"Hi everyone,

I’m reaching out because I’ve hit a bit of a wall, and I’m feeling pretty dumbfounded lately. I’ve spent a significant amount of time and money diving into the crypto world, trying various strategies to turn a profit, but so far, I’ve mostly succeeded in creating a hole in my pocket.

Currently, I find myself ""tool-rich but strategy-poor."" I’m paying for several high-end subscriptions—I have a **Cielo Whale/Pro subscription** for on-chain tracking and a **Birdeye API** for real-time data—but I’m struggling to translate that raw data into a consistent, profitable system.

**My background:** I’m solid when it comes to **coding and development**. I’m comfortable building scripts and working with APIs, so the technical side isn't the barrier for me. I’ve been considering building a custom sniper bot or a specialized tracker, but the market feels so saturated with MEV bots and high-frequency institutional players that I’m questioning if that’s even the right move anymore.

**M",1,1.0,5,https://www.reddit.com/r/CryptoMoonShots/comments/1rd9yio/what_to_do_next/,CryptoMoonShots,2026-02-24 07:38:57,0,FAKE,reddit_CryptoMoonShots
Why I'm switching my focus to 1024ex this week,"I've been using a mix of different DEXs lately, but the fees and the lag are starting to drive me crazy. I heard about 1024ex because of their focus on AI-driven execution and after checking their dev docs, I'm pretty intrigued. Most platforms just give you basic limit orders, but 1024ex seems to be leveraging their own L1 to offer more advanced stuff that you usually only see on high-end CEXs. The fact that they have their own block explorer ([https://www.google.com/search?q=testnet-scan.1024chain.com](https://www.google.com/search?q=testnet-scan.1024chain.com)) already showing activity is a huge green flag for me. The official Mainnet Alpha starts tomorrow night, Feb 24 at 9 PM ET. I’m planning to run some small tests to see if the execution speed actually lives up to the hype. If it does, I’m probably moving the majority of my active trading volume over there. The combination of an integrated prediction market and the social square just makes it a way better user experience than jum",15,0.85,3,https://www.reddit.com/r/CryptoMoonShots/comments/1rcmpv0/why_im_switching_my_focus_to_1024ex_this_week/,CryptoMoonShots,2026-02-23 16:50:57,0,FAKE,reddit_CryptoMoonShots
Anyone here looked into stak. fyi? Trying to understand how it works,"Hey folks,

I recently came across **stak. fyi** while browsing around DeFi Twitter and wanted to see if anyone here has looked into it or tried it.

From what I understand, it’s a yield product where you deposit USDC and receive a token (STAK) that represents your position. The pitch seems to be that it combines real-world asset (RWA) yield with on-chain DeFi strategies. So instead of just farming on Curve or lending on Aave, it’s layering different yield sources together.

What caught my attention:

* They mention exposure to real-world credit (mortgage-based assets in regulated jurisdictions).
* There’s also Curve LP + StakeDAO boost involved, so some of the yield is clearly DeFi-native.
* It’s positioned as a liquid token, so you’re not locked in the same way you might be with some RWA platforms.

That said, I’m trying to figure out the risk side of this:

* How much transparency is there around the real-world asset backing?
* Who’s actually managing the off-chain exposure?
* Are t",1,1.0,1,https://www.reddit.com/r/CryptoMoonShots/comments/1rd92xo/anyone_here_looked_into_stak_fyi_trying_to/,CryptoMoonShots,2026-02-24 06:46:01,0,FAKE,reddit_CryptoMoonShots
Getting to Know the Memecoin $DOG: A Community Token with Massive Liquidity.,"Over the past decade, the meme coin phenomenon has become a significant part of the global crypto ecosystem, starting with pioneers like Dogecoin and continuing through various new coins with similar themes. 
One currently much talked about is $DOG, a memecoin that has grown through broad community support and significant liquidity efforts. 

What Is $DOG? 

$DOG itself is the face of a legend (the crypto dog). It is a meme token founded and strengthened by its user community. 
Unlike tokens created by large firms or institutional investors, $DOG grew through the direct participation of community members, from discussions to viral campaigns. Its main uniqueness lies in its focus on organic community growth and its growing trading volume/market liquidity, along with its adoption by traders and retail investors. 

Liquidity Strategy 

One of $DOG's main focuses recently has been expanding its token's liquidity, which will positively impact the ability to buy or sell assets without drasti",90,1.0,3,https://www.reddit.com/r/CryptoMoonShots/comments/1rcm3uw/getting_to_know_the_memecoin_dog_a_community/,CryptoMoonShots,2026-02-23 16:29:24,0,FAKE,reddit_CryptoMoonShots
BlackBox - Cross-chain confidentiality protocol on testnet. No token yet. Early look at the tech before launch.,"Most privacy tools in crypto force you into a bad tradeoff. Use a mixer, gain confidentiality, lose fungibility. Exchanges flag your withdrawal address. DApps block your wallet. Your ""clean"" assets become tainted the moment you touch a privacy protocol.

BlackBox takes a different approach at the cryptographic level, and the testnet is live right now.

THE TECH

BlackBox uses ECDSA One-Time Signature (OTS) keys to sever the on-chain link between your deposit and withdrawal address. This is not zero-knowledge proofs with a trusted setup ceremony. It is not ring signatures with a limited anonymity set. It is a pre-generated key scheme where each key works exactly once, stored in a Merkle tree on-chain, verifiable without revealing any other key in the set.

How it works in three steps:

* You deposit to the BlackBox smart contract on any supported chain. The deposit is public but cryptographically unlinked to any future withdrawal.
* Distributed backend nodes generate your OTS keys in un",89,1.0,5,https://www.reddit.com/r/CryptoMoonShots/comments/1rcefcb/blackbox_crosschain_confidentiality_protocol_on/,CryptoMoonShots,2026-02-23 10:57:21,0,FAKE,reddit_CryptoMoonShots
Duel com - The First 0% House Edge Crypto Casino Just Launched,"Alright degens, listen up. If you’re tired of getting silently drained by low-RTP slots, fake-bet influencers, and shady withdrawal games… this is the post you’ve been waiting for.

Duel com is flipping the entire crypto gambling industry on its head.

**WHY SHOULD YOU CARE?**

Let me ask you something — how many times have you deposited into a crypto casino, played some slots, and watched your balance evaporate faster than a shitcoin after a dev dump? Yeah, that's because every single major casino out there is quietly running LOW RTP versions of their slots to maximize how hard they fuck you. They don't tell you this. They don't advertise it. They just silently switch the RTP to the lowest setting the provider allows and watch you bleed.

**Duel com does the EXACT OPPOSITE.**

Every single slot on Duel is set to the ABSOLUTE MAXIMUM RTP that the provider allows. No sneaky low-RTP versions. No hidden settings designed to drain you. Just the highest possible return, period. 📈

But here'",0,0.47,2,https://www.reddit.com/r/CryptoMoonShots/comments/1rbw9fd/duel_com_the_first_0_house_edge_crypto_casino/,CryptoMoonShots,2026-02-22 20:15:39,0,FAKE,reddit_CryptoMoonShots
$NEXO - DCA or skip ?,"Hey guys, I’ve been watching $NEXO for a while now, and I’m honestly surprised it doesn’t get more attention. It’s managed to stay in the top 70–100 on CMC even through bearish cycles, which says something about its resilience.

For anyone unfamiliar, Nexo is a CeFi platform launched in 2018. They offer crypto-backed loans, interest-earning accounts, credit lines, and a card. The NEXO token unlocks perks like better rates, cashback, and other platform benefits.

What’s caught my eye recently is their push into branding. They’ve partnered with the DP World Tour and Dallas Open, sponsored six major golf events in 2025, and last month announced a partnership with Audi F1 and their logo is already on the car before the season even starts.

On the regulatory side, they exited the U.S. previously in 2023 and this had huge sell pressure on the token, but in 2026 their co-founder stated they’re planning a return to the U.S. market and already they did last week, which could be a positive when ",323,1.0,4,https://www.reddit.com/r/CryptoMoonShots/comments/1rcc5ci/nexo_dca_or_skip/,CryptoMoonShots,2026-02-23 08:38:48,0,FAKE,reddit_CryptoMoonShots
"Your Ideal Locked Liquidity Marketplace to Sell Your Locked Liquidity: Secure, Fast and Reliable. Any Time, Any Chain, Any Size.","Locked liquidity holds real market value, but for many founders, teams, and LP holders, that value is locked away behind long unlock periods while opportunities move fast.

More information from our socials:

Tg : t[.]me/sellockedliquidity

This is exactly the problem Magnum was built to solve.

Magnum is a dedicated locked liquidity marketplace that allows holders of locked LP positions to sell before unlock, by connecting them with a network of 150+ verified and trusted buyers through a secure, escrow-based, competitive bidding process.


---

Why Locked Liquidity Needs a Real Market

Most locked liquidity deals today still happen in informal OTC chats. This exposes sellers to:

Unverified buyers

Weak or arbitrary pricing

Counterparty risk

Slow and inefficient negotiations


As a result, liquidity with clear value remains unusable for months or even years.

Magnum replaces this with a structured, professional, and reliable marketplace.


---

Why Magnum Is the Ideal Locked Liquidi",112,1.0,1,https://www.reddit.com/r/CryptoMoonShots/comments/1rcdwiz/your_ideal_locked_liquidity_marketplace_to_sell/,CryptoMoonShots,2026-02-23 10:26:40,0,FAKE,reddit_CryptoMoonShots
"$TRAP Launches Feb 21, Utilities, Weekly Rewards, and a Fully Doxxed Team","With **$TRAP launching on Feb 21**, what stands out is that this isn’t just a token with a narrative, there’s an actual ecosystem being built around it. Beyond the core mechanics like the **Section8 Pool** (which routes 1% of every trade into a community fund with weekly Friday payouts to verified grinders), the project is also expanding into multiple utilities from day one.



The roadmap includes **TG bots, NFT integrations, and even video game elements**, aiming to create an ecosystem where the token has use cases beyond simple trading. That layered approach gives the project more depth than the typical launch that relies purely on hype cycles. At the same time, verification for rewards is done through simple phone-based checks, keeping participation accessible while still filtering out obvious abuse.



Security and accountability also seem to be a focus. The team has a **fully doxxed developer**, which adds a level of transparency that many early-stage crypto projects don’t provid",93,1.0,9,https://www.reddit.com/r/CryptoMoonShots/comments/1rbyqqp/trap_launches_feb_21_utilities_weekly_rewards_and/,CryptoMoonShots,2026-02-22 21:48:07,0,FAKE,reddit_CryptoMoonShots
A Poem About A Memecoin Important To Me!,"Here is a poem about a memecoin called Kendu, it has over 25 IRL community owned businesses including energy drinks, spices and so much more

Chads and Chadettes working endlessly with a relentless desire,

all other projects can only stand back and admire.

Conquering all social media platforms,

Where each post matters no matter how big or small.

Kendu is more than a memecoin, it has grown to be a brand, 

When the market turns everyone will see the demand,

We are here to change the game forever and so many turn up daily no matter the weather

As a community we are unstoppable, success isn’t just probable…

It is inevitable.

We Don't Gamble, We Work

[r/KenduInu\_Ecosystem](/r/KenduInu_Ecosystem/)

ETH: 0xaa95f26e30001251fb905d264Aa7b00eE9dF6C18

SOL: 2nnrviYJRLcf2bXAxpKTRXzccoDbwaP4vzuGUG75Jo45

BASE: 0xef73611F98DA6E57e0776317957af61B59E09Ed7

CG: [https://www.coingecko.com/en/coins/kendu](https://www.coingecko.com/en/coins/kendu)

CMC: [https://coinmarketcap.com/currencies/kend",0,0.41,4,https://www.reddit.com/r/CryptoMoonShots/comments/1rbcsmn/a_poem_about_a_memecoin_important_to_me/,CryptoMoonShots,2026-02-22 04:54:01,0,FAKE,reddit_CryptoMoonShots
Early stage Solana project focused on ocean conservation,"Project overview:

$SAVE (OceanSave)

- Chain: Solana
- Market Cap: ~$30k
- Token Age: 5 days
- Focus: Marine conservation &amp; ocean impact
- Mission: Protect sea turtles, restore reefs, fund cleanups
- Doxxed Dev: Peter Senius (launched TassHub which reached multi-million MC)
- Community-driven
- New website live

Contract Address (CA):
5TwPKDtb1xhLDCrDqyCJgK6b1tt8LFuucTu8nh6J1UyB

OceanSave combines blockchain transparency with real-world environmental initiatives, aiming to build a sustainable and purpose-driven ecosystem on Solana. The vision is simple — use crypto as a funding mechanism to support ocean conservation efforts while building a strong, engaged community around the mission.

At a ~$30k market cap and only 5 days old, this is still extremely early. Projects at this stage are all about narrative, leadership and community strength. Having a doxxed developer in Peter Senius, who previously launched TassHub to multi-million market cap levels, adds an extra layer of credib",97,1.0,1,https://www.reddit.com/r/CryptoMoonShots/comments/1rbd2iw/early_stage_solana_project_focused_on_ocean/,CryptoMoonShots,2026-02-22 05:08:10,0,FAKE,reddit_CryptoMoonShots
Patos Meme Coin Has a Ton of News Hype,"Name: PATOS ($PATOS)

Official Site: PatosMemeCoin.com

Official Subreddit: [r/PatosMemeCoin](https://www.reddit.com/r/PatosMemeCoin/)

Purchase Options:

— Solana ($SOL), Binance Coin ($BNB), Ethereum ($ETH)

— $USDT or $USDC on either network

Current Price: $0.000139999993 (first round)

Price increases 7.2% in the next round.

Tokens Sold / Total Token Supply (first round): 877,214,712.27  / 1,111,111,111.11

Total Token Supply: 232B

CA Address &amp; WhitePaper can be found on front page of Official site (listed above)

# Summary Alpha: Crypto Millionaire Print Forumula

— Whale Accumulation: On-chain data confirms major Solana whales are actively buying, with single wallets building upwards of exceeding 18 million tokens IN HOLDINGS.

— Unprecedented Exchange Network: The project has already secured 8 major Centralized Exchanges (including BiFinance &amp; Biconomy), with 3 Decentralized Excanges expected, and targets an aggressive 111 listings for debut week on CEXs

— Top Presal",404,1.0,13,https://www.reddit.com/r/CryptoMoonShots/comments/1raayqu/patos_meme_coin_has_a_ton_of_news_hype/,CryptoMoonShots,2026-02-20 23:21:04,0,FAKE,reddit_CryptoMoonShots
How to Find Early Solana Gems in 2026 (Before Everyone Else),"# How to Find Early Solana Gems in 2026 (Before Everyone Else)

Every cycle, people search:

* “Best Solana gems 2026”
* “Early Solana tokens to buy”
* “Low cap Solana coins”

But by the time something is called a “gem” publicly, it’s usually already discovered.

So how do you actually find early Solana projects before mass attention?

This guide explains the framework serious investors use — and applies it to a real case study: \*\*RROTA ($RTA)\*\*.

\---

# Step 1: Start With On-Chain Transparency

Solana allows full token inspection.

Before looking at price charts, verify:

* Mint authority revoked
* Freeze authority revoked
* Supply fixed
* No suspicious mint activity

If these are not revoked, supply risk exists.

\*\*RROTA has mint and freeze authority revoked\*\*, meaning no additional tokens can be created and wallets cannot be arbitrarily frozen.

That immediately places it above many early-stage launches structurally.

\---

# Step 2: Analyze Liquidity Depth

A common mistak",2,1.0,1,https://www.reddit.com/r/CryptoMoonShots/comments/1rb4tgh/how_to_find_early_solana_gems_in_2026_before/,CryptoMoonShots,2026-02-21 22:41:35,0,FAKE,reddit_CryptoMoonShots
Why Clardun Feels Different for Decentralized Trading and Payments,"From my perspective, what separates Clardun from typical decentralized exchanges is how it approaches liquidity and settlement. Instead of relying on traditional on-chain order books which can be expensive to manage and vulnerable to MEV manipulation or standard AMM pools, it uses a ""Dynamic Reserve Warehouse"" model.

What I personally like is the instant finality. On most platforms, you submit a trade and hope the slippage or block delay doesn't completely change your execution price. With Clardun, there is no order book. The smart contract fetches the best conversion rate from registered reserves, and the trade happens in a single, atomic transaction. If the exact rate isn't available, the transaction simply reverts. Your funds are never held in a ""pending"" or escrow state, which essentially removes the custody risk that plagues both centralized and decentralized exchanges.

For me, the appeal is not just about trading. It is the infrastructure. They are also building out on-chain de",189,1.0,4,https://www.reddit.com/r/CryptoMoonShots/comments/1rana72/why_clardun_feels_different_for_decentralized/,CryptoMoonShots,2026-02-21 09:51:36,0,FAKE,reddit_CryptoMoonShots
$ANUBIS — Solana memecoin built around a real rescued black cat. Donated to an animal shelter before selling a single token. Day 4. Still ground floor.,"Most memecoins are a ticker, a Telegram, and a prayer. This one started differently.
$ANUBIS is built around a real black cat named Anubis — rescued from the streets of Romania. His jet-black fur and green eyes reminded his owner of the Egyptian god of the afterlife, a guardian figure. The name stuck. And the idea grew from there: build a memecoin community around something people actually care about.
The project launched on Solana via pump.fun four days ago. In that time the team has built a full website with a blog, donation transparency page, live roadmap and how-to-buy guide. The community has already started the #FeedWithAnubis initiative — members go out, feed stray cats, post photos with the hashtag, and earn token giveaway entries. Five people have participated in the first four days alone.
The roadmap covers five honest phases tied to holder milestones. No fake promises. No vaporware utility. The team operates under EU MiCA regulation so the language is careful and deliberate ",2,1.0,4,https://www.reddit.com/r/CryptoMoonShots/comments/1raywdr/anubis_solana_memecoin_built_around_a_real/,CryptoMoonShots,2026-02-21 18:40:53,0,FAKE,reddit_CryptoMoonShots
"Punch (SOL: PUNCH) up 80,000% since launch","PUNCH (SOL: $PUNCH) is a new Solana meme coin built around the viral “Punch the Monkey” story. It launched in early February 2026 and has already posted a headline move of 80,000%+ from its earliest trading levels, briefly pushing its market cap toward the \~$30M zone and placing it among the most watched low-cap tokens on Solana. The narrative is doing a lot of the heavy lifting here: Punch is tied to a baby macaque rescue/rehab story that spread fast on social media, and meme traders piled in as the token started trending on major trackers. Some crypto influencers (including Evan Luthra) have publicly mentioned PUNCH, which added fuel during the breakout phase and helped keep attention locked in.

That said, this setup also has the classic meme coin risk profile: extreme volatility, fast rotations, and the possibility that liquidity/volume is driven by a small cluster of wallets rather than broad organic demand. Even past viral winners (like Moo Deng-style runs) often end with sharp ",1,1.0,3,https://www.reddit.com/r/CryptoMoonShots/comments/1rat4xz/punch_sol_punch_up_80000_since_launch/,CryptoMoonShots,2026-02-21 14:57:18,0,FAKE,reddit_CryptoMoonShots
$TRAP is working on a new way to keep ecosystems healthy and balanced over time.,"The evolution of decentralized finance requires more than just code; it requires a symbiotic relationship between digital assets and real-world utility. We are proud to announce that $TRAP is launching today between 1:00 PM and 4:00 PM Eastern Time.

Entering the market with a pre-established foundation of over 10,000 community members on Instagram, $TRAP is built on three core pillars designed to ensure long-term viability and protect participant value:

• The Section8 Funding Engine: A self-sustaining model where 1% of every transaction is automatically redirected to the Section8 Pool. This community fund scales directly with volume, ensuring the ecosystem has the resources to grow alongside its user base.

• Proof of Grind Rewards: Every Friday, rewards are distributed to verified users who demonstrate active real-world engagement. This is facilitated through a streamlined, phone-based verification system to ensure incentives are directed toward those contributing to the project’s t",3,1.0,1,https://www.reddit.com/r/CryptoMoonShots/comments/1ralo0r/trap_is_working_on_a_new_way_to_keep_ecosystems/,CryptoMoonShots,2026-02-21 08:12:05,0,FAKE,reddit_CryptoMoonShots
"$SITH, One of the Most Underrated Plays on SOL Right Now","

$SITH has already proven its strength, reaching an ATH of **130K+**, and this is only the beginning.

The project is consistently trending on DEX, aligns perfectly with the current Alien meta, and has serious eyes watching it. With the SITH Launchpad preparing to go live, momentum is building fast, and whales are already paying attention.

This isn’t just another token.

This is infrastructure.



# What is SITH?

SITH is a **creator-first launchpad** built as a superior alternative to PumpFun.

It’s designed to reward builders, creators, and long-term believers — not just short-term traders.

**Key Mechanics:**

* Every token launched is paired with **SITH**
* This creates constant demand for SITH
* Liquidity stays locked within the ecosystem
* Growth directly strengthens the core token



# Top 50 Holder Advantages

The top 50 SITH holders receive:

* A share of creator fees
* Token allocation from every new launch
* Direct alignment with platform success

This means holders don’t ",290,0.95,10,https://www.reddit.com/r/CryptoMoonShots/comments/1r9zag1/sith_one_of_the_most_underrated_plays_on_sol/,CryptoMoonShots,2026-02-20 16:03:00,0,FAKE,reddit_CryptoMoonShots
Discovering $Sbets: The Revolutionary On-Chain Sports Betting Platform on Sui Blockchain,"Imagine this: You're lounging on the couch, watching an intense Champions League match. The score is tied late in the game, adrenaline pumping. Instead of just cheering, you place a quick bet on the winner — no lengthy sign-ups, no KYC headaches, no waiting days for payouts. Your bet is recorded as an immutable object directly on the Sui blockchain. If you win, the funds hit your wallet instantly via smart contract settlement. No middleman, no trust required. That's the magic of Suibets (suibets.com), the first fully on-chain sports betting protocol built on the Sui network.Suibets isn't just another crypto gambling site — it's a complete, transparent ecosystem where every bet becomes a verifiable on-chain object. Launched as the pioneering betting dApp on Sui, it merges the thrill of sports with blockchain's power: trustless execution, lightning-fast transactions, and true decentralization. Whether you're into football, basketball, or esports, Suibets delivers competitive odds across ",19,1.0,1,https://www.reddit.com/r/CryptoMoonShots/comments/1ra74ux/discovering_sbets_the_revolutionary_onchain/,CryptoMoonShots,2026-02-20 20:51:31,0,FAKE,reddit_CryptoMoonShots
"Magnum helps you get the best bid for your locked liquidity. Reputable, secure and ever available. Cash out your locked liquidity now!","Locked liquidity has real market value, but for many founders, teams, and LP holders, that value is stuck behind long unlock dates while new opportunities move fast.

This is the exact problem Magnum was built to solve.

Magnum is a specialized marketplace that connects holders of locked liquidity with a network of 150+ verified and trusted buyers, allowing LP positions to be sold before unlock through a secure, escrow-based, competitive bidding process.

---

Why Magnum Exists

The locked liquidity market has traditionally been inefficient and risky.
Most transactions still happen in informal OTC chats, where sellers face:

Unverified buyers

Weak or unfair pricing

Counterparty risk

Long negotiation cycles

Lack of transparency


Magnum replaces guesswork with structure, verification, and market-driven pricing.


---

How Magnum Gets You the Best Bids

Verified Buyer Network
Over 150 vetted buyers actively compete for locked liquidity.

Competitive Bidding
Multiple bids ensure prici",1,1.0,1,https://www.reddit.com/r/CryptoMoonShots/comments/1ra875g/magnum_helps_you_get_the_best_bid_for_your_locked/,CryptoMoonShots,2026-02-20 21:31:44,0,FAKE,reddit_CryptoMoonShots
$NEXO - Daily chart at a short-term pivot,"Zooming into the daily timeframe, price bounced aggressively from the \~$0.83-$0.85 region recently but is now facing its first real test again.

The 50 SMA around \~$0.88-$0.90 has acted as dynamic resistance, and price is currently trading just below it (hovering near $0.86 today).

Momentum is improving:

* MACD has flipped positive
* Buyers stepped in with strong reaction volume on the recent bounce
* Short-term structure is attempting higher lows

But the trend hasn’t fully shifted yet. Key levels:

* $0.84-$0.83 must hold to avoid retesting lower
* A clean break above $0.90 would open the door toward $0.96-$1.00

Right now this is a short-term consolidation under resistance - expansion only comes with reclaim. On top of the chart setup, Nexo's US relaunch a few days ago (with Bakkt for full compliance) feels like solid groundwork - finally back for US users with yield and credit lines without the old headaches. Their sponsorship game is ramping up too - title partner for the ATP ",280,1.0,2,https://www.reddit.com/r/CryptoMoonShots/comments/1r9qycw/nexo_daily_chart_at_a_shortterm_pivot/,CryptoMoonShots,2026-02-20 09:34:58,0,FAKE,reddit_CryptoMoonShots
"Solfart - $197.5K raised. 1,293 Solfart Buttheads. The data speaks for itself.","I've been watching this presale fill up in real time and something clicked yesterday that I want to share. Because I think a lot of people browsing for the best crypto presale right now are going to miss this window and be pissed about it later.

- Website: [solfart.io](https://solfart.io)
- Community: reddit.com/r/Solfart
- BeInCrypto: [Solfart x BeInCrypto AMA Session](https://beincrypto.com/solfart-x-beincrypto-ama-session-solfart-token-presales-top-1-billion-solf-a-new-memecoin-bridging-sol-eth-communities/)
- Founders Reveal Listing Targets: [CryptoNews](https://crypto.news/explore-solfart-founders-reveal-listing-targets-1b-ambition-meme-power/)

---

The Solfart presale Stage 2 just crossed 53% sold. When I first looked at it a few weeks ago it was around 48%. That's 7 percentage points in a couple of weeks. $197,853 raised. 972,724,179 tokens sold out of 1,957,420,202 this stage. 1,293 wallets in. 35 Solana whale purchase 24h ago. And accelerating.

Here's the part that matters.",307,1.0,24,https://www.reddit.com/r/CryptoMoonShots/comments/1r8x1sd/solfart_1975k_raised_1293_solfart_buttheads_the/,CryptoMoonShots,2026-02-19 11:42:30,0,FAKE,reddit_CryptoMoonShots
Who’s tired of this shit?,"This space is filled with pump and dump shitters. Devs (Cons) are orchestrating their next rugpull. Investors are losing their money left and right. It’s an absolute shit show in the trenches and we all know it. 

Our narrative isn’t based on a dog, cat, monkey, frog, poop or hype that’s temporary . Our goal all along was to build something that lasts. Basing our narrative on a Meta that never dies. A narrative everyone can relate to. An investment you can sleep on.

The ticker is $PHAT and our narrative is a play on one of the most well-known gyms in the country. I present to you Planet Fatness…

A gym where snack stacking and lounging is the M.O.

The community is active and convicted af. We’re in it for the long haul and want everyone to win.

We have hilarious content, games, pfp generator, an interactive trainer bot, and a snack bot that serves up calories or takes em’ away. Plus more…

\* Daily giveaways sent for those with highest calorie count at end of day. Get additional calo",25,0.93,17,https://www.reddit.com/r/CryptoMoonShots/comments/1r9fk4l/whos_tired_of_this_shit/,CryptoMoonShots,2026-02-19 23:49:21,0,FAKE,reddit_CryptoMoonShots
"BNB Memecoins Meet Gaming, NCPLAY’s NEWCATS Is Bringing Memecoin Utility to Life","If you’ve been tracking BNB memecoins lately, there is something that is becoming impossible to ignore, community driven tokens are evolving beyond memes into real utility, A perfect example? $NCT and their NCPLAY ecosystem.  
  
The team just launched their NCPLAY main website, giving the community its first glimpse of the platform, While the web app is almost fully functional, with raw files uploaded and only widgets and API integrations left, the real thing is the upcoming mobile app, which promises to bring the memecoin experience straight to your fingertips.  
  
Why this matters for BNB memecoin enthusiasts:  
  
Memecoin + Utility = Stickiness:  $NCT isn’t just a token; it’s integrating into a gaming ecosystem. Players can interact with the token, participate in mini-games, and potentially earn rewards all within the NCPLAY platform. This kind of utility is exactly what can turn a fun memecoin into a sustainable, high-growth project.  
  
Community Momentum: it has an active and",1,0.67,1,https://www.reddit.com/r/CryptoMoonShots/comments/1r9vdkz/bnb_memecoins_meet_gaming_ncplays_newcats_is/,CryptoMoonShots,2026-02-20 13:29:27,0,FAKE,reddit_CryptoMoonShots
Best Multi-Chain Crypto Project of 2026?,"🚀 $Zypto Launching on Base using Chainlink CCIP

Two years after the original Ethereum token launch, $ZYPTO is getting deployed on Base! This expansion is powered by Chainlink CCIP infrastructure and strengthens the foundation of the entire Zypto ecosystem. It enables secure cross-chain functionality and future interoperability.

Why does it matter for crypto investors and the broader Web3 community?

With the Base network launch, $ZYPTO becomes tradable on Coinbase DEX.

It unlocks exposure to Coinbase's massive global user base 🌍 and creates new liquidity pathways within the fast-growing Base ecosystem. Users benefit from faster transactions⚡️, lower gas fees💸, increased visibility👀, and easier access for new holders entering the ecosystem

Most importantly, Zypto ecosystem growth directly benefits $ZYPTO holders.

Zyps rewards, tied to real ecosystem participation and platform growth, are paid daily to holders. As adoption, transactions, utility, and product usage increase, so too d",9,0.92,12,https://www.reddit.com/r/CryptoMoonShots/comments/1r9d3vz/best_multichain_crypto_project_of_2026/,CryptoMoonShots,2026-02-19 22:10:33,0,FAKE,reddit_CryptoMoonShots
"$PATOS Flock, the New XRP Army","Name: PATOS ($PATOS)

Official Site: PatosMemeCoin.com

Official Subreddit: [r/PatosMemeCoin](https://www.reddit.com/r/PatosMemeCoin/)

Purchase Options:

— Solana ($SOL), Binance Coin ($BNB), Ethereum ($ETH)

— $USDT or $USDC on either network

Current Price: $0.000139999993 (first round)

Price increases 7.2% in the next round.

Funds Raised: $117,725.58

Tokens Sold / Total Token Supply (first round): 840,910,220.28  / 1,111,111,111.11

Total Token Supply: 232B

🌊 CA Address &amp; WhitePaper can be found on front page of Official site (listed above)

The Patos Flock is putting in work.  The ""Flock"" is the new XRP army, investors of $PATOS Meme Coin presale that are actively raiding and pushing the brand they've invested hundreds to thousands of dollars into.

Why are we all doing this? To increase the brand value of our investments and heighten the possilbities of our ROI.

Stop believing the hype of brands making false claims and start looking at reality. In the high-stakes world o",50,0.96,32,https://www.reddit.com/r/CryptoMoonShots/comments/1r8tsf2/patos_flock_the_new_xrp_army/,CryptoMoonShots,2026-02-19 08:26:49,0,FAKE,reddit_CryptoMoonShots
"Magnum is the gateway to unlock the value of your locked liquidity before unlock date. Meet our 150+ buyers ready to give you the best quote, any chain, any size, any time.","Locked liquidity holds real value, but for many founders, teams, and LP holders, that value is stuck behind long unlock dates while new opportunities move fast.

This is exactly the problem Magnum was built to solve.

Magnum is a specialized marketplace that allows holders of locked liquidity to sell before unlock by connecting them directly to a network of 150+ verified and trusted buyers through a secure, escrow-based, competitive bidding process.


---

The Problem With Locked Liquidity

Today, most locked liquidity deals happen in informal OTC chats. This exposes sellers to:

Unverified or unreliable buyers

Weak or unfair pricing

Counterparty risk

Long negotiation cycles

Lack of transparency


As a result, liquidity that clearly has value remains unusable for months or even years.


---

How Magnum Solves This

Magnum replaces guesswork and chaos with a structured and professional marketplace.

Verified Buyer Network
Over 150 vetted buyers actively compete for locked liquidity.",2,1.0,1,https://www.reddit.com/r/CryptoMoonShots/comments/1r97max/magnum_is_the_gateway_to_unlock_the_value_of_your/,CryptoMoonShots,2026-02-19 18:46:32,0,FAKE,reddit_CryptoMoonShots
Stop Wasting Bandwidth: Earn Passive Income with Grass that is built on Solana,"**Fuel the AI Revolution with Grass.**

AI needs massive amounts of data to learn, and **Grass** is the bridge. As a leading DePIN project on Solana, Grass lets you contribute your spare bandwidth to power the next generation of Artificial Intelligence. You provide the rails for AI data collection; we provide the rewards. Secure, decentralized, and entirely passive.

**Why Grass Is Getting Attention**

* **AI × DePIN Combo:** Your bandwidth helps power data pipelines for AI models — and you get paid.
* **Early-Stage Advantage:** Still early, could grow into key infrastructure for AI data sourcing.
* **Actual Passive Income:** Install → run in the background → collect rewards. No mining, no tasks.
* **Extra Bonus:** Use **SEsneMoIYQS6M3w** at signup for **5,000 extra points**.
* **Built on Solana:** Fast, cheap, and well-suited for DePIN scaling.

🛠️ How to Start (Takes \~2 Minutes)

1. Register: [https://app.grass.io/register?referralCode=SEsneMoIYQS6M3w](https://app.grass.io/register?",1,1.0,1,https://www.reddit.com/r/CryptoMoonShots/comments/1r9dlj9/stop_wasting_bandwidth_earn_passive_income_with/,CryptoMoonShots,2026-02-19 22:29:37,0,FAKE,reddit_CryptoMoonShots
OceanSave ($SAVE) — A Crypto Charity for Ocean Conservation,"G’day everyone,

I recently came across a project called OceanSave and wanted to share it here to see what others think.

What it is:
OceanSave is a blockchain-based charity initiative focused on ocean conservation. Their mission includes:

• 🐢 Protecting endangered sea turtles
• 🌊 Restoring coral reefs
• 🧹 Cleaning up ocean pollution

They use crypto as a tool to support funding and transparency, while keeping real-world impact as the main priority.

How it works:
OceanSave operates on Solana with its $SAVE token. The project allocates a portion of its funds to real-world conservation efforts and promotes blockchain transparency so supporters can track how donations are used.

Their website includes clear information on their mission, tokenomics, and helpful guides for people who are new to crypto.

Community presence:
OceanSave is still in its early stages, but it’s gaining attention as a mission-driven project focused on environmental impact rather than hype. Early discussions highl",5,1.0,4,https://www.reddit.com/r/CryptoMoonShots/comments/1r8x837/oceansave_save_a_crypto_charity_for_ocean/,CryptoMoonShots,2026-02-19 11:52:08,0,FAKE,reddit_CryptoMoonShots
Hey everyone,"I am sharing something with all of you recently “I came across a short demo today showing how a TRON-focused tool connects directly with wallets like TronLink and then handles the resource side (energy/bandwidth) in the background.

https://x.com/i/status/2023639074729554139

See What I found interesting is not just the wallet connection part, but the stacking-like benefit behind it — instead of constantly burning TRX for fees, the platform seems to optimize energy usage so frequent transactions become more predictable and cost-efficient over time.


And one more thing What caught my attention wasn’t the UI, but the idea behind it — instead of manually worrying about energy or accidentally burning extra TRX on every transfer, the platform seemed to optimize that part automatically once the wallet is connected.

So the real advantage isn’t just “lower fees”, it’s the consistency: fewer manual steps, better resource usage, and wallet still stays non-custodial. That combination actually m",2,1.0,1,https://www.reddit.com/r/CryptoMoonShots/comments/1r931aa/hey_everyone/,CryptoMoonShots,2026-02-19 16:01:11,0,FAKE,reddit_CryptoMoonShots
"$TRAP Goes Live in 2 Days, Built-In Funding Engine, Weekly Rewards &amp; Continuous Oversight","With only two days remaining until launch, $TRAP is preparing to roll out a system designed around three tightly integrated pillars: an automated funding engine, predictable weekly reward distributions, and continuous monitoring to protect the ecosystem. At the core of the protocol sits the Section8 Pool, which automatically receives 1% from every transaction. This creates a live and self-sustaining community fund that scales organically with real usage, ensuring that growth in participation directly strengthens the reward base over time.



Every Friday, rewards are distributed from this pool to verified users who are actively progressing in real life. Eligibility is confirmed through accessible phone-based verification, helping ensure that payouts go to genuine participants rather than passive holders or automated farming accounts. This approach aligns incentives with real-world effort while maintaining fairness and transparency in how rewards are earned and distributed.



At the sa",3,1.0,1,https://www.reddit.com/r/CryptoMoonShots/comments/1r8zcsh/trap_goes_live_in_2_days_builtin_funding_engine/,CryptoMoonShots,2026-02-19 13:35:08,0,FAKE,reddit_CryptoMoonShots
This exchange actually made me money??,"

So I've been in crypto for like a month total. Was using Binance before but that interface gave me a massive headache—too many buttons, too many charts, felt like I needed a PhD just to place a trade. Plus those fees were absolutely eating me alive, especially on smaller positions.

My buddy threw me 1024EX like ""even you can figure this out"" with a laugh. I was skeptical at first—another trading platform, probably just as confusing, right? But decided to give it a shot since I was already bleeding money on Binance.

Two weeks in, not gonna lie it's actually pretty solid:
Clean UI – Not a million buttons everywhere screaming for attention. Everything's laid out logically, I can actually find what I need without Googling tutorials every five minutes.

Low fees – Saved enough for extra boba runs, no joke. Those small savings add up when you're trading regularly.

Prediction markets – Actually fun and intuitive. Just guess up or down, none of that complex derivatives stuff. Makes tradin",1,1.0,2,https://www.reddit.com/r/CryptoMoonShots/comments/1r93lpj/this_exchange_actually_made_me_money/,CryptoMoonShots,2026-02-19 16:22:12,0,FAKE,reddit_CryptoMoonShots
Libera Financial and Crypto Platforms,"In 2026, Libera Financial stands out as a yield-focused asset that blends DeFi rewards with centralized exchange security. American investors need to understand where LIBERA is supported and how exchanges handle its automated rewards.

Can Libera Financial be traded on major exchanges?

Yes. Bitget, Kraken, and Coinbase provide access to LIBERA with varying levels of integration. Although Libera started as an auto-staking protocol, exchanges now support its mechanics directly, making trading and earning simpler for users.

How has Libera evolved in 2026?

Libera is now recognized as a yield-bearing token on regulated platforms. Its automated reward system allows users to earn without locking funds, while exchanges use balance snapshots to calculate rewards.

Which exchanges are best for trading LIBERA?

Bitget offers spot trading, earn products, and Web3 access in one place. Kraken focuses on institutional-grade spot trading. Coinbase provides limited access through Web3 wallets. OSL s",1,1.0,1,https://www.reddit.com/r/CryptoMoonShots/comments/1r8xe6d/libera_financial_and_crypto_platforms/,CryptoMoonShots,2026-02-19 12:00:57,0,FAKE,reddit_CryptoMoonShots
"As a parent, the way SafeNSound keeps improving caught my attention","I’m a parent, so most of my decisions these days aren’t about chasing hype or getting rich overnight. They’re about keeping my kids safe.

I came across SafeNSound recently, and what caught me wasn’t just the token. It was the map. The idea is simple but powerful: showing areas with higher concentrations of registered sex offenders using public data so families can make smarter decisions about where to live, where kids play, and what neighborhoods to trust.

Seeing the devs actively building this for the past few days has been encouraging. The token ran up to 45k and dropped to 6k, but the devs and community are still active, posting updates, and pushing the project forward. They’re not giving up, and the community isn’t just talking price, they’re talking safety, transparency, and awareness.

As a parent, that hits me hard. It’s not about fear, it’s about prevention. Even if this tech helps just one family avoid a dangerous situation, it’s worth it.

Do your own research. See what the",502,1.0,5,https://www.reddit.com/r/CryptoMoonShots/comments/1r8biy0/as_a_parent_the_way_safensound_keeps_improving/,CryptoMoonShots,2026-02-18 18:45:59,0,FAKE,reddit_CryptoMoonShots
$LFGRIND – The Culture Coin of The Grind Guild 💎,"CA (Solana):

9J1jYFb4gVFtCsihc14DDRzRacVchc6zD1fYYuG4FHA5

$LFGRIND isn’t just another token.

It’s the culture coin of The Grind Guild — a builder-first community that turns consistency into on-chain identity.

Launched on Solana, $LFGRIND is:

	•	100% unlocked

	•	100% tradeable

	•	No hidden allocations

	•	Community-led

⸻

What The Grind Guild Has Already Done

This isn’t theory — it’s execution.

	•	Built a top OPxyz community presence

	•	Distributed free NFT badges to active members

	•	Released free gaming avatars

	•	Hit early participation milestones

	•	Organized coordinated engagement pushes

	•	Established burn mechanics tied to growth targets

The Guild isn’t waiting for momentum.

It manufactures it.

⸻

What Makes $LFGRIND Different?

	•	🎮 Gaming integration

	•	🎖 Status-based NFT identity

	•	🔥 Milestone burns

	•	📈 Community-driven growth

No influencer dependency.

No artificial hype cycles.

Just visible effort and compounding participation.

⸻

The Vision

$LFGRI",2,1.0,2,https://www.reddit.com/r/CryptoMoonShots/comments/1r8nbqr/lfgrind_the_culture_coin_of_the_grind_guild/,CryptoMoonShots,2026-02-19 02:39:34,0,FAKE,reddit_CryptoMoonShots
Not everything in crypto needs to be easy to explain,"There’s this strange expectation in crypto that everything should make sense immediately.

If a project can’t be summarized in one clean sentence, people get suspicious.  
If it takes more than a minute to explain, it must be flawed.

But I’m not sure that’s a fair standard.

Some of the problems crypto is trying to solve aren’t simple problems to begin with. Trust isn’t simple. Incentives aren’t simple. Security definitely isn’t simple. So when a system looks layered or structured in a non-obvious way, that doesn’t automatically mean something is wrong with it.

Sometimes it just means the explanation started in the wrong place.

A lot of conversations begin with price, tokens, and supply. That’s understandable — it’s the visible part. But when you start there, everything underneath feels abstract or unnecessary. Wallets feel confusing. Private keys feel intimidating. Decentralization sounds ideological instead of practical.

Maybe the issue isn’t that crypto is too complicated.

Mayb",2,1.0,1,https://www.reddit.com/r/CryptoMoonShots/comments/1r8ixo9/not_everything_in_crypto_needs_to_be_easy_to/,CryptoMoonShots,2026-02-18 23:25:32,0,FAKE,reddit_CryptoMoonShots
$HACHI – Hachiko on Solana | Tribute to the Most Loyal Dog in History 🐶,"The legendary Akita who waited 9+ years for his owner is now immortalized as a 100% community memecoin on Solana. 

No VC, no BS — just pure loyalty and diamond-handed holders.

Why $HACHI is different:

Inspired by the real Hachiko story that melted the internet! 

SHIB officially tweeted about us: “$HACHI X95 🤝 $SHIB 0X95” (contract prefix connection + massive exposure)

https://x.com/shibtoken/status/2001417232878879096

BabyDoge community also gave us huge love (pinned &amp; shouted out multiple times)

https://x.com/babydoge/status/2011151511942750562

Strong organic growth, real holders (35k+), active team burning LP and rewarding loyalty

Contract Address (Solana): x95HN3DWvbfCBtTjGm587z8suK3ec6cwQwgZNLbWKyp

Socials:

Twitter/X: 

X.com/HachikoS0L (9.5k+ followers, very active)

Website:

 www.hachiko.xyz

This is the loyalty play of the cycle. SHIB &amp; BabyDoge already noticed. 

The pack is growing fast.

LFG 

CA:

 x95HN3DWvbfCBtTjGm587z8suK3ec6cwQwgZNLbWKyp

(Do your own",439,1.0,10,https://www.reddit.com/r/CryptoMoonShots/comments/1r7admi/hachi_hachiko_on_solana_tribute_to_the_most_loyal/,CryptoMoonShots,2026-02-17 16:15:24,0,FAKE,reddit_CryptoMoonShots
What is Peponk ($PEPONK) ?,"On one side, you have $Bonk, the dog that taught Solana how to find its voice through the chaos of 2022. On the other, you have $Pepe, the green frog that taught the entire internet that ""holding"" isn't just a strategy - it’s a religion.

For years, these two titans ruled their respective kingdoms: the Dog of the Solana chain and the Frog of the Internet. But what happens when the orange bat meets the green skin? What happens when the speed of Solana’s favorite canine merges with the diamond-handed legacy of the world’s most famous frog?

Enter $PEPONK.

The Narrative: A Masterclass in Memetic Evolution

The PEPONK philosophy is simple yet profound:

• Bonk taught Solana how to meme.

• Pepe taught the internet how to hold.

• $PEPONK learned from both.

How Many PEPONK Tokens Are There in Circulation?

• $PEPONK launched with a total supply of 1000000000

• 11.1% of the supply is locked to support long-term project stability.

• Circulating supply: 889 million tokens.

CA: Gqqdgfkn7bc",1,1.0,1,https://www.reddit.com/r/CryptoMoonShots/comments/1r8kxi6/what_is_peponk_peponk/,CryptoMoonShots,2026-02-19 00:50:56,0,FAKE,reddit_CryptoMoonShots
The Strongest Community I Have Ever Came Across,"Ik the strongest community is a tag that many projects claim, but can they truly back it up.

Heres the facts about this project:

* Strongest Reddit and Stocktwits presence
* One of strongest X communities
* By far the most expansive and finely tuned IRL catalogue with over 25 different community led initiatives
* Achieved things only Pepe has previously achieved, like the Certik audit

This is all happening at a market cap around 5 million... these are absolutely ground floor prices and in better market conditions, even marginally, it is a slam dunk.

In the long run, with a community like this the chances of losing when buying at these prices is extremely low...

Personally, I am all in, Kendu is the only token I hold and tbh I have looked around and nothing ever compares, I have met a lot of great, hardworking people and I believe this community is like no other. You can only lose 5 mins of your time checking us out, what is there to lose?

If you have honestly found one just as st",40,0.87,44,https://www.reddit.com/r/CryptoMoonShots/comments/1r7r9pj/the_strongest_community_i_have_ever_came_across/,CryptoMoonShots,2026-02-18 02:53:58,0,FAKE,reddit_CryptoMoonShots
Pepecoin(PEP) - It's a Blockchain - Not a Token,"Most people see “Pepe” and assume it’s just another ERC20 meme token.

PEP isn’t that.

PEP is Pepecoin, its own Layer 1 blockchain. Proof of Work. Merge mined with Litecoin and Doge. No ICO. No presale. No VC allocation. Circulating supply is basically fully reflected on CMC. Structurally it’s closer to Dogecoin than to a copy paste frog token on Ethereum.

And here’s the big difference most people miss:

PEP is still a small market cap L1.

That’s where the upside thesis comes from. When you’re starting from a low base, the math allows for asymmetric returns. A 1000x move is impossible for something already sitting at multi billions, but it’s mathematically possible for a small cap chain that gains real traction.

Compare that to PEPE on Ethereum. It already has a massive market cap and insane supply. It gets volume, sure, but its upside is structurally capped by its starting valuation. PEP doesn’t have that problem.

Over the last year PEP has:

• Completed its halvings and locked i",365,1.0,5,https://www.reddit.com/r/CryptoMoonShots/comments/1r7vgtk/pepecoinpep_its_a_blockchain_not_a_token/,CryptoMoonShots,2026-02-18 06:23:55,0,FAKE,reddit_CryptoMoonShots
Came across a Solo dev working on a fully on verified on chain token by himself thought he deserved some eyes,"I’m usually pretty skeptical of new tokens and I don’t post about crypto at all, but I trust this project and want to shine some light on it.

I been watching a small basement project with free rewards and what caught my eye is the way the dev is handle things. Doing it all by himself he has no team behind him completely open about what he is doing. The dev is not paying influencers instead he pays the community with small rewards for helping him. obviously I'm not saying this is a 100x guarantee, i just think this dev deserves more attention and recognition.

People are sick of copy paste tokens the same scams saying the same thing over and over. Just refreshing to see someone doing everything different and organically. For me this is something i have been missing for a long time in this space.

His website and all other links can be found in here: https://commit-protocol.xyz/

Token launches on the 28 of feb trough pump.fun so plenty of time for all of us to check it out and make a d",2,1.0,1,https://www.reddit.com/r/CryptoMoonShots/comments/1r86r28/came_across_a_solo_dev_working_on_a_fully_on/,CryptoMoonShots,2026-02-18 15:56:40,0,FAKE,reddit_CryptoMoonShots
Nazgul - The Olympic Runner,"https://x.com/i/trending/2024069294628155662

CA : sBcJm9DdbJxi25v2c6Zaxe5n5ceSkey4P1ViGMJpump

$NAZGUL isn't just about an event. It's a symbol of running, like we all want our crypto do.

It could become the next cult animal runner.

Let's bag work and have patience with this for 3-4 weeks and work it to 10-30 mil or higher.

It's time to believe again.

The chart? A chaotic symphony of green. Next stop? Potential moons!

This could be the degen play of the year, but remember: do YOUR research.

Wolf-Like Dog Nazgul Dashes Across Olympics Ski Finish Line

During the women's team sprint qualification at Tesero Cross-Country Stadium in Italy, two-year-old Czechoslovakian wolfdog Nazgul escaped his nearby home and dashed across the line with racers, startling Croatia's Tena Hadžić—who thought he was a wolf-and amusing Sweden's Jonna Sundling. His owner called him kind, stubborn, and social, and staff quickly secured him with no injuries or delays; Sweden led qualifiers at 6:29.94. Video",1,1.0,1,https://www.reddit.com/r/CryptoMoonShots/comments/1r83xre/nazgul_the_olympic_runner/,CryptoMoonShots,2026-02-18 14:07:49,0,FAKE,reddit_CryptoMoonShots
Hey guys,"If you regularly send USDT on the TRON network, you probably already know how transaction fees work... and how frustrating they can be.

Every time you make a transfer, TRX gets burned. It may not seem like much at first, but if you transact frequently, those burns slowly stack up and eat into your holdings

I want to share something genuine, not something promotional or scam

Recently, I explored TronMax, which focuses on solving this exact issue by using TRON's resource model more efficiently.

Check it :https://tronmax.io/

Instead of letting TRX sit idle or burning it every transaction, you can: Stake TRX Generate Energy. Rent that Energy Reduce or sometimes eliminate transaction burn Earn staking rewards (around ~4.5%, depending on network conditions)

Tron Wallet Compatibility Just Got More Interesting

One more major challenge with energy platforms has always been wallet compatibility. Many users don't want to switch wallets just to access new tools.

What caught my attention re",157,1.0,1,https://www.reddit.com/r/CryptoMoonShots/comments/1r78xuw/hey_guys/,CryptoMoonShots,2026-02-17 15:26:09,0,FAKE,reddit_CryptoMoonShots
"$TRAP Goes Live Feb 21, Automated Funding Engine, Weekly Rewards &amp; Active Ecosystem Monitoring","  

With its Feb 21 launch approaching, $TRAP is entering the market built around three tightly integrated components: a self-sustaining funding engine, predictable weekly reward distributions, and continuous protocol monitoring designed to protect long-term value. At the core is the Section8 Pool, which automatically receives 1% from every on-chain transaction. This mechanism creates a live, ever-growing community fund that scales organically as usage and participation increase, rather than relying on external injections or manual allocation.



Each Friday, rewards are distributed directly from this pool to verified users who are actively demonstrating real-world productivity and engagement. Eligibility is confirmed through accessible phone-based verification, ensuring that distributions reflect genuine activity instead of passive holding or automated farming. This structure aims to align incentives with real-life effort while maintaining a fair and transparent reward cycle.



Along",3,0.81,2,https://www.reddit.com/r/CryptoMoonShots/comments/1r7iamn/trap_goes_live_feb_21_automated_funding_engine/,CryptoMoonShots,2026-02-17 20:49:08,0,FAKE,reddit_CryptoMoonShots
Dogelon Mars why??,"Why do I keep seeing people post about dumping money into Dogelon mars? I’m in groups world wide to see what they invest in before America to try and get a head start but this doesn’t make any sense. It looks like a shit meme coin. Can anyone find any news on it? I feel like meme coins are a gamble so not sure I wanna bother. But if you guys know something I don’t please share cause I don’t wanna miss out. I’m gonna gamble a little just in case cause it’s so cheap anyway what’s a few bucks. But if o should invest something decent I’d like to know before it’s too late. Im sure that goes for all of us though. Anyone got any intel? 

Why do I keep seeing people post about dumping money into Dogelon mars? I’m in groups world wide to see what they invest in before America to try and get a head start but this doesn’t make any sense. It looks like a shit meme coin. Can anyone find any news on it? I feel like meme coins are a gamble so not sure I wanna bother. But if you guys know something I ",1,1.0,3,https://www.reddit.com/r/CryptoMoonShots/comments/1r7og04/dogelon_mars_why/,CryptoMoonShots,2026-02-18 00:53:03,0,FAKE,reddit_CryptoMoonShots
"Ton of Hype on top Solana Meme Coin ""PATOS""","The Solana Meme Coin Hype on $PATOS token is real —

Name: PATOS ($PATOS)

Official Site: PatosMemeCoin.com

Official Subreddit: [r/PatosMemeCoin](https://www.reddit.com/r/PatosMemeCoin/)

Purchase Options:

— Solana ($SOL), Binance Coin ($BNB), Ethereum ($ETH)

— $USDT or $USDC on either network

Current Price: $0.000139999993 (first round)

Price increases 7.2% in the next round.

Funds Raised: $117,725.58

Tokens Sold / Total Token Supply (first round): 840,910,220.28  / 1,111,111,111.11

Total Token Supply: 232B

🌊 CA Address &amp; WhitePaper can be found on front page of Official site (listed above)

If you haven’t heard the honking yet, you’re missing the loudest alpha in the 2026 meme cycle. **Patos Meme Coin ($PATOS)** isn’t just another animal token on Solana; it is a clinical masterclass in how to launch a crypto asset. While other projects are begging for a single DEX listing, Patos has already secured **8 confirmed CEX listings** before the presale even concludes.

But the ",94,0.98,16,https://www.reddit.com/r/CryptoMoonShots/comments/1r6npzl/ton_of_hype_on_top_solana_meme_coin_patos/,CryptoMoonShots,2026-02-16 22:13:36,0,FAKE,reddit_CryptoMoonShots
Stop Wasting Bandwidth: Earn Passive Income with Grass that is built on Solana,"**Fuel the AI Revolution with Grass.**

AI needs massive amounts of data to learn, and **Grass** is the bridge. As a leading DePIN project on Solana, Grass lets you contribute your spare bandwidth to power the next generation of Artificial Intelligence. You provide the rails for AI data collection; we provide the rewards. Secure, decentralized, and entirely passive.

**Why Grass Is Getting Attention**

* **AI × DePIN Combo:** Your bandwidth helps power data pipelines for AI models — and you get paid.
* **Early-Stage Advantage:** Still early, could grow into key infrastructure for AI data sourcing.
* **Actual Passive Income:** Install → run in the background → collect rewards. No mining, no tasks.
* **Extra Bonus:** Use **SEsneMoIYQS6M3w** at signup for **5,000 extra points**.
* **Built on Solana:** Fast, cheap, and well-suited for DePIN scaling.

🛠️ How to Start (Takes \~2 Minutes)

1. Register: [https://app.grass.io/register?referralCode=SEsneMoIYQS6M3w](https://app.grass.io/register?",1,1.0,1,https://www.reddit.com/r/CryptoMoonShots/comments/1r7kddp/stop_wasting_bandwidth_earn_passive_income_with/,CryptoMoonShots,2026-02-17 22:05:53,0,FAKE,reddit_CryptoMoonShots
Ocean Save ($SAVE) – Just Launched on Solana,"Ocean Save is an eco-friendly cryptocurrency dedicated to protecting endangered sea turtles, restoring coral reef ecosystems, and funding global ocean cleanup initiatives.

Join thousands of ocean advocates turning crypto investments into real-world marine conservation impact. A portion of presale and community funds directly support wildlife protection and plastic removal from our seas. (Cluster allocation from presale.)

This isn’t just another meme token — it’s a mission-driven project built around long-term sustainability and real-world impact.

Why $SAVE?

🐢 Endangered sea turtle protection  
🪸 Coral reef restoration  
♻️ Global ocean cleanup efforts  
🌊 Strong environmental narrative  
🚀 Fresh launch – early entry  

Eco + Crypto is a powerful narrative that hasn’t fully run yet on Solana.

If you’re looking for something beyond recycled trends and want to be early on a purpose-driven project, Ocean Save is live.


Let’s turn waves into impact. 🌊  
Ca: 5TwPKDtb1xhLDCrDqyCJgK6b1tt",74,0.9,4,https://www.reddit.com/r/CryptoMoonShots/comments/1r6n2in/ocean_save_save_just_launched_on_solana/,CryptoMoonShots,2026-02-16 21:49:06,0,FAKE,reddit_CryptoMoonShots
Unlock Institutional Upside – Retail Access with $SLINK,"The real-world asset (RWA) revolution is here. Trillions in traditional value—from real estate to funds—are migrating on-chain through tokenization. Leading the charge is Securitize, the compliance-first platform powering institutional-grade assets like BlackRock’s BUIDL fund. With anticipated public momentum on the horizon, the infrastructure for tokenized securities is maturing fast.

Yet retail investors are often sidelined: locked out of early allocations or stuck waiting through 180-day institutional lockups while price action unfolds.

Enter $SLINK—a fair-launched community token on Solana designed for narrative exposure to this shift.

$SLINK lets anyone participate in the Securitize growth story from Day 1. No presale, no team tokens—just pure, liquid community access. Valuation aligned with seed holder conviction: 15,000 private shares held since 2018, targeting a fair \~$700K benchmark for transparency.

This isn’t about promises or direct ownership—it’s a conviction play on ",104,1.0,1,https://www.reddit.com/r/CryptoMoonShots/comments/1r68sul/unlock_institutional_upside_retail_access_with/,CryptoMoonShots,2026-02-16 12:51:25,0,FAKE,reddit_CryptoMoonShots
Do you have the PumpMindVirus???,"It’s the [PumpMindVirus](https://pmvmeme.com/) ($PMV). And honestly, that’s kind of the whole point.

You either get it or you don’t. But if you’ve spent any real time on Solana lately, you’ve probably seen it spreading. Not in a forced, paid KOL, manufactured way. More like wallet to wallet, timeline to timeline, chat to chat. It feels organic.

Yeah, the timing could have been better. Liquidity across the market isn’t exactly exploding right now. Solana itself has cooled off compared to peak mania. Retail isn’t flooding in. So from a pure “perfect launch window” perspective, you could argue it missed ideal conditions.

But strong memes don’t only exist in perfect conditions. Sometimes they are built during slower phases and positioned for when momentum returns.

What stands out to me is the dev and the community. They’re present. They show up. They engage. They don’t disappear when price chops or sentiment dips. That matters more than people think. In this space, half of projects die",9,1.0,9,https://www.reddit.com/r/CryptoMoonShots/comments/1r6qnuo/do_you_have_the_pumpmindvirus/,CryptoMoonShots,2026-02-17 00:10:37,0,FAKE,reddit_CryptoMoonShots
$SITH will be launching soon! It’s gonna compete with Pumpfun,"Most launchpads aren’t built for creators.

They’re built to extract from them.

High fees. Zero alignment.

Volume farming disguised as “community.”

PumpFun proved one thing:

There is demand for fast launches.

But speed without alignment just creates more disposable tokens.

SITH was built differently.

Every token launched on SITH is paired with the SITH token itself.

That means:

Liquidity doesn’t leak out of the ecosystem.

Every launch reinforces the base layer.

Every successful project strengthens the foundation it was built on.

Creators pay lower fees than PumpFun.

And the top 50 SITH holders don’t just speculate,

they participate.

They receive:

• A share of creator fees

• Token allocation from every new launch

Not hype. Not promises.

Mechanics.

This creates something most platforms don’t have:

A flywheel.

Better fees attract better creators

Better projects attract real traders

Traders generate real volume

Volume generates real fees

Fees fund buybacks + stren",250,1.0,11,https://www.reddit.com/r/CryptoMoonShots/comments/1r6cuvd/sith_will_be_launching_soon_its_gonna_compete/,CryptoMoonShots,2026-02-16 15:38:31,0,FAKE,reddit_CryptoMoonShots
Beta testers and bug hunters needed for beta Solana devnet music funding platform,"**Help us test TasteMaker DevNet and crush bugs**

We’ve launched the TasteMaker devnet beta: [**https://tastemaker.music**](https://tastemaker.music)

Sign in with email, Google, or wallet. Fans support artists with test $TASTE tokens; artists build communities and raise funds. No labels, no cost. We’re looking for bug hunters to find and fix issues before mainnet. If you like breaking things constructively, your feedback is invaluable. Early testers who complete a full profile and back at least 2 projects with devnet $TASTE qualify for **$TASTE token airdrops at mainnet launch**. Join now and help shape fan-powered music.

**What is TasteMaker**

TasteMaker is a Web3 platform on **Solana** that lets fans own a real share of music (albums, tours, merch) via tokenized real-world assets (RWA). Artists propose projects, e.g. an album; fans back them with $TASTE. When the project delivers, backers get RWA tokens that represent direct ownership and can earn royalties. No pooling: each fan’",213,1.0,1,https://www.reddit.com/r/CryptoMoonShots/comments/1r6ee11/beta_testers_and_bug_hunters_needed_for_beta/,CryptoMoonShots,2026-02-16 16:33:59,0,FAKE,reddit_CryptoMoonShots
OceanSave ($SAVE) a blockchain-powered charity project on Solana (website reveal + what we’re building),"[Oceansave.org](http://Oceansave.org)

I wanted to share a project I’ve been following and are a part of: **OceanSave,** a **crypto charity initiative** aiming to turn on-chain community momentum into **real ocean conservation impact**.

According to the **official site (oceansave.org)**, the mission is focused on:   
  
**- Protecting sea turtles**  
**- Restoring coral reefs**  
**- Cleaning our oceans** …using blockchain as the transparency layer so supporters can follow what’s happening without relying on “trust me” marketing.

What I like about how they’re presenting it:  
  
\- It’s framed as **impact-first**, with crypto as the engine (not the identity)  
  
\- They’re putting info in public (there are dedicated pages for **About**, **Tokenomics**, **Socials**, and even a **Crypto Guide** for newcomers).  
  
\- The branding is clean and the message is simple: *use blockchain to help coordinate and prove action for ocean conservation.*

If you’re the type who wants to do due dil",3,0.8,4,https://www.reddit.com/r/CryptoMoonShots/comments/1r6mp31/oceansave_save_a_blockchainpowered_charity/,CryptoMoonShots,2026-02-16 21:34:36,0,FAKE,reddit_CryptoMoonShots
$Wilson CTO is going crazy,"I’ve seen a lot of projects come and go in this space, but what’s happening with $Wilson right now is something you only see once in a blue moon. I personally bought in at an 88k market cap, and watching it fly to 611k MC while the rest of the market is shaky has been insane. We are already sitting at #19 on DexTools trending, and the volume is strictly organic.

This isn't your typical ""pump and dump"" driven by a dev who’s going to vanish after 2 hours. This is a Community Takeover (CTO). The original dev is gone, and the keys are in the hands of a diamond-handed community that has been grinding for 20 days straight just to get that initial traction. That kind of dedication is the biggest green flag you can find in the memecoin world.

I’m getting serious $Pinguin vibes here. The meme itself is 2 years old it has that ""viral legacy"" feel that people actually recognize and love. We aren't just ""raiding"" for the sake of it; we are building a brand. The story of Wilson (yes, the iconic v",2,1.0,2,https://www.reddit.com/r/CryptoMoonShots/comments/1r6p1zt/wilson_cto_is_going_crazy/,CryptoMoonShots,2026-02-16 23:04:41,0,FAKE,reddit_CryptoMoonShots
Stop Wasting Bandwidth: Earn Passive Income with Grass that is build on Solana,"**Fuel the AI Revolution with Grass.**

AI needs massive amounts of data to learn, and **Grass** is the bridge. As a leading DePIN project on Solana, Grass lets you contribute your spare bandwidth to power the next generation of Artificial Intelligence. You provide the rails for AI data collection; we provide the rewards. Secure, decentralized, and entirely passive.

**Why Grass Is Getting Attention**

* **AI × DePIN Combo:** Your bandwidth helps power data pipelines for AI models — and you get paid.
* **Early-Stage Advantage:** Still early, could grow into key infrastructure for AI data sourcing.
* **Actual Passive Income:** Install → run in the background → collect rewards. No mining, no tasks.
* **Extra Bonus:** Use **SEsneMoIYQS6M3w** at signup for **5,000 extra points**.
* **Built on Solana:** Fast, cheap, and well-suited for DePIN scaling.

🛠️ How to Start (Takes \~2 Minutes)

1. Register: [https://app.grass.io/register?referralCode=SEsneMoIYQS6M3w](https://app.grass.io/register?",1,1.0,1,https://www.reddit.com/r/CryptoMoonShots/comments/1r6n36o/stop_wasting_bandwidth_earn_passive_income_with/,CryptoMoonShots,2026-02-16 21:49:50,0,FAKE,reddit_CryptoMoonShots
Trend Die. Memes Don’t,"Why do people base their investment thesis on trends?  
Why do they think something should go to billions just because it’s the “trend” of the month?

A trend is literally something destined to die, and everyone knows it.

Do you think that $Doge was a trend? Nahh, it’s an absolute OG cult gold meme.  
Do you think in 2023 $Pepe was trending as the main meme on Instagram??? No, it wasn’t. It’s just lore, cult, and a real meme.

You really think you can catch the next billion-dollar runner based on a TikTok trend? Well, good luck. If it was that easy, everyone would do it. But I’ve never seen a coin reach the billions just because it was a trend.

Stop midcurving REAL memes. Real memes have nothing to do with trends, because they are literally the OPPOSITE. They are fucking immortal.

You can clearly understand, by reading some tweets around the timeline, who has a clue about memes and who is just a brainrotted TikTok dude. It’s absurd, yes, but there is kind of a theory and knowledge a",130,0.99,12,https://www.reddit.com/r/CryptoMoonShots/comments/1r5k2oi/trend_die_memes_dont/,CryptoMoonShots,2026-02-15 17:14:11,0,FAKE,reddit_CryptoMoonShots
Kingz Casino - Announces Presale Launch: The First Casino Token with Real 12.5% Profit Share &amp; 180% Staking Apy – Over $680k Raised,"Kingz Casino is proud to announce the official launch of the $KINGZ token presale, a revolutionary step in Web3 gaming that transforms players into house owners. Having already raised $682,523 toward its first $1M target, Kingz Casino is redefining the GambleFi landscape by offering a structured profit-sharing instrument rather than a speculative asset.

  

\*\*The Paradigm Shift: Become The House\*\*

Unlike conventional casinos that retain all economic upside, Kingz Casino reverses the model. Through $KINGZ, participants align directly with the house edge. The platform allocates 12.5% of total casino profits to be shared directly with token holders, ensuring that every wager placed within the ecosystem contributes to weekly payouts.

\*\*Key Presale Highlights &amp; Staking Rewards:\*\*

\*\*- High-Yield Staking:\*\* Early participants currently enjoy an 180% APY.

\*\*- Exclusive Rewards Window:\*\* During the initial 60-day presale phase, 9,000,000 $KINGZ are distributed daily to ",303,0.99,4,https://www.reddit.com/r/CryptoMoonShots/comments/1r5cmwt/kingz_casino_announces_presale_launch_the_first/,CryptoMoonShots,2026-02-15 11:43:54,0,FAKE,reddit_CryptoMoonShots
$PHAT – The Gym Where You Lift Your Bags,"Most meme coins have  turned into:

• Dev disappears

• Liquidity gone

• Telegram silent

• Holders left coping

We got tired of watching that happen.

So we built something different.

Welcome to $PHAT-the Gym where you bulk your bags and actually enjoy the ride.

🏋️ The Concept

$PHAT isn’t pretending to be a Layer 1 revolution.

It’s a culture coin.

A meme gym.

A place where:

	•	You lift

	•	You snack

	•	You hang out

	•	You win rewards

	•	And the team actually shows up daily

The whole theme is built around “bulking” — both your gains and your community.

🔒 Transparency &amp; Commitment

We know the first question in this sub is:

“Is this going to rug?”

Here’s what matters:

• 12% of total supply locked by the team

• Active dev presence daily

• Live development of features (games + snack bot)

• Public Telegram community

• Weekly raffles funded transparently

No stealth mint.

No shady contract edits.

No silent team.

We’re here building.

🎟️ 0.5 SOL Weekly Raffle

Ever",16,0.94,24,https://www.reddit.com/r/CryptoMoonShots/comments/1r5s3ar/phat_the_gym_where_you_lift_your_bags/,CryptoMoonShots,2026-02-15 22:27:58,0,FAKE,reddit_CryptoMoonShots
Early Stage Gem in Development: BlockThird ($BCT) Building an Investor Toolkit,"BlockThird ($BCT) is an early stage ecosystem in development focused on giving small cap investors actual tools instead of noise. Several features are already available in beta, and the rest are being rolled out over time.

The AI Gem Scanner is live in early form. You paste a contract and get a risk rating with a breakdown. The team is refining accuracy as more data sources get added.

The one click token creator and launchpad are actively being built. The idea is to let creators launch tokens quickly while still applying a review process before anything goes public.

Trading bots are in progress with three strategies planned. Aggressive, conservative, and balanced. Internal testing is underway.

Supply is 1 billion, with 30 percent set aside for the pre sale at 0.01 dollars. FDV at this stage is 10 million. Liquidity will be locked for two years. A community rewards pool is planned for contests, airdrops, and growth campaigns. Half of all platform fees will be used for buys and burns",1,1.0,1,https://www.reddit.com/r/CryptoMoonShots/comments/1r65bno/early_stage_gem_in_development_blockthird_bct/,CryptoMoonShots,2026-02-16 09:38:17,0,FAKE,reddit_CryptoMoonShots
Patos MemeCoins | Flock Fly High!,"🦆 Tokenomics for the Year of the Duck!

Name: PATOS ($PATOS)

Official Site: [PatosMemeCoin.com](http://PatosMemeCoin.com)

Official Subreddit: r/PatosMemeCoin

Purchase Options:

— Solana (SOL), Binance Coin, Ethereum (ETH)

— USDT or USDC on either network

Current Price: $0.000139999993 (first round)

Price increases 7.15% in the next round.

Funds Raised: $116,271

Tokens Sold / Total Token Supply (first round): 830,520,556.11  / 1,111,111,111.11

Total Token Supply: 232B

🌊 CA Address &amp; WhitePaper can be found on front page of Official site (listed above)

# 🚀 Solana Meme Coin Ecosystem's first Chance at a Crypto Mars Shot

As the crypto market enters the peak of Q1 2026, a single truth has emerged: those waiting for ""perfect clarity"" are actively paying for their hesitation. Today, February 13, 2026, marks **Day 56 of the Patos Presale**, and the project has just achieved a milestone that should end the debate for any serious trader.

With the addition of **Biconomy** (a glob",266,1.0,33,https://www.reddit.com/r/CryptoMoonShots/comments/1r4y66x/patos_memecoins_flock_fly_high/,CryptoMoonShots,2026-02-14 22:41:10,0,FAKE,reddit_CryptoMoonShots
Why I'm ALL IN on $YEE?,"Hi guys, this post will have a lot of grammar mistakes because I want to write not with corrector but with my hearth. So, why am I here to speak you abt yee?

I was here in 2020, my journey started here on Cryptomoonshot ahahah. I still remember my first memecoin bought: the DogeFather, and it did quite nice. From that point my bsc journey started, made a lot of friends along the way, and I have a lot of memories of that time.

Late 21, early 22: I remember meme mania and overall market starting to decline, I tried nfts but nothing, no community, there was any type of fun and I only lost hahah. After these latest months of NFTS I stopped doing crypto, for some years.

Early 23: I had Twitter and remember some crypto posts coming in my feed again, so tried to understand if Poocoin was even a thing for charts, but nothing, I discovered everyone was using: Dextools. As soon as I saw that I called my friend saying ""Ehy bro, something is brewing, seems its starting back, memes are coming ba",111,0.99,30,https://www.reddit.com/r/CryptoMoonShots/comments/1r4jg90/why_im_all_in_on_yee/,CryptoMoonShots,2026-02-14 12:29:52,0,FAKE,reddit_CryptoMoonShots
Kraken Expands to XDC Network - USDC Integration Incoming,"🚀Kraken Expands to XDC Network - USDC

Integration Incoming

Kraken integrating USDC deposits and withdrawals on the XDC Network with 0 withdrawal fees is bigger than it looks at first glance.

This is not a new listing announcement. XDC is already tradable on Kraken. What’s happening here is network-level expansion, which is often more important than simple exchange listings.

Stablecoins are the liquidity backbone of crypto. When a major exchange expands USDC support to a specific blockchain, it increases capital efficiency and reduces friction for users moving funds in and out of that ecosystem.

Lower fees mean cheaper transfers.

Native support means no complicated bridging.

Exchange integration means stronger infrastructure validation.

These kinds of updates don’t always cause instant price spikes, but they strengthen the foundation long term. Liquidity access is what allows ecosystems to grow sustainably.

While many traders focus only on short-term pumps, integrations like th",135,1.0,2,https://www.reddit.com/r/CryptoMoonShots/comments/1r4h74y/kraken_expands_to_xdc_network_usdc_integration/,CryptoMoonShots,2026-02-14 10:18:44,0,FAKE,reddit_CryptoMoonShots
"$TRAP Launches Feb 21, A Self-Funding System With Weekly Real-World Rewards","With **$TRAP launching on Feb 21**, the most interesting part isn’t just the narrative, it’s how the mechanics are already built into the protocol. Instead of relying on outside funding or future promises, TrapNet uses a built-in engine called the **Section8 Pool**, which automatically routes **1% of every $TRAP trade** into a continuously growing community fund. This means the system funds itself through real activity rather than one-time incentives or manual allocation.



That fund is actively used, not just stored. **Every Friday**, rewards are distributed to verified users who are actively grinding in real life, confirmed through simple phone-based checks that aim to stay accessible while reducing fake participation. The idea is to connect rewards to consistent effort and participation rather than just capital or early positioning in the market.



Security is also approached with a practical, “street-smart” mindset. The protocol is designed to constantly monitor for scammers, exp",1,1.0,1,https://www.reddit.com/r/CryptoMoonShots/comments/1r5dhce/trap_launches_feb_21_a_selffunding_system_with/,CryptoMoonShots,2026-02-15 12:30:17,0,FAKE,reddit_CryptoMoonShots
"An Insane Investment, At Bargain Prices","Another IRL effort announced the other day in Kendu racing... Kendu's growth continues. But this hasn't been the only thing Kendu has been up to!

There has been Kendu Unleashed events, Kendu Spice selling out all over the US, competitions for Kendu's 2nd birthday and so much more.

Bear in mind this has been such a rough, long few months for crypto and yet announcements don't stop at Kendu, our IRL reign grows larger and larger.

So many coins are dying out, but not Kendu, check social media(X, Stocktwits and Reddit)

Admittedly X is an absolute ghost town right now, but Kendu still shows up on the few posts circulation.

Kendu is a unicorn and we will reach the light sooner rather than later, you cannot keep a project like this down. We were inevitable, just like Doge and Shib were in their eras

But now

**This is Kendu's Era**

We Don't Gamble, We Work

[r/KenduInu\_Ecosystem](/r/KenduInu_Ecosystem/)

ETH: 0xaa95f26e30001251fb905d264Aa7b00eE9dF6C18

SOL: 2nnrviYJRLcf2bXAxpKTRXzccoD",41,0.94,17,https://www.reddit.com/r/CryptoMoonShots/comments/1r49002/an_insane_investment_at_bargain_prices/,CryptoMoonShots,2026-02-14 02:45:52,0,FAKE,reddit_CryptoMoonShots
"SuiBets A complete ecosystem, all registered on the Chain.","$SBETS ,A dapp, a complete ecosystem where all bets are recorded on the blockchain.

Betting You have more than 7 active sports, but at the moment you only have football It offers live betting and features more than 5 betting markets. You have the option of streaming to watch football matches, the next step being more willing to live bet and stream.

You can watch your football games via streaming on the dapp. If you have any problems, you can use Opera web. 

Predictions works more or less like Polymarket where you can create a bet, I created one like ""Will BTC reach 100k in February?"".

You can see in real time how much revenue the platform already has to distribute,The more $SBETS you hold, the more revenue you receive. 

Staking for 7 days you recive 5% APY  

You can copy bets , you can Share  your bets win wen you brinh friends , The platform is taking care of everything to become legal, therefore only 10K of $SBETS can be wagered for legal reasons.

This small ecosystem is a ful",1,1.0,1,https://www.reddit.com/r/CryptoMoonShots/comments/1r4vyz6/suibets_a_complete_ecosystem_all_registered_on/,CryptoMoonShots,2026-02-14 21:08:08,0,FAKE,reddit_CryptoMoonShots
Grass: AI Network Monetizing Your Unused Internet on Solana,"**Fuel the AI Revolution with Grass.**

AI needs massive amounts of data to learn, and **Grass** is the bridge. As a leading DePIN project on Solana, Grass lets you contribute your spare bandwidth to power the next generation of Artificial Intelligence. You provide the rails for AI data collection; we provide the rewards. Secure, decentralized, and entirely passive.

**Why Grass Is Getting Attention**

* **AI × DePIN Combo:** Your bandwidth helps power data pipelines for AI models — and you get paid.
* **Early-Stage Advantage:** Still early, could grow into key infrastructure for AI data sourcing.
* **Actual Passive Income:** Install → run in the background → collect rewards. No mining, no tasks.
* **Extra Bonus:** Use **SEsneMoIYQS6M3w** at signup for **5,000 extra points**.
* **Built on Solana:** Fast, cheap, and well-suited for DePIN scaling.

🛠️ How to Start (Takes \~2 Minutes)

1. Register: [https://app.grass.io/register?referralCode=SEsneMoIYQS6M3w](https://app.grass.io/register?",0,0.5,1,https://www.reddit.com/r/CryptoMoonShots/comments/1r4v5vc/grass_ai_network_monetizing_your_unused_internet/,CryptoMoonShots,2026-02-14 20:34:27,0,FAKE,reddit_CryptoMoonShots
Daily Bitcoin Mining + Crypto Card (Apple Pay) + Free Miner + Task Miner + Simple Earn + Bounty Program — all in one ecosystem,"How would earning Bitcoin every single day sound to you?

Not from trading.  
Not from trying to time the top.  
Not from staring at charts.

Just from producing BTC daily.

Most people don’t struggle in crypto because Bitcoin is bad.  
They struggle because trading is hard.

There’s another way to participate:

**Produce instead of predict.**

---

## ⛏️ Task Miner — start without pressure

If you're new or cautious, you don’t have to buy anything immediately.

The **Task Miner** lets you:

- see daily BTC rewards  
- understand how maintenance works  
- observe performance over time  
- explore the ecosystem before committing  

No emotional entries.  
No guessing market cycles.  
Just learning how mining behaves.

---

# 🚀 START HERE

If you’ve never mined before —  
this is the cleanest entry point.

No upfront purchase required.  
No hardware at home.  
No noise.

👉 https://gomining.com/?ref=ICjK3

If you later decide to buy your first miner, use:

**Promo Code: ICjK3**  
→ +5% ex",1,1.0,1,https://www.reddit.com/r/CryptoMoonShots/comments/1r4ucwg/daily_bitcoin_mining_crypto_card_apple_pay_free/,CryptoMoonShots,2026-02-14 20:01:32,0,FAKE,reddit_CryptoMoonShots
"Enter a Reputable Locked Liquidity Marketplace - Sell Your Locked Liquidity Any Time, Any Chain, Any Size: Magnum Gives You the Best Bid from 150+ verified buyers.","Locked liquidity doesn’t mean lost liquidity — it means unrealized value.

t\[.\]me/sellockedliquidity

Magnum Locked Liquidity Marketplace exists to help founders, teams, and LP holders unlock that value before the official unlock date by connecting them with serious, verified buyers who are actively looking to acquire locked LP positions.

────────────────────────────

Why Magnum

Most locked liquidity sales happen in fragmented OTC chats with no structure, no verification, and no pricing transparency. Sellers waste time, accept weak offers, or take unnecessary risks.

Magnum changes that by providing a reputable, structured marketplace where locked liquidity is treated like a real financial asset.

────────────────────────────

What You Get on Magnum

• 150+ verified buyers competing for locked liquidity

• Market-driven bidding to secure the best possible offer

• Secure escrow-based settlements

• Confidential transactions with no public exposure

• Fast execution without unnecess",1,1.0,1,https://www.reddit.com/r/CryptoMoonShots/comments/1r4qtcz/enter_a_reputable_locked_liquidity_marketplace/,CryptoMoonShots,2026-02-14 17:41:29,0,FAKE,reddit_CryptoMoonShots
You want Alpha drop? here it is..,"A globally known figure with over 113M followers across social media and billions of views worldwide is aligning with the SAIKO INU movement. This is not a rumor. It’s confirmed and it’s happening soon. The kind of attention that shifts markets doesn’t come quietly, and when it lands on a memecoin during a bull cycle, the reaction can be explosive.

The bull market is very close. You can feel sentiment changing, liquidity preparing to rotate, and risk appetite slowly returning. When the switch flips, memecoins historically move the fastest and the hardest. By the time influencers start posting and timelines are flooded with green candles, the early entries are already gone. Right now is the accumulation phase. This is where positions are built before the noise begins.

SAIKO INU is active every single day. 

Daily Spaces on X. 

Based/Doxxed DEV

Strong and growing community. 

Real discussions, real conviction, real consistency. 

This isn’t a ghost project that wakes up only on pump ",14,1.0,13,https://www.reddit.com/r/CryptoMoonShots/comments/1r42bs6/you_want_alpha_drop_here_it_is/,CryptoMoonShots,2026-02-13 21:52:20,0,FAKE,reddit_CryptoMoonShots
Solfart Meme Coin $193K raised. 6 CEX listings. A $16K whale buy.,"* Website: [solfart coin website](https://www.solfart.io)
* Community: reddit.com/r/Solfart (4900 redditors)

No story. No feelings. Just everything I've verified on Solfart ($SOLF). You decide.

Been going through solana presales and meme coin presales for weeks trying to find something that isn't just vibes and a Telegram link. Most of it's noise. This one had data I could actually check.

**Presale right now:**

* $193,320 raised, 1,276 wallets
* $0.000203 per token (Stage 2 of 16)
* 951,913,501 tokens sold out of 1,957,420,202 this round
* 47.78% of Stage 2 remaining
* Next stage: $0.000250 (+22.96%)
* CEX listing target: $0.0017143 (742% from current)
* 100B total supply, fixed, no mint
* Accepts SOL, ETH, BNB, USDT, USDC, credit cards

At sub-$0.001 this is the best penny cryptocurrency to invest in 2026. Whether that's smart or stupid depends entirely on what happens next. Here's the case for smart:

**Verified whale buys:**

* $16,655 single buy (16 BNB). BSCScan: 0x8cedf64bbf0",253,0.96,6,https://www.reddit.com/r/CryptoMoonShots/comments/1r3loz2/solfart_meme_coin_193k_raised_6_cex_listings_a/,CryptoMoonShots,2026-02-13 10:25:14,0,FAKE,reddit_CryptoMoonShots
the Most Obvious Narrative,"[PumpMindVirus](https://pmvmeme.com/) **$PMV on Solana**  
  
Every cycle has one dominant narrative. It is not always the loudest or the most promoted. It is the one that spreads naturally and grabs attention without forcing it.

Right now, PumpMindVirus looks like that narrative.

It fits cycle psychology. Memecoins are not driven by fundamentals. They run on belief, social contagion, and momentum. PumpMindVirus embraces that. It does not pretend to be infrastructure or long term utility. It reflects what the memecoin space is built on, which is virality and speed.

It also fits Solana. Solana is one of the fastest retail environments in crypto. Low fees and high throughput create constant rotation. A “virus” spreading through the ecosystem feels native, not forced. PumpMindVirus amplifies the chains identity instead of trying to change it.

It is simple and memetic by design. The idea of a virus is easy to understand. It needs no complex explenation. That makes it easy to remix and ",4,0.83,3,https://www.reddit.com/r/CryptoMoonShots/comments/1r45i0k/the_most_obvious_narrative/,CryptoMoonShots,2026-02-14 00:05:37,0,FAKE,reddit_CryptoMoonShots
"$TRAP Launches Feb 21, Built-In Engine, Weekly Payouts, and Active Protection","With $TRAP set to launch on Feb 21, what stands out most is that the core mechanics are already defined rather than left as future promises. The protocol includes a built-in engine called the Section8 Pool, which automatically routes 1% of every $TRAP trade into a continuously growing community fund. This means the system funds itself through activity instead of relying on outside injections or temporary incentives.

That fund isn’t passive either. Every Friday, rewards are automatically distributed to verified users who are actively grinding in real life, confirmed through simple phone-based checks designed to keep things accessible while discouraging obvious abuse. The focus is on consistent participation rather than just holding tokens or timing the market.

Security is also approached with a realistic, street-smart mindset. The protocol is designed to constantly watch for scammers, exploits, and bad actors attempting to game the system, rather than assuming perfect behavior. Combin",4,1.0,1,https://www.reddit.com/r/CryptoMoonShots/comments/1r42494/trap_launches_feb_21_builtin_engine_weekly/,CryptoMoonShots,2026-02-13 21:43:59,0,FAKE,reddit_CryptoMoonShots
Bernstein Keeps $150K Bitcoin Target for 2026 — But Where Does Real Asymmetry Come From Now?,"Bernstein just reaffirmed its $150,000 Bitcoin target for 2026, even after BTC dropped nearly 50% from its $126K high.

Their reasoning:

• ETF outflows remain relatively limited

• No structural breakdown in Bitcoin’s trend

• Institutional accumulation still visible

Meanwhile, wallet infrastructure continues evolving. RGB integrations and client-side validation upgrades are strengthening Bitcoin’s long-term architecture.

So from a fundamentals perspective, BTC looks structurally intact.

But here’s the bigger question:

If Bitcoin moves from \~$68K to $150K, that’s roughly a 2x.

In this cycle, where does asymmetric upside realistically come from?

Some investors are rotating small allocations into earlier-stage projects and presales, especially those trying to combine meme appeal with actual utility components.

For example, certain Ethereum-based meme presales are experimenting with:

• Live swap demos

• Staking models

• Cross-chain tools in development

• Exchange-style infras",1,1.0,1,https://www.reddit.com/r/CryptoMoonShots/comments/1r413uz/bernstein_keeps_150k_bitcoin_target_for_2026_but/,CryptoMoonShots,2026-02-13 21:04:13,0,FAKE,reddit_CryptoMoonShots
"r/401jK is now a Top 25 Subreddit. MC belongs in the top 25 of memecoins as well, and is sure to follow.","Working r/401jK up to being ranked #22 in crypto subreddits is the culmination of 7 months of fine tuning our branding to achieve the vision and Fighting organically to get 401jK on the proper eyes... Along with just trying to get lots of eyes on 401jK in general.

Just like the rigged financial systems 401jK is seeking about informing.....   
The crypto space has devolved into something just as bad...

Only people with insider connections and $$ are able to get their projects noticed.

401jK has done something that no other project and community has done so far in the crypto space and that's make informative statements while reaching to people outside of crypto which is where the real target audience lies who resonate hardcore.

And in addition we are just hitting our stride. Besides Doge coin there is no other ""meme"" token that resides in the top 25 of crypto subreddits. Oh yeah Doge is valued at 15 billion mc right now...

Welcome to r/401jK.

If you are new in here... and you reson",23,0.83,19,https://www.reddit.com/r/CryptoMoonShots/comments/1r3c5u3/r401jk_is_now_a_top_25_subreddit_mc_belongs_in/,CryptoMoonShots,2026-02-13 01:44:49,0,FAKE,reddit_CryptoMoonShots
"🐸 Litecoin &amp; Kraken Support for $PEP! Next Milestone: Binance, Coinbase &amp; OKX","At first, no one believed in Dogecoin. Today, it has become one of the most recognized meme coins in crypto history. Many people don’t realize that Dogecoin is closely connected to PEP’s roots, and one of PEP’s developers was also involved in Dogecoin’s development, showing that PEP carries experience from one of the most successful community-driven projects in crypto. As many community members have also pointed out, 

Binance mining activity involving PEP is starting to get noticed, which adds more speculation and excitement around potential future exposure.

Now, $PEP is starting to build its own momentum.

• Kraken continues to actively support and promote PEP after listing

• Litecoin’s official community and social channels have acknowledged and supported PEP 👀

That combination of exchange exposure and cross-community recognition is a strong sign that the project is gaining serious attention beyond its core holders.

Because of this growing momentum, the community is now setting ",29,1.0,8,https://www.reddit.com/r/CryptoMoonShots/comments/1r38q27/litecoin_kraken_support_for_pep_next_milestone/,CryptoMoonShots,2026-02-12 23:14:19,0,FAKE,reddit_CryptoMoonShots
